seqn,age,age_group,age_10,sex,race_eth,bmi,bmi_cat,bmi_5,sbp_mean,dbp_mean,bp_med,htn,htn_label,htn_jnc7
109266,29,21-39,2.9,Female,Non-Hispanic Asian,37.8,Obesity class 2-3 (35+),7.56,99,54.333333333333336,0,0,No hypertension,0
109271,49,40-59,4.9,Male,Non-Hispanic White,29.7,Overweight (25-29.9),5.9399999999999995,107,67,0,0,No hypertension,0
109273,36,21-39,3.6,Male,Non-Hispanic White,21.9,Healthy weight (18.5-24.9),4.38,113.66666666666667,67.33333333333333,0,0,No hypertension,0
109274,68,60-79,6.8,Male,Other/Multiracial,30.2,Obesity class 1 (30-34.9),6.04,134,70,1,1,Hypertension,1
109282,76,60-79,7.6,Male,Non-Hispanic White,26.6,Overweight (25-29.9),5.32,139.33333333333334,72.66666666666667,1,1,Hypertension,1
109290,68,60-79,6.8,Female,Non-Hispanic Black,28.1,Overweight (25-29.9),5.62,121.33333333333333,60.333333333333336,1,1,Hypertension,1
109291,42,40-59,4.2,Female,Non-Hispanic Asian,31.3,Obesity class 1 (30-34.9),6.26,108.33333333333333,75.66666666666667,0,0,No hypertension,0
109292,58,40-59,5.8,Male,Other Hispanic,30.5,Obesity class 1 (30-34.9),6.1,138,97,1,1,Hypertension,1
109293,44,40-59,4.4,Male,Non-Hispanic White,30.1,Obesity class 1 (30-34.9),6.0200000000000005,128.66666666666666,83.66666666666667,0,1,Hypertension,0
109295,54,40-59,5.4,Female,Mexican American,24.9,Healthy weight (18.5-24.9),4.9799999999999995,159,93.33333333333333,0,1,Hypertension,1
109297,30,21-39,3,Female,Non-Hispanic Asian,23.2,Healthy weight (18.5-24.9),4.64,104,69.66666666666667,0,0,No hypertension,0
109298,68,60-79,6.8,Male,Non-Hispanic White,34.2,Obesity class 1 (30-34.9),6.840000000000001,92.33333333333333,50.333333333333336,1,1,Hypertension,1
109300,54,40-59,5.4,Female,Non-Hispanic Asian,29.6,Overweight (25-29.9),5.92,162.33333333333334,94,0,1,Hypertension,1
109305,55,40-59,5.5,Male,Non-Hispanic Asian,20.9,Healthy weight (18.5-24.9),4.18,119.66666666666667,75,0,0,No hypertension,0
109307,47,40-59,4.7,Male,Non-Hispanic Asian,24.6,Healthy weight (18.5-24.9),4.92,115,68.33333333333333,0,0,No hypertension,0
109312,48,40-59,4.8,Female,Non-Hispanic White,23.9,Healthy weight (18.5-24.9),4.779999999999999,104,62.333333333333336,0,0,No hypertension,0
109313,63,60-79,6.3,Male,Non-Hispanic White,25.2,Overweight (25-29.9),5.04,108.66666666666667,70.66666666666667,0,0,No hypertension,0
109315,30,21-39,3,Female,Non-Hispanic Black,31.8,Obesity class 1 (30-34.9),6.36,122,84.33333333333333,0,1,Hypertension,0
109316,62,60-79,6.2,Female,Non-Hispanic Black,30.5,Obesity class 1 (30-34.9),6.1,140.33333333333334,82.66666666666667,1,1,Hypertension,1
109317,28,21-39,2.8,Female,Non-Hispanic Black,30.1,Obesity class 1 (30-34.9),6.0200000000000005,110,74.33333333333333,0,0,No hypertension,0
109319,22,21-39,2.2,Male,Non-Hispanic Black,30.5,Obesity class 1 (30-34.9),6.1,125,76,0,0,No hypertension,0
109324,49,40-59,4.9,Female,Non-Hispanic White,24,Healthy weight (18.5-24.9),4.8,113.33333333333333,71,1,1,Hypertension,1
109326,44,40-59,4.4,Female,Non-Hispanic White,21.6,Healthy weight (18.5-24.9),4.32,105,62,0,0,No hypertension,0
109327,58,40-59,5.8,Female,Mexican American,23.7,Healthy weight (18.5-24.9),4.74,115.33333333333333,69,0,0,No hypertension,0
109330,76,60-79,7.6,Male,Non-Hispanic Asian,23.3,Healthy weight (18.5-24.9),4.66,124.33333333333333,71.33333333333333,1,1,Hypertension,1
109332,33,21-39,3.3,Male,Other Hispanic,33.2,Obesity class 1 (30-34.9),6.640000000000001,107.66666666666667,66,0,0,No hypertension,0
109333,41,40-59,4.1,Female,Other Hispanic,26.4,Overweight (25-29.9),5.279999999999999,108.66666666666667,65.33333333333333,0,0,No hypertension,0
109334,54,40-59,5.4,Female,Non-Hispanic White,24.5,Healthy weight (18.5-24.9),4.9,115,66,0,0,No hypertension,0
109335,55,40-59,5.5,Female,Non-Hispanic Black,39.6,Obesity class 2-3 (35+),7.92,105.66666666666667,76,1,1,Hypertension,1
109336,35,21-39,3.5,Male,Mexican American,33.5,Obesity class 1 (30-34.9),6.7,157.66666666666666,99.33333333333333,0,1,Hypertension,1
109337,48,40-59,4.8,Female,Non-Hispanic Black,38.5,Obesity class 2-3 (35+),7.7,104.33333333333333,72,0,0,No hypertension,0
109340,44,40-59,4.4,Male,Other/Multiracial,46.2,Obesity class 2-3 (35+),9.24,161.66666666666666,109.33333333333333,0,1,Hypertension,1
109342,43,40-59,4.3,Female,Non-Hispanic White,35.5,Obesity class 2-3 (35+),7.1,103,68,0,0,No hypertension,0
109346,23,21-39,2.3,Female,Non-Hispanic Black,55.1,Obesity class 2-3 (35+),11.02,112,77.33333333333333,0,0,No hypertension,0
109348,63,60-79,6.3,Female,Non-Hispanic White,19.6,Healthy weight (18.5-24.9),3.9200000000000004,162.66666666666666,82,0,1,Hypertension,1
109350,59,40-59,5.9,Male,Non-Hispanic White,36.6,Obesity class 2-3 (35+),7.32,117.33333333333333,75.66666666666667,1,1,Hypertension,1
109351,58,40-59,5.8,Male,Non-Hispanic Black,23.6,Healthy weight (18.5-24.9),4.720000000000001,149,74,0,1,Hypertension,1
109353,46,40-59,4.6,Female,Non-Hispanic Asian,21.4,Healthy weight (18.5-24.9),4.279999999999999,137.33333333333334,79.66666666666667,0,1,Hypertension,0
109365,49,40-59,4.9,Female,Other Hispanic,32,Obesity class 1 (30-34.9),6.4,124.33333333333333,86.66666666666667,0,1,Hypertension,0
109371,62,60-79,6.2,Male,Non-Hispanic Asian,29.3,Overweight (25-29.9),5.86,126.33333333333333,75,1,1,Hypertension,1
109373,30,21-39,3,Female,Non-Hispanic White,27.2,Overweight (25-29.9),5.4399999999999995,111.66666666666667,82.66666666666667,0,1,Hypertension,0
109377,41,40-59,4.1,Male,Non-Hispanic White,29.4,Overweight (25-29.9),5.88,127.33333333333333,81,0,1,Hypertension,0
109378,36,21-39,3.6,Male,Non-Hispanic White,29.9,Overweight (25-29.9),5.9799999999999995,132.33333333333334,85.66666666666667,0,1,Hypertension,0
109382,70,60-79,7,Female,Mexican American,35.8,Obesity class 2-3 (35+),7.159999999999999,114,62.666666666666664,1,1,Hypertension,1
109389,56,40-59,5.6,Male,Other/Multiracial,26.3,Overweight (25-29.9),5.26,135.33333333333334,82,0,1,Hypertension,0
109390,44,40-59,4.4,Female,Non-Hispanic Black,38.2,Obesity class 2-3 (35+),7.640000000000001,131.66666666666666,89.66666666666667,1,1,Hypertension,1
109392,79,60-79,7.9,Male,Mexican American,24.8,Healthy weight (18.5-24.9),4.96,156.66666666666666,61.333333333333336,1,1,Hypertension,1
109393,76,60-79,7.6,Male,Non-Hispanic Black,21.5,Healthy weight (18.5-24.9),4.3,186,77,1,1,Hypertension,1
109394,29,21-39,2.9,Female,Non-Hispanic Black,31.7,Obesity class 1 (30-34.9),6.34,116.33333333333333,71,0,0,No hypertension,0
109395,56,40-59,5.6,Male,Non-Hispanic Black,24,Healthy weight (18.5-24.9),4.8,136.66666666666666,83.33333333333333,0,1,Hypertension,0
109397,47,40-59,4.7,Female,Non-Hispanic White,49,Obesity class 2-3 (35+),9.8,119.33333333333333,77,1,1,Hypertension,1
109403,30,21-39,3,Male,Other/Multiracial,27.1,Overweight (25-29.9),5.42,126,78.33333333333333,0,0,No hypertension,0
109404,23,21-39,2.3,Female,Other Hispanic,30.7,Obesity class 1 (30-34.9),6.14,107.33333333333333,68.33333333333333,0,0,No hypertension,0
109405,32,21-39,3.2,Female,Mexican American,24.2,Healthy weight (18.5-24.9),4.84,92.66666666666667,56,0,0,No hypertension,0
109408,51,40-59,5.1,Male,Non-Hispanic Black,40,Obesity class 2-3 (35+),8,149,116.66666666666667,1,1,Hypertension,1
109411,55,40-59,5.5,Female,Non-Hispanic Black,20.2,Healthy weight (18.5-24.9),4.04,115,74.33333333333333,0,0,No hypertension,0
109413,59,40-59,5.9,Female,Non-Hispanic Asian,28.7,Overweight (25-29.9),5.74,131.66666666666666,79.33333333333333,1,1,Hypertension,1
109414,62,60-79,6.2,Female,Mexican American,36.4,Obesity class 2-3 (35+),7.279999999999999,102.33333333333333,71,1,1,Hypertension,1
109415,61,60-79,6.1,Female,Non-Hispanic Black,42.8,Obesity class 2-3 (35+),8.559999999999999,136.33333333333334,79.66666666666667,1,1,Hypertension,1
109426,61,60-79,6.1,Female,Non-Hispanic Asian,27.9,Overweight (25-29.9),5.58,129.66666666666666,79.66666666666667,1,1,Hypertension,1
109429,27,21-39,2.7,Male,Non-Hispanic White,19.6,Healthy weight (18.5-24.9),3.9200000000000004,100.66666666666667,62,0,0,No hypertension,0
109431,45,40-59,4.5,Female,Other Hispanic,30.3,Obesity class 1 (30-34.9),6.0600000000000005,116.66666666666667,75.66666666666667,0,0,No hypertension,0
109432,44,40-59,4.4,Female,Non-Hispanic Black,19.8,Healthy weight (18.5-24.9),3.96,109,68,0,0,No hypertension,0
109439,59,40-59,5.9,Female,Non-Hispanic Black,32.6,Obesity class 1 (30-34.9),6.5200000000000005,179.33333333333334,85.33333333333333,0,1,Hypertension,1
109444,21,21-39,2.1,Male,Non-Hispanic Black,21.7,Healthy weight (18.5-24.9),4.34,113,67.33333333333333,0,0,No hypertension,0
109447,25,21-39,2.5,Female,Non-Hispanic White,26.3,Overweight (25-29.9),5.26,111,53.333333333333336,0,0,No hypertension,0
109450,29,21-39,2.9,Male,Other/Multiracial,21.5,Healthy weight (18.5-24.9),4.3,117,56,0,0,No hypertension,0
109454,25,21-39,2.5,Female,Non-Hispanic Black,50.9,Obesity class 2-3 (35+),10.18,117,89.66666666666667,0,1,Hypertension,0
109455,40,40-59,4,Male,Non-Hispanic White,25.9,Overweight (25-29.9),5.18,125.33333333333333,86.33333333333333,0,1,Hypertension,0
109457,76,60-79,7.6,Male,Non-Hispanic White,32.7,Obesity class 1 (30-34.9),6.540000000000001,145.66666666666666,70.66666666666667,1,1,Hypertension,1
109459,32,21-39,3.2,Male,Non-Hispanic Asian,43.3,Obesity class 2-3 (35+),8.66,108.33333333333333,79.33333333333333,0,0,No hypertension,0
109464,30,21-39,3,Male,Non-Hispanic Asian,31.8,Obesity class 1 (30-34.9),6.36,107.33333333333333,67.33333333333333,0,0,No hypertension,0
109466,40,40-59,4,Male,Mexican American,26.2,Overweight (25-29.9),5.24,124.66666666666667,79,0,0,No hypertension,0
109467,21,21-39,2.1,Male,Non-Hispanic White,36.3,Obesity class 2-3 (35+),7.26,121.33333333333333,62.333333333333336,0,0,No hypertension,0
109468,60,60-79,6,Male,Non-Hispanic White,43,Obesity class 2-3 (35+),8.6,132,67,0,1,Hypertension,0
109472,34,21-39,3.4,Male,Mexican American,35.7,Obesity class 2-3 (35+),7.140000000000001,112.33333333333333,66.33333333333333,0,0,No hypertension,0
109478,27,21-39,2.7,Female,Non-Hispanic White,26.1,Overweight (25-29.9),5.220000000000001,122.33333333333333,80.33333333333333,0,1,Hypertension,0
109480,30,21-39,3,Male,Non-Hispanic Black,61.9,Obesity class 2-3 (35+),12.379999999999999,111,82.5,0,1,Hypertension,0
109481,60,60-79,6,Male,Other Hispanic,27.7,Overweight (25-29.9),5.54,126.33333333333333,77.33333333333333,0,0,No hypertension,0
109482,48,40-59,4.8,Female,Non-Hispanic White,27.8,Overweight (25-29.9),5.5600000000000005,104,67,0,0,No hypertension,0
109483,76,60-79,7.6,Female,Non-Hispanic White,38.7,Obesity class 2-3 (35+),7.74,125.33333333333333,73.33333333333333,1,1,Hypertension,1
109486,65,60-79,6.5,Male,Other Hispanic,27.4,Overweight (25-29.9),5.4799999999999995,133,75,1,1,Hypertension,1
109488,40,40-59,4,Male,Non-Hispanic Black,26.6,Overweight (25-29.9),5.32,114.66666666666667,66.66666666666667,0,0,No hypertension,0
109495,52,40-59,5.2,Male,Non-Hispanic White,34.9,Obesity class 1 (30-34.9),6.9799999999999995,116.66666666666667,69.33333333333333,1,1,Hypertension,1
109496,50,40-59,5,Male,Non-Hispanic White,38.5,Obesity class 2-3 (35+),7.7,125.33333333333333,75.33333333333333,0,0,No hypertension,0
109497,48,40-59,4.8,Female,Non-Hispanic Black,29.6,Overweight (25-29.9),5.92,118.33333333333333,75,0,0,No hypertension,0
109501,45,40-59,4.5,Male,Mexican American,34.6,Obesity class 1 (30-34.9),6.92,131.66666666666666,92.66666666666667,1,1,Hypertension,1
109502,29,21-39,2.9,Female,Mexican American,30,Obesity class 1 (30-34.9),6,109.66666666666667,72.66666666666667,0,0,No hypertension,0
109503,71,60-79,7.1,Male,Non-Hispanic White,27.4,Overweight (25-29.9),5.4799999999999995,123.33333333333333,85.33333333333333,0,1,Hypertension,0
109504,53,40-59,5.3,Male,Non-Hispanic Black,29,Overweight (25-29.9),5.8,118.66666666666667,81.66666666666667,0,1,Hypertension,0
109508,39,21-39,3.9,Female,Non-Hispanic White,38.2,Obesity class 2-3 (35+),7.640000000000001,119.33333333333333,85.66666666666667,0,1,Hypertension,0
109510,28,21-39,2.8,Male,Non-Hispanic Asian,24.7,Healthy weight (18.5-24.9),4.9399999999999995,119.33333333333333,62.333333333333336,0,0,No hypertension,0
109512,42,40-59,4.2,Male,Non-Hispanic Black,38.5,Obesity class 2-3 (35+),7.7,109.33333333333333,62,0,0,No hypertension,0
109513,48,40-59,4.8,Female,Non-Hispanic White,46,Obesity class 2-3 (35+),9.2,109.33333333333333,81.33333333333333,0,1,Hypertension,0
109518,25,21-39,2.5,Female,Non-Hispanic Asian,26.1,Overweight (25-29.9),5.220000000000001,114.33333333333333,79.33333333333333,0,0,No hypertension,0
109519,55,40-59,5.5,Male,Non-Hispanic Black,42.4,Obesity class 2-3 (35+),8.48,149.33333333333334,92,0,1,Hypertension,1
109526,31,21-39,3.1,Female,Non-Hispanic Black,38.9,Obesity class 2-3 (35+),7.779999999999999,112.33333333333333,76,0,0,No hypertension,0
109527,69,60-79,6.9,Female,Non-Hispanic Black,22.9,Healthy weight (18.5-24.9),4.58,138.66666666666666,54.333333333333336,0,1,Hypertension,0
109530,49,40-59,4.9,Female,Mexican American,32.8,Obesity class 1 (30-34.9),6.56,106,68,0,0,No hypertension,0
109532,70,60-79,7,Male,Non-Hispanic White,29.1,Overweight (25-29.9),5.82,105.33333333333333,57.333333333333336,0,0,No hypertension,0
109536,48,40-59,4.8,Female,Non-Hispanic White,24,Healthy weight (18.5-24.9),4.8,117.66666666666667,67.66666666666667,0,0,No hypertension,0
109538,66,60-79,6.6,Female,Non-Hispanic White,30.2,Obesity class 1 (30-34.9),6.04,113,74,0,0,No hypertension,0
109541,35,21-39,3.5,Female,Non-Hispanic Black,32.7,Obesity class 1 (30-34.9),6.540000000000001,137.66666666666666,92.66666666666667,0,1,Hypertension,1
109544,76,60-79,7.6,Female,Non-Hispanic White,42.1,Obesity class 2-3 (35+),8.42,157.33333333333334,76,0,1,Hypertension,1
109545,36,21-39,3.6,Female,Non-Hispanic Asian,31.8,Obesity class 1 (30-34.9),6.36,131.66666666666666,91.33333333333333,1,1,Hypertension,1
109548,25,21-39,2.5,Female,Non-Hispanic Black,42.1,Obesity class 2-3 (35+),8.42,106,63,0,0,No hypertension,0
109549,22,21-39,2.2,Male,Non-Hispanic White,35.7,Obesity class 2-3 (35+),7.140000000000001,121,79,0,0,No hypertension,0
109550,64,60-79,6.4,Female,Non-Hispanic White,37.3,Obesity class 2-3 (35+),7.459999999999999,108,70.33333333333333,0,0,No hypertension,0
109551,65,60-79,6.5,Male,Other/Multiracial,23.1,Healthy weight (18.5-24.9),4.62,97.66666666666667,59.666666666666664,1,1,Hypertension,1
109552,74,60-79,7.4,Male,Non-Hispanic White,34,Obesity class 1 (30-34.9),6.8,153.66666666666666,77,1,1,Hypertension,1
109554,21,21-39,2.1,Male,Non-Hispanic Black,19.5,Healthy weight (18.5-24.9),3.9,123.66666666666667,69,0,0,No hypertension,0
109555,22,21-39,2.2,Female,Non-Hispanic Asian,19.6,Healthy weight (18.5-24.9),3.9200000000000004,104.33333333333333,66.66666666666667,0,0,No hypertension,0
109558,57,40-59,5.7,Male,Non-Hispanic White,29.1,Overweight (25-29.9),5.82,96.33333333333333,58.333333333333336,1,1,Hypertension,1
109560,34,21-39,3.4,Male,Mexican American,27,Overweight (25-29.9),5.4,112.33333333333333,68.33333333333333,0,0,No hypertension,0
109563,36,21-39,3.6,Female,Mexican American,39.1,Obesity class 2-3 (35+),7.82,100,73.33333333333333,0,0,No hypertension,0
109567,49,40-59,4.9,Male,Non-Hispanic White,29.5,Overweight (25-29.9),5.9,117,60,0,0,No hypertension,0
109568,32,21-39,3.2,Female,Non-Hispanic Black,43.6,Obesity class 2-3 (35+),8.72,129.66666666666666,82.33333333333333,1,1,Hypertension,1
109570,78,60-79,7.8,Female,Non-Hispanic White,25.5,Overweight (25-29.9),5.1,114,54.333333333333336,1,1,Hypertension,1
109571,28,21-39,2.8,Female,Other/Multiracial,35.6,Obesity class 2-3 (35+),7.12,105.33333333333333,71,0,0,No hypertension,0
109574,55,40-59,5.5,Female,Non-Hispanic Asian,22.4,Healthy weight (18.5-24.9),4.4799999999999995,117.33333333333333,73,0,0,No hypertension,0
109579,42,40-59,4.2,Female,Non-Hispanic White,27.2,Overweight (25-29.9),5.4399999999999995,106.66666666666667,70.66666666666667,0,0,No hypertension,0
109580,39,21-39,3.9,Female,Non-Hispanic Black,23.4,Healthy weight (18.5-24.9),4.68,140.66666666666666,88.66666666666667,0,1,Hypertension,1
109581,43,40-59,4.3,Male,Non-Hispanic White,27.9,Overweight (25-29.9),5.58,131.33333333333334,83.66666666666667,0,1,Hypertension,0
109587,74,60-79,7.4,Female,Non-Hispanic White,40.2,Obesity class 2-3 (35+),8.040000000000001,145,77.66666666666667,0,1,Hypertension,1
109588,71,60-79,7.1,Male,Non-Hispanic White,21.3,Healthy weight (18.5-24.9),4.26,109.66666666666667,70,0,0,No hypertension,0
109590,37,21-39,3.7,Male,Non-Hispanic Black,22.3,Healthy weight (18.5-24.9),4.46,121.33333333333333,72.66666666666667,0,0,No hypertension,0
109591,68,60-79,6.8,Male,Mexican American,29.8,Overweight (25-29.9),5.96,141.33333333333334,79.66666666666667,1,1,Hypertension,1
109593,52,40-59,5.2,Male,Other/Multiracial,25,Overweight (25-29.9),5,119.33333333333333,77.33333333333333,0,0,No hypertension,0
109594,79,60-79,7.9,Male,Non-Hispanic White,21.7,Healthy weight (18.5-24.9),4.34,160.33333333333334,62.333333333333336,0,1,Hypertension,1
109597,70,60-79,7,Female,Other/Multiracial,32,Obesity class 1 (30-34.9),6.4,143.66666666666666,89.66666666666667,1,1,Hypertension,1
109598,25,21-39,2.5,Male,Non-Hispanic White,25.9,Overweight (25-29.9),5.18,145,84.66666666666667,0,1,Hypertension,1
109601,30,21-39,3,Male,Non-Hispanic White,33.5,Obesity class 1 (30-34.9),6.7,113.66666666666667,75,0,0,No hypertension,0
109602,43,40-59,4.3,Female,Other Hispanic,30.8,Obesity class 1 (30-34.9),6.16,109.33333333333333,77.33333333333333,0,0,No hypertension,0
109606,32,21-39,3.2,Female,Non-Hispanic Black,22.2,Healthy weight (18.5-24.9),4.4399999999999995,120,78.66666666666667,1,1,Hypertension,1
109607,63,60-79,6.3,Male,Mexican American,23.2,Healthy weight (18.5-24.9),4.64,129,81.33333333333333,0,1,Hypertension,0
109608,54,40-59,5.4,Female,Non-Hispanic White,19.5,Healthy weight (18.5-24.9),3.9,126.33333333333333,73.33333333333333,0,0,No hypertension,0
109610,78,60-79,7.8,Male,Non-Hispanic Black,32.6,Obesity class 1 (30-34.9),6.5200000000000005,113.66666666666667,47,1,1,Hypertension,1
109611,55,40-59,5.5,Male,Non-Hispanic Black,21.2,Healthy weight (18.5-24.9),4.24,113,65.66666666666667,1,1,Hypertension,1
109612,75,60-79,7.5,Male,Non-Hispanic Black,29.8,Overweight (25-29.9),5.96,147.33333333333334,83,1,1,Hypertension,1
109615,65,60-79,6.5,Female,Non-Hispanic Black,28,Overweight (25-29.9),5.6,127.33333333333333,86,1,1,Hypertension,1
109617,64,60-79,6.4,Male,Mexican American,25.6,Overweight (25-29.9),5.12,155,85.33333333333333,0,1,Hypertension,1
109620,59,40-59,5.9,Female,Other Hispanic,33.1,Obesity class 1 (30-34.9),6.62,134.33333333333334,65,1,1,Hypertension,1
109623,31,21-39,3.1,Female,Non-Hispanic Asian,18.8,Healthy weight (18.5-24.9),3.7600000000000002,100,65,0,0,No hypertension,0
109626,61,60-79,6.1,Male,Other Hispanic,31.9,Obesity class 1 (30-34.9),6.38,107.33333333333333,63.333333333333336,0,0,No hypertension,0
109628,39,21-39,3.9,Female,Other Hispanic,43,Obesity class 2-3 (35+),8.6,130,92,0,1,Hypertension,1
109629,40,40-59,4,Male,Non-Hispanic Black,19.6,Healthy weight (18.5-24.9),3.9200000000000004,121.33333333333333,79.33333333333333,0,0,No hypertension,0
109630,56,40-59,5.6,Female,Non-Hispanic White,35.7,Obesity class 2-3 (35+),7.140000000000001,134.33333333333334,86.66666666666667,0,1,Hypertension,0
109634,62,60-79,6.2,Female,Mexican American,23.3,Healthy weight (18.5-24.9),4.66,106,66.33333333333333,0,0,No hypertension,0
109635,40,40-59,4,Female,Mexican American,33.6,Obesity class 1 (30-34.9),6.720000000000001,104.33333333333333,75.66666666666667,0,0,No hypertension,0
109637,46,40-59,4.6,Female,Non-Hispanic Black,29.7,Overweight (25-29.9),5.9399999999999995,110,71.66666666666667,0,0,No hypertension,0
109638,48,40-59,4.8,Female,Non-Hispanic White,43.6,Obesity class 2-3 (35+),8.72,124,85.33333333333333,1,1,Hypertension,1
109639,42,40-59,4.2,Female,Non-Hispanic White,28.3,Overweight (25-29.9),5.66,111.33333333333333,73.66666666666667,0,0,No hypertension,0
109645,62,60-79,6.2,Female,Other Hispanic,29.9,Overweight (25-29.9),5.9799999999999995,132.33333333333334,77.66666666666667,1,1,Hypertension,1
109656,60,60-79,6,Female,Mexican American,40.8,Obesity class 2-3 (35+),8.16,110.66666666666667,65.33333333333333,0,0,No hypertension,0
109657,33,21-39,3.3,Female,Non-Hispanic White,26.2,Overweight (25-29.9),5.24,111,68.33333333333333,0,0,No hypertension,0
109661,23,21-39,2.3,Male,Non-Hispanic White,26.8,Overweight (25-29.9),5.36,105,68,0,0,No hypertension,0
109662,32,21-39,3.2,Male,Other Hispanic,25.5,Overweight (25-29.9),5.1,144.66666666666666,87,0,1,Hypertension,1
109664,22,21-39,2.2,Male,Non-Hispanic Black,28.4,Overweight (25-29.9),5.68,101.33333333333333,55.333333333333336,0,0,No hypertension,0
109665,42,40-59,4.2,Female,Non-Hispanic White,37,Obesity class 2-3 (35+),7.4,120,69.33333333333333,0,0,No hypertension,0
109667,64,60-79,6.4,Male,Mexican American,27.6,Overweight (25-29.9),5.5200000000000005,188.66666666666666,100.33333333333333,0,1,Hypertension,1
109669,59,40-59,5.9,Male,Non-Hispanic Black,22.1,Healthy weight (18.5-24.9),4.42,177,100,1,1,Hypertension,1
109673,34,21-39,3.4,Male,Mexican American,28.6,Overweight (25-29.9),5.720000000000001,111,68,0,0,No hypertension,0
109675,51,40-59,5.1,Female,Non-Hispanic Asian,25.7,Overweight (25-29.9),5.14,141.66666666666666,91.66666666666667,0,1,Hypertension,1
109676,64,60-79,6.4,Female,Non-Hispanic White,24.6,Healthy weight (18.5-24.9),4.92,141,82.66666666666667,0,1,Hypertension,1
109677,76,60-79,7.6,Female,Other Hispanic,36.6,Obesity class 2-3 (35+),7.32,127.66666666666667,65.66666666666667,1,1,Hypertension,1
109678,32,21-39,3.2,Female,Non-Hispanic White,19,Healthy weight (18.5-24.9),3.8,95.33333333333333,75,0,0,No hypertension,0
109679,28,21-39,2.8,Male,Other/Multiracial,26.6,Overweight (25-29.9),5.32,105.33333333333333,66.33333333333333,0,0,No hypertension,0
109685,38,21-39,3.8,Male,Non-Hispanic Asian,23,Healthy weight (18.5-24.9),4.6,127.66666666666667,85.33333333333333,0,1,Hypertension,0
109686,60,60-79,6,Male,Non-Hispanic Asian,28.9,Overweight (25-29.9),5.779999999999999,153,95.33333333333333,0,1,Hypertension,1
109687,37,21-39,3.7,Female,Non-Hispanic White,21.3,Healthy weight (18.5-24.9),4.26,93.33333333333333,59.333333333333336,0,0,No hypertension,0
109691,26,21-39,2.6,Female,Non-Hispanic Asian,30.6,Obesity class 1 (30-34.9),6.12,101,65,0,0,No hypertension,0
109693,25,21-39,2.5,Female,Mexican American,30.5,Obesity class 1 (30-34.9),6.1,107,68.66666666666667,0,0,No hypertension,0
109696,79,60-79,7.9,Female,Non-Hispanic White,33.5,Obesity class 1 (30-34.9),6.7,135.33333333333334,78,1,1,Hypertension,1
109697,35,21-39,3.5,Female,Mexican American,26.9,Overweight (25-29.9),5.38,115.33333333333333,76,0,0,No hypertension,0
109700,42,40-59,4.2,Female,Other Hispanic,29.2,Overweight (25-29.9),5.84,130.33333333333334,81,0,1,Hypertension,0
109703,34,21-39,3.4,Male,Non-Hispanic Black,27,Overweight (25-29.9),5.4,108.66666666666667,57,0,0,No hypertension,0
109704,31,21-39,3.1,Male,Non-Hispanic Asian,25.6,Overweight (25-29.9),5.12,111,67.66666666666667,0,0,No hypertension,0
109709,52,40-59,5.2,Male,Mexican American,42.1,Obesity class 2-3 (35+),8.42,110.66666666666667,64,1,1,Hypertension,1
109712,46,40-59,4.6,Male,Non-Hispanic Black,32.6,Obesity class 1 (30-34.9),6.5200000000000005,199,120,0,1,Hypertension,1
109713,50,40-59,5,Female,Non-Hispanic Asian,30.7,Obesity class 1 (30-34.9),6.14,159,103.66666666666667,1,1,Hypertension,1
109714,30,21-39,3,Male,Non-Hispanic Asian,29.8,Overweight (25-29.9),5.96,156,101.66666666666667,0,1,Hypertension,1
109716,25,21-39,2.5,Female,Non-Hispanic Black,33.1,Obesity class 1 (30-34.9),6.62,105,82,0,1,Hypertension,0
109721,50,40-59,5,Male,Other Hispanic,34.9,Obesity class 1 (30-34.9),6.9799999999999995,165,92.33333333333333,0,1,Hypertension,1
109723,29,21-39,2.9,Male,Non-Hispanic Black,26.8,Overweight (25-29.9),5.36,117.66666666666667,78.66666666666667,0,0,No hypertension,0
109727,42,40-59,4.2,Female,Non-Hispanic White,31,Obesity class 1 (30-34.9),6.2,113.33333333333333,70.33333333333333,0,0,No hypertension,0
109728,34,21-39,3.4,Female,Non-Hispanic White,59.1,Obesity class 2-3 (35+),11.82,109.66666666666667,80.66666666666667,0,1,Hypertension,0
109730,29,21-39,2.9,Female,Non-Hispanic Black,39,Obesity class 2-3 (35+),7.8,101,68,0,0,No hypertension,0
109731,21,21-39,2.1,Female,Other Hispanic,24.3,Healthy weight (18.5-24.9),4.86,105,61.333333333333336,0,0,No hypertension,0
109735,33,21-39,3.3,Male,Non-Hispanic Asian,22.1,Healthy weight (18.5-24.9),4.42,124,83,0,1,Hypertension,0
109740,46,40-59,4.6,Male,Non-Hispanic Black,28,Overweight (25-29.9),5.6,147,91,0,1,Hypertension,1
109743,56,40-59,5.6,Male,Non-Hispanic Black,30.6,Obesity class 1 (30-34.9),6.12,125.33333333333333,78.66666666666667,1,1,Hypertension,1
109746,47,40-59,4.7,Male,Non-Hispanic Black,35.2,Obesity class 2-3 (35+),7.040000000000001,134.33333333333334,86.33333333333333,1,1,Hypertension,1
109747,74,60-79,7.4,Female,Non-Hispanic White,30.7,Obesity class 1 (30-34.9),6.14,119.33333333333333,64.33333333333333,0,0,No hypertension,0
109754,47,40-59,4.7,Female,Non-Hispanic White,30.4,Obesity class 1 (30-34.9),6.08,113.66666666666667,75,0,0,No hypertension,0
109758,26,21-39,2.6,Male,Non-Hispanic Black,20.3,Healthy weight (18.5-24.9),4.0600000000000005,122.33333333333333,77.66666666666667,0,0,No hypertension,0
109760,53,40-59,5.3,Male,Other Hispanic,27.4,Overweight (25-29.9),5.4799999999999995,146,82.66666666666667,0,1,Hypertension,1
109763,78,60-79,7.8,Male,Non-Hispanic Black,26.5,Overweight (25-29.9),5.3,150.66666666666666,66,1,1,Hypertension,1
109764,69,60-79,6.9,Male,Non-Hispanic Asian,26.9,Overweight (25-29.9),5.38,146.66666666666666,69,1,1,Hypertension,1
109765,51,40-59,5.1,Female,Non-Hispanic White,28.9,Overweight (25-29.9),5.779999999999999,136.66666666666666,88.33333333333333,0,1,Hypertension,0
109768,32,21-39,3.2,Male,Non-Hispanic White,25,Overweight (25-29.9),5,128,73,0,0,No hypertension,0
109769,44,40-59,4.4,Male,Non-Hispanic White,27.8,Overweight (25-29.9),5.5600000000000005,150,93,0,1,Hypertension,1
109770,47,40-59,4.7,Female,Non-Hispanic Black,26.1,Overweight (25-29.9),5.220000000000001,157,103.33333333333333,0,1,Hypertension,1
109771,79,60-79,7.9,Female,Non-Hispanic Black,21.7,Healthy weight (18.5-24.9),4.34,131.66666666666666,62,1,1,Hypertension,1
109780,66,60-79,6.6,Female,Non-Hispanic Black,33.7,Obesity class 1 (30-34.9),6.74,130.66666666666666,83,0,1,Hypertension,0
109782,63,60-79,6.3,Female,Non-Hispanic White,26.3,Overweight (25-29.9),5.26,107.33333333333333,56,0,0,No hypertension,0
109783,61,60-79,6.1,Male,Non-Hispanic Black,32.3,Obesity class 1 (30-34.9),6.459999999999999,145,86.66666666666667,1,1,Hypertension,1
109785,48,40-59,4.8,Male,Non-Hispanic Black,32.2,Obesity class 1 (30-34.9),6.44,116,71.66666666666667,0,0,No hypertension,0
109789,32,21-39,3.2,Female,Non-Hispanic White,44.7,Obesity class 2-3 (35+),8.940000000000001,94.66666666666667,64.33333333333333,0,0,No hypertension,0
109791,28,21-39,2.8,Male,Non-Hispanic Black,33.5,Obesity class 1 (30-34.9),6.7,118.33333333333333,69.33333333333333,0,0,No hypertension,0
109794,63,60-79,6.3,Male,Non-Hispanic White,34.9,Obesity class 1 (30-34.9),6.9799999999999995,147.33333333333334,86,0,1,Hypertension,1
109800,31,21-39,3.1,Male,Other/Multiracial,30.9,Obesity class 1 (30-34.9),6.18,123.66666666666667,65.33333333333333,0,0,No hypertension,0
109802,25,21-39,2.5,Male,Non-Hispanic White,30.6,Obesity class 1 (30-34.9),6.12,122.66666666666667,77,0,0,No hypertension,0
109803,56,40-59,5.6,Female,Non-Hispanic Black,23.9,Healthy weight (18.5-24.9),4.779999999999999,161,90.66666666666667,0,1,Hypertension,1
109805,43,40-59,4.3,Female,Non-Hispanic Black,51.3,Obesity class 2-3 (35+),10.26,115,68.33333333333333,0,0,No hypertension,0
109806,25,21-39,2.5,Female,Non-Hispanic Black,47.5,Obesity class 2-3 (35+),9.5,112,81,0,1,Hypertension,0
109807,31,21-39,3.1,Male,Non-Hispanic White,23.2,Healthy weight (18.5-24.9),4.64,109.33333333333333,72.33333333333333,0,0,No hypertension,0
109811,52,40-59,5.2,Male,Non-Hispanic Asian,26.8,Overweight (25-29.9),5.36,127.33333333333333,85.66666666666667,1,1,Hypertension,1
109812,72,60-79,7.2,Female,Non-Hispanic Black,26.4,Overweight (25-29.9),5.279999999999999,105.33333333333333,68.66666666666667,1,1,Hypertension,1
109813,32,21-39,3.2,Male,Mexican American,31.7,Obesity class 1 (30-34.9),6.34,128,77,0,0,No hypertension,0
109815,52,40-59,5.2,Female,Non-Hispanic Black,38.2,Obesity class 2-3 (35+),7.640000000000001,147,99.33333333333333,1,1,Hypertension,1
109816,55,40-59,5.5,Female,Non-Hispanic White,19.7,Healthy weight (18.5-24.9),3.94,101.33333333333333,60.333333333333336,0,0,No hypertension,0
109825,22,21-39,2.2,Male,Other Hispanic,26.9,Overweight (25-29.9),5.38,121,67,0,0,No hypertension,0
109831,50,40-59,5,Male,Non-Hispanic White,24.8,Healthy weight (18.5-24.9),4.96,117.33333333333333,74.66666666666667,0,0,No hypertension,0
109836,30,21-39,3,Male,Non-Hispanic Black,22.3,Healthy weight (18.5-24.9),4.46,143,92,0,1,Hypertension,1
109839,66,60-79,6.6,Female,Non-Hispanic Black,45.3,Obesity class 2-3 (35+),9.059999999999999,167,90.33333333333333,1,1,Hypertension,1
109841,54,40-59,5.4,Female,Non-Hispanic White,39.5,Obesity class 2-3 (35+),7.9,104.33333333333333,71.66666666666667,0,0,No hypertension,0
109843,35,21-39,3.5,Male,Mexican American,34.1,Obesity class 1 (30-34.9),6.82,122,85.66666666666667,0,1,Hypertension,0
109844,59,40-59,5.9,Male,Other Hispanic,46.2,Obesity class 2-3 (35+),9.24,88,46.666666666666664,1,1,Hypertension,1
109845,77,60-79,7.7,Female,Non-Hispanic White,38.6,Obesity class 2-3 (35+),7.720000000000001,139,93,1,1,Hypertension,1
109850,50,40-59,5,Female,Mexican American,26.8,Overweight (25-29.9),5.36,104.33333333333333,63.666666666666664,0,0,No hypertension,0
109854,67,60-79,6.7,Male,Other/Multiracial,19,Healthy weight (18.5-24.9),3.8,129,78.66666666666667,0,0,No hypertension,0
109855,29,21-39,2.9,Male,Mexican American,23.2,Healthy weight (18.5-24.9),4.64,118.33333333333333,69.33333333333333,0,0,No hypertension,0
109856,54,40-59,5.4,Female,Other Hispanic,34.1,Obesity class 1 (30-34.9),6.82,107.33333333333333,75.66666666666667,0,0,No hypertension,0
109857,74,60-79,7.4,Male,Non-Hispanic White,34.1,Obesity class 1 (30-34.9),6.82,110,69,0,0,No hypertension,0
109860,25,21-39,2.5,Female,Non-Hispanic Black,24,Healthy weight (18.5-24.9),4.8,98.66666666666667,67,0,0,No hypertension,0
109862,41,40-59,4.1,Female,Other Hispanic,35.9,Obesity class 2-3 (35+),7.18,76.33333333333333,45.333333333333336,0,0,No hypertension,0
109863,64,60-79,6.4,Female,Other/Multiracial,25.4,Overweight (25-29.9),5.08,153.66666666666666,90.33333333333333,1,1,Hypertension,1
109864,75,60-79,7.5,Female,Non-Hispanic White,26.2,Overweight (25-29.9),5.24,145,76.66666666666667,0,1,Hypertension,1
109865,33,21-39,3.3,Female,Non-Hispanic Black,41.8,Obesity class 2-3 (35+),8.36,115,85.66666666666667,0,1,Hypertension,0
109866,28,21-39,2.8,Female,Non-Hispanic White,31.7,Obesity class 1 (30-34.9),6.34,125.66666666666667,93,0,1,Hypertension,1
109867,55,40-59,5.5,Male,Non-Hispanic White,26.9,Overweight (25-29.9),5.38,110,55.333333333333336,0,0,No hypertension,0
109868,55,40-59,5.5,Female,Mexican American,45.7,Obesity class 2-3 (35+),9.14,143,86.33333333333333,0,1,Hypertension,1
109869,75,60-79,7.5,Male,Non-Hispanic White,28.8,Overweight (25-29.9),5.76,139,75.33333333333333,1,1,Hypertension,1
109872,38,21-39,3.8,Female,Non-Hispanic Black,37.7,Obesity class 2-3 (35+),7.540000000000001,134,88.66666666666667,0,1,Hypertension,0
109874,55,40-59,5.5,Male,Other Hispanic,26.4,Overweight (25-29.9),5.279999999999999,122,74,0,0,No hypertension,0
109877,41,40-59,4.1,Male,Non-Hispanic Black,29.2,Overweight (25-29.9),5.84,127,76.33333333333333,0,0,No hypertension,0
109879,60,60-79,6,Female,Other Hispanic,25.8,Overweight (25-29.9),5.16,123.66666666666667,66.66666666666667,1,1,Hypertension,1
109881,48,40-59,4.8,Male,Non-Hispanic Asian,27.9,Overweight (25-29.9),5.58,130.66666666666666,91.66666666666667,0,1,Hypertension,1
109884,45,40-59,4.5,Female,Mexican American,25.6,Overweight (25-29.9),5.12,113.33333333333333,67.66666666666667,0,0,No hypertension,0
109886,64,60-79,6.4,Male,Non-Hispanic White,50.7,Obesity class 2-3 (35+),10.14,169.33333333333334,78,1,1,Hypertension,1
109887,25,21-39,2.5,Male,Other/Multiracial,37.2,Obesity class 2-3 (35+),7.44,111.66666666666667,79.33333333333333,0,0,No hypertension,0
109894,32,21-39,3.2,Female,Mexican American,44.9,Obesity class 2-3 (35+),8.98,97,69.66666666666667,0,0,No hypertension,0
109895,21,21-39,2.1,Male,Mexican American,43.7,Obesity class 2-3 (35+),8.74,115.66666666666667,72.66666666666667,0,0,No hypertension,0
109898,48,40-59,4.8,Female,Other Hispanic,42.8,Obesity class 2-3 (35+),8.559999999999999,117.66666666666667,74.66666666666667,0,0,No hypertension,0
109902,75,60-79,7.5,Female,Non-Hispanic Black,42.7,Obesity class 2-3 (35+),8.540000000000001,178.33333333333334,85.66666666666667,1,1,Hypertension,1
109903,53,40-59,5.3,Male,Non-Hispanic Black,43.2,Obesity class 2-3 (35+),8.64,151.33333333333334,77,1,1,Hypertension,1
109905,52,40-59,5.2,Female,Non-Hispanic White,48.6,Obesity class 2-3 (35+),9.72,120.33333333333333,83,0,1,Hypertension,0
109913,52,40-59,5.2,Female,Non-Hispanic Black,42.3,Obesity class 2-3 (35+),8.459999999999999,105,74,1,1,Hypertension,1
109915,58,40-59,5.8,Male,Mexican American,31.5,Obesity class 1 (30-34.9),6.3,121,74.33333333333333,0,0,No hypertension,0
109916,25,21-39,2.5,Male,Non-Hispanic Black,41.6,Obesity class 2-3 (35+),8.32,118.33333333333333,80,0,1,Hypertension,0
109917,54,40-59,5.4,Female,Non-Hispanic White,22.3,Healthy weight (18.5-24.9),4.46,96,56.666666666666664,0,0,No hypertension,0
109918,66,60-79,6.6,Male,Mexican American,32.3,Obesity class 1 (30-34.9),6.459999999999999,141,80,1,1,Hypertension,1
109919,45,40-59,4.5,Female,Mexican American,25.8,Overweight (25-29.9),5.16,124.66666666666667,84.33333333333333,0,1,Hypertension,0
109921,58,40-59,5.8,Female,Non-Hispanic Asian,18.4,Underweight (<18.5),3.6799999999999997,120,80.66666666666667,0,1,Hypertension,0
109922,42,40-59,4.2,Female,Non-Hispanic White,24.7,Healthy weight (18.5-24.9),4.9399999999999995,101,55.666666666666664,0,0,No hypertension,0
109926,45,40-59,4.5,Female,Non-Hispanic Black,31.8,Obesity class 1 (30-34.9),6.36,95.66666666666667,63.666666666666664,0,0,No hypertension,0
109930,51,40-59,5.1,Male,Non-Hispanic Black,45.2,Obesity class 2-3 (35+),9.040000000000001,134,77,1,1,Hypertension,1
109931,40,40-59,4,Female,Non-Hispanic Black,30.6,Obesity class 1 (30-34.9),6.12,104,64.33333333333333,0,0,No hypertension,0
109932,72,60-79,7.2,Male,Non-Hispanic White,33.5,Obesity class 1 (30-34.9),6.7,112.33333333333333,62.333333333333336,0,0,No hypertension,0
109938,34,21-39,3.4,Female,Other Hispanic,26.2,Overweight (25-29.9),5.24,133.66666666666666,76.66666666666667,0,1,Hypertension,0
109940,57,40-59,5.7,Female,Other Hispanic,23.1,Healthy weight (18.5-24.9),4.62,137.33333333333334,79.33333333333333,0,1,Hypertension,0
109942,79,60-79,7.9,Female,Non-Hispanic White,24.1,Healthy weight (18.5-24.9),4.82,152,80,0,1,Hypertension,1
109945,32,21-39,3.2,Male,Other/Multiracial,24.3,Healthy weight (18.5-24.9),4.86,133,89,0,1,Hypertension,0
109946,43,40-59,4.3,Female,Non-Hispanic White,21.9,Healthy weight (18.5-24.9),4.38,89,55.333333333333336,0,0,No hypertension,0
109947,64,60-79,6.4,Male,Non-Hispanic Black,28.9,Overweight (25-29.9),5.779999999999999,128,75.66666666666667,1,1,Hypertension,1
109957,64,60-79,6.4,Female,Non-Hispanic Asian,19,Healthy weight (18.5-24.9),3.8,144,73,1,1,Hypertension,1
109960,59,40-59,5.9,Male,Non-Hispanic Asian,26.4,Overweight (25-29.9),5.279999999999999,131,71.66666666666667,0,1,Hypertension,0
109962,76,60-79,7.6,Male,Non-Hispanic White,29.2,Overweight (25-29.9),5.84,114.33333333333333,59.666666666666664,1,1,Hypertension,1
109963,48,40-59,4.8,Female,Non-Hispanic Black,24.2,Healthy weight (18.5-24.9),4.84,156,107,0,1,Hypertension,1
109966,68,60-79,6.8,Male,Other Hispanic,25.3,Overweight (25-29.9),5.0600000000000005,123,75.66666666666667,1,1,Hypertension,1
109971,58,40-59,5.8,Female,Non-Hispanic Black,28.1,Overweight (25-29.9),5.62,121.66666666666667,80.66666666666667,0,1,Hypertension,0
109975,39,21-39,3.9,Female,Non-Hispanic Black,27.4,Overweight (25-29.9),5.4799999999999995,111.66666666666667,77.33333333333333,0,0,No hypertension,0
109976,58,40-59,5.8,Male,Non-Hispanic Black,26.7,Overweight (25-29.9),5.34,103,72,0,0,No hypertension,0
109978,30,21-39,3,Female,Other/Multiracial,21.7,Healthy weight (18.5-24.9),4.34,134.33333333333334,82.33333333333333,0,1,Hypertension,0
109979,31,21-39,3.1,Female,Non-Hispanic Asian,27.1,Overweight (25-29.9),5.42,88.33333333333333,57.333333333333336,0,0,No hypertension,0
109981,68,60-79,6.8,Female,Other Hispanic,25.8,Overweight (25-29.9),5.16,115.33333333333333,71,0,0,No hypertension,0
109990,66,60-79,6.6,Male,Non-Hispanic Black,26.4,Overweight (25-29.9),5.279999999999999,155,86.66666666666667,1,1,Hypertension,1
109991,50,40-59,5,Male,Non-Hispanic White,29.1,Overweight (25-29.9),5.82,119.33333333333333,76.66666666666667,0,0,No hypertension,0
109994,73,60-79,7.3,Female,Non-Hispanic White,35.3,Obesity class 2-3 (35+),7.06,131,96.33333333333333,1,1,Hypertension,1
109999,47,40-59,4.7,Male,Non-Hispanic White,55.3,Obesity class 2-3 (35+),11.059999999999999,118.66666666666667,75.66666666666667,1,1,Hypertension,1
110005,45,40-59,4.5,Female,Non-Hispanic Black,24.5,Healthy weight (18.5-24.9),4.9,192.33333333333334,97.33333333333333,1,1,Hypertension,1
110007,63,60-79,6.3,Female,Non-Hispanic White,40.8,Obesity class 2-3 (35+),8.16,112.33333333333333,53.333333333333336,1,1,Hypertension,1
110010,55,40-59,5.5,Female,Non-Hispanic White,23.8,Healthy weight (18.5-24.9),4.76,122.33333333333333,72.66666666666667,0,0,No hypertension,0
110012,56,40-59,5.6,Female,Non-Hispanic White,32.4,Obesity class 1 (30-34.9),6.4799999999999995,112.33333333333333,71.66666666666667,1,1,Hypertension,1
110015,52,40-59,5.2,Female,Mexican American,31.3,Obesity class 1 (30-34.9),6.26,104.66666666666667,67.33333333333333,0,0,No hypertension,0
110016,29,21-39,2.9,Female,Non-Hispanic Black,19.7,Healthy weight (18.5-24.9),3.94,97.66666666666667,53.333333333333336,0,0,No hypertension,0
110023,62,60-79,6.2,Female,Non-Hispanic White,28.1,Overweight (25-29.9),5.62,109,72.66666666666667,0,0,No hypertension,0
110027,22,21-39,2.2,Female,Non-Hispanic White,24.8,Healthy weight (18.5-24.9),4.96,110.33333333333333,63.666666666666664,0,0,No hypertension,0
110028,23,21-39,2.3,Female,Other Hispanic,19.2,Healthy weight (18.5-24.9),3.84,108,65,0,0,No hypertension,0
110029,42,40-59,4.2,Male,Mexican American,31.9,Obesity class 1 (30-34.9),6.38,126.66666666666667,78.66666666666667,0,0,No hypertension,0
110030,27,21-39,2.7,Female,Non-Hispanic Black,21.3,Healthy weight (18.5-24.9),4.26,111.66666666666667,66,0,0,No hypertension,0
110034,35,21-39,3.5,Female,Non-Hispanic Black,40.6,Obesity class 2-3 (35+),8.120000000000001,100.33333333333333,65.33333333333333,1,1,Hypertension,1
110035,27,21-39,2.7,Female,Non-Hispanic White,53.7,Obesity class 2-3 (35+),10.74,90,63.333333333333336,0,0,No hypertension,0
110036,50,40-59,5,Female,Non-Hispanic White,29.9,Overweight (25-29.9),5.9799999999999995,112,72,1,1,Hypertension,1
110037,69,60-79,6.9,Male,Non-Hispanic Black,39.2,Obesity class 2-3 (35+),7.840000000000001,96.66666666666667,51.333333333333336,0,0,No hypertension,0
110038,58,40-59,5.8,Female,Non-Hispanic Asian,25.7,Overweight (25-29.9),5.14,124.33333333333333,82.33333333333333,0,1,Hypertension,0
110040,28,21-39,2.8,Male,Non-Hispanic White,18.8,Healthy weight (18.5-24.9),3.7600000000000002,111,68.66666666666667,0,0,No hypertension,0
110041,44,40-59,4.4,Female,Other/Multiracial,53.2,Obesity class 2-3 (35+),10.64,98.66666666666667,69.33333333333333,0,0,No hypertension,0
110042,62,60-79,6.2,Female,Other Hispanic,34.8,Obesity class 1 (30-34.9),6.959999999999999,97.33333333333333,66.66666666666667,0,0,No hypertension,0
110043,37,21-39,3.7,Male,Non-Hispanic Black,28.9,Overweight (25-29.9),5.779999999999999,106.66666666666667,70.33333333333333,0,0,No hypertension,0
110045,69,60-79,6.9,Female,Non-Hispanic White,34.7,Obesity class 1 (30-34.9),6.94,128,74.66666666666667,1,1,Hypertension,1
110052,42,40-59,4.2,Male,Mexican American,30.9,Obesity class 1 (30-34.9),6.18,119.66666666666667,72.66666666666667,0,0,No hypertension,0
110054,44,40-59,4.4,Male,Other Hispanic,29.4,Overweight (25-29.9),5.88,118.66666666666667,81.33333333333333,0,1,Hypertension,0
110055,70,60-79,7,Male,Other Hispanic,29.2,Overweight (25-29.9),5.84,153.33333333333334,85.66666666666667,1,1,Hypertension,1
110056,63,60-79,6.3,Male,Non-Hispanic White,28.5,Overweight (25-29.9),5.7,100,64.33333333333333,0,0,No hypertension,0
110057,69,60-79,6.9,Male,Non-Hispanic Black,38.4,Obesity class 2-3 (35+),7.68,144.66666666666666,71.33333333333333,0,1,Hypertension,1
110059,38,21-39,3.8,Male,Non-Hispanic White,25.5,Overweight (25-29.9),5.1,130.66666666666666,82,0,1,Hypertension,0
110061,61,60-79,6.1,Male,Other Hispanic,29.4,Overweight (25-29.9),5.88,116,73,1,1,Hypertension,1
110062,40,40-59,4,Female,Non-Hispanic Black,25.8,Overweight (25-29.9),5.16,112,74.66666666666667,0,0,No hypertension,0
110064,65,60-79,6.5,Male,Non-Hispanic White,23.6,Healthy weight (18.5-24.9),4.720000000000001,142.33333333333334,84,0,1,Hypertension,1
110065,60,60-79,6,Male,Non-Hispanic White,26.8,Overweight (25-29.9),5.36,138.33333333333334,83.66666666666667,0,1,Hypertension,0
110067,25,21-39,2.5,Male,Non-Hispanic White,22.8,Healthy weight (18.5-24.9),4.5600000000000005,120.66666666666667,64,0,0,No hypertension,0
110068,77,60-79,7.7,Female,Non-Hispanic White,23.3,Healthy weight (18.5-24.9),4.66,122.66666666666667,70.33333333333333,0,0,No hypertension,0
110070,41,40-59,4.1,Female,Non-Hispanic White,40.2,Obesity class 2-3 (35+),8.040000000000001,105,73.33333333333333,0,0,No hypertension,0
110071,59,40-59,5.9,Male,Non-Hispanic Black,26.2,Overweight (25-29.9),5.24,115,74,1,1,Hypertension,1
110079,54,40-59,5.4,Female,Non-Hispanic Black,37.2,Obesity class 2-3 (35+),7.44,130.66666666666666,82,1,1,Hypertension,1
110082,78,60-79,7.8,Female,Non-Hispanic White,23,Healthy weight (18.5-24.9),4.6,114,73.66666666666667,0,0,No hypertension,0
110083,21,21-39,2.1,Female,Non-Hispanic Black,25.2,Overweight (25-29.9),5.04,102,60,0,0,No hypertension,0
110085,60,60-79,6,Male,Other Hispanic,29.8,Overweight (25-29.9),5.96,128.66666666666666,76.33333333333333,0,0,No hypertension,0
110087,62,60-79,6.2,Male,Other Hispanic,24.6,Healthy weight (18.5-24.9),4.92,148.33333333333334,87.66666666666667,0,1,Hypertension,1
110088,30,21-39,3,Male,Other Hispanic,44.6,Obesity class 2-3 (35+),8.92,126,86.66666666666667,0,1,Hypertension,0
110090,56,40-59,5.6,Male,Other Hispanic,34.7,Obesity class 1 (30-34.9),6.94,139,87,0,1,Hypertension,0
110093,30,21-39,3,Female,Non-Hispanic Black,19.9,Healthy weight (18.5-24.9),3.9799999999999995,110.33333333333333,68,0,0,No hypertension,0
110096,66,60-79,6.6,Male,Non-Hispanic Black,22.1,Healthy weight (18.5-24.9),4.42,149.33333333333334,72.66666666666667,0,1,Hypertension,1
110098,21,21-39,2.1,Male,Mexican American,30.6,Obesity class 1 (30-34.9),6.12,118,73.33333333333333,0,0,No hypertension,0
110102,45,40-59,4.5,Female,Mexican American,35.6,Obesity class 2-3 (35+),7.12,113.33333333333333,77.33333333333333,0,0,No hypertension,0
110107,72,60-79,7.2,Female,Non-Hispanic Black,30.9,Obesity class 1 (30-34.9),6.18,144,82,1,1,Hypertension,1
110112,36,21-39,3.6,Female,Non-Hispanic Asian,28.6,Overweight (25-29.9),5.720000000000001,100.66666666666667,65,0,0,No hypertension,0
110114,44,40-59,4.4,Female,Non-Hispanic White,27,Overweight (25-29.9),5.4,138.66666666666666,77.66666666666667,0,1,Hypertension,0
110116,35,21-39,3.5,Female,Non-Hispanic White,31.7,Obesity class 1 (30-34.9),6.34,119,75,0,0,No hypertension,0
110117,24,21-39,2.4,Male,Non-Hispanic Black,19.6,Healthy weight (18.5-24.9),3.9200000000000004,111.66666666666667,64.33333333333333,0,0,No hypertension,0
110118,37,21-39,3.7,Male,Non-Hispanic White,21.8,Healthy weight (18.5-24.9),4.36,112.33333333333333,68.66666666666667,0,0,No hypertension,0
110123,28,21-39,2.8,Female,Non-Hispanic White,43.3,Obesity class 2-3 (35+),8.66,104.66666666666667,71,0,0,No hypertension,0
110124,55,40-59,5.5,Female,Other Hispanic,39.1,Obesity class 2-3 (35+),7.82,115.33333333333333,60.666666666666664,1,1,Hypertension,1
110125,60,60-79,6,Female,Other/Multiracial,32.5,Obesity class 1 (30-34.9),6.5,100.33333333333333,67.66666666666667,0,0,No hypertension,0
110127,48,40-59,4.8,Female,Other Hispanic,27.3,Overweight (25-29.9),5.46,110.33333333333333,75.66666666666667,0,0,No hypertension,0
110128,48,40-59,4.8,Male,Non-Hispanic White,31.7,Obesity class 1 (30-34.9),6.34,131.66666666666666,80,0,1,Hypertension,0
110129,52,40-59,5.2,Male,Non-Hispanic Black,42.7,Obesity class 2-3 (35+),8.540000000000001,140,83.33333333333333,0,1,Hypertension,1
110130,54,40-59,5.4,Female,Non-Hispanic White,27.7,Overweight (25-29.9),5.54,147.66666666666666,87.66666666666667,0,1,Hypertension,1
110131,69,60-79,6.9,Male,Non-Hispanic Black,19.1,Healthy weight (18.5-24.9),3.8200000000000003,128.66666666666666,81.66666666666667,0,1,Hypertension,0
110134,49,40-59,4.9,Male,Non-Hispanic White,25.4,Overweight (25-29.9),5.08,122,84.66666666666667,0,1,Hypertension,0
110135,40,40-59,4,Male,Other/Multiracial,27.8,Overweight (25-29.9),5.5600000000000005,129.33333333333334,80.66666666666667,0,1,Hypertension,0
110136,38,21-39,3.8,Male,Non-Hispanic White,23,Healthy weight (18.5-24.9),4.6,116.33333333333333,71,0,0,No hypertension,0
110137,52,40-59,5.2,Male,Other Hispanic,24.5,Healthy weight (18.5-24.9),4.9,124,76.33333333333333,0,0,No hypertension,0
110139,41,40-59,4.1,Male,Other Hispanic,36.3,Obesity class 2-3 (35+),7.26,126.66666666666667,86.33333333333333,1,1,Hypertension,1
110142,61,60-79,6.1,Male,Other/Multiracial,31.9,Obesity class 1 (30-34.9),6.38,162,87,1,1,Hypertension,1
110144,50,40-59,5,Female,Non-Hispanic Asian,29.8,Overweight (25-29.9),5.96,109.66666666666667,72.66666666666667,0,0,No hypertension,0
110147,60,60-79,6,Female,Mexican American,37.3,Obesity class 2-3 (35+),7.459999999999999,133.66666666666666,84.33333333333333,0,1,Hypertension,0
110151,63,60-79,6.3,Female,Non-Hispanic Asian,32.8,Obesity class 1 (30-34.9),6.56,111.33333333333333,68.33333333333333,1,1,Hypertension,1
110153,70,60-79,7,Male,Non-Hispanic Asian,23.4,Healthy weight (18.5-24.9),4.68,121.66666666666667,73,0,0,No hypertension,0
110155,22,21-39,2.2,Male,Non-Hispanic Black,25.7,Overweight (25-29.9),5.14,132,72,0,1,Hypertension,0
110159,45,40-59,4.5,Male,Non-Hispanic White,22.8,Healthy weight (18.5-24.9),4.5600000000000005,111,63,0,0,No hypertension,0
110161,52,40-59,5.2,Female,Non-Hispanic Black,35.2,Obesity class 2-3 (35+),7.040000000000001,132,84,0,1,Hypertension,0
110165,54,40-59,5.4,Male,Non-Hispanic White,55,Obesity class 2-3 (35+),11,136.66666666666666,93.33333333333333,0,1,Hypertension,1
110168,54,40-59,5.4,Female,Non-Hispanic Black,31.1,Obesity class 1 (30-34.9),6.220000000000001,116.33333333333333,80.33333333333333,1,1,Hypertension,1
110169,30,21-39,3,Male,Non-Hispanic White,34.7,Obesity class 1 (30-34.9),6.94,112.33333333333333,81.66666666666667,0,1,Hypertension,0
110171,22,21-39,2.2,Female,Non-Hispanic Black,21.3,Healthy weight (18.5-24.9),4.26,117,75.66666666666667,0,0,No hypertension,0
110172,53,40-59,5.3,Female,Other Hispanic,28.1,Overweight (25-29.9),5.62,136,69.66666666666667,1,1,Hypertension,1
110173,27,21-39,2.7,Male,Mexican American,23.7,Healthy weight (18.5-24.9),4.74,125.66666666666667,81,0,1,Hypertension,0
110174,25,21-39,2.5,Male,Other Hispanic,26.8,Overweight (25-29.9),5.36,113.66666666666667,65,0,0,No hypertension,0
110175,30,21-39,3,Male,Mexican American,34.5,Obesity class 1 (30-34.9),6.9,124,78,0,0,No hypertension,0
110176,38,21-39,3.8,Female,Non-Hispanic White,32.9,Obesity class 1 (30-34.9),6.58,113.66666666666667,83,0,1,Hypertension,0
110178,57,40-59,5.7,Female,Non-Hispanic White,25.4,Overweight (25-29.9),5.08,119.66666666666667,77,0,0,No hypertension,0
110182,61,60-79,6.1,Female,Non-Hispanic White,48.6,Obesity class 2-3 (35+),9.72,97,68.33333333333333,1,1,Hypertension,1
110184,59,40-59,5.9,Female,Non-Hispanic Asian,26.9,Overweight (25-29.9),5.38,154.33333333333334,90,0,1,Hypertension,1
110186,27,21-39,2.7,Female,Non-Hispanic Black,31.9,Obesity class 1 (30-34.9),6.38,101,65.33333333333333,0,0,No hypertension,0
110187,58,40-59,5.8,Female,Non-Hispanic Black,44,Obesity class 2-3 (35+),8.8,164.33333333333334,99.66666666666667,0,1,Hypertension,1
110188,63,60-79,6.3,Female,Non-Hispanic Black,28.3,Overweight (25-29.9),5.66,142,91,0,1,Hypertension,1
110196,67,60-79,6.7,Male,Non-Hispanic Black,28.2,Overweight (25-29.9),5.64,166.33333333333334,85.66666666666667,0,1,Hypertension,1
110200,60,60-79,6,Female,Non-Hispanic Black,28.6,Overweight (25-29.9),5.720000000000001,148,77,0,1,Hypertension,1
110201,37,21-39,3.7,Male,Non-Hispanic White,40.8,Obesity class 2-3 (35+),8.16,118,86,1,1,Hypertension,1
110204,70,60-79,7,Male,Non-Hispanic White,26.8,Overweight (25-29.9),5.36,161.66666666666666,83.66666666666667,0,1,Hypertension,1
110206,37,21-39,3.7,Male,Other Hispanic,32.9,Obesity class 1 (30-34.9),6.58,133.66666666666666,80.33333333333333,0,1,Hypertension,0
110207,52,40-59,5.2,Female,Non-Hispanic Asian,26.8,Overweight (25-29.9),5.36,118,63.333333333333336,0,0,No hypertension,0
110208,57,40-59,5.7,Female,Other/Multiracial,37.9,Obesity class 2-3 (35+),7.58,138,95.66666666666667,0,1,Hypertension,1
110213,25,21-39,2.5,Female,Other/Multiracial,25.2,Overweight (25-29.9),5.04,125.66666666666667,80.33333333333333,0,1,Hypertension,0
110214,32,21-39,3.2,Female,Non-Hispanic Black,20.8,Healthy weight (18.5-24.9),4.16,100.33333333333333,61,0,0,No hypertension,0
110217,60,60-79,6,Female,Other Hispanic,26.6,Overweight (25-29.9),5.32,128.33333333333334,77,0,0,No hypertension,0
110218,28,21-39,2.8,Female,Other Hispanic,23.5,Healthy weight (18.5-24.9),4.7,105,70.33333333333333,0,0,No hypertension,0
110223,71,60-79,7.1,Male,Non-Hispanic White,31.1,Obesity class 1 (30-34.9),6.220000000000001,109.33333333333333,65.66666666666667,1,1,Hypertension,1
110224,34,21-39,3.4,Female,Mexican American,36.2,Obesity class 2-3 (35+),7.24,104,66,0,0,No hypertension,0
110226,26,21-39,2.6,Female,Non-Hispanic Black,29.4,Overweight (25-29.9),5.88,102.66666666666667,74.66666666666667,0,0,No hypertension,0
110228,44,40-59,4.4,Male,Non-Hispanic Black,36.1,Obesity class 2-3 (35+),7.220000000000001,176,98,0,1,Hypertension,1
110232,62,60-79,6.2,Male,Non-Hispanic Black,51.2,Obesity class 2-3 (35+),10.24,124,73.33333333333333,0,0,No hypertension,0
110234,40,40-59,4,Female,Non-Hispanic Black,35.8,Obesity class 2-3 (35+),7.159999999999999,131,96.33333333333333,0,1,Hypertension,1
110235,41,40-59,4.1,Male,Other/Multiracial,31.6,Obesity class 1 (30-34.9),6.32,130.33333333333334,83,0,1,Hypertension,0
110236,39,21-39,3.9,Male,Non-Hispanic Asian,22.2,Healthy weight (18.5-24.9),4.4399999999999995,120.66666666666667,76.66666666666667,0,0,No hypertension,0
110240,37,21-39,3.7,Male,Mexican American,35.4,Obesity class 2-3 (35+),7.08,128.33333333333334,83.66666666666667,0,1,Hypertension,0
110241,60,60-79,6,Male,Non-Hispanic Black,29.3,Overweight (25-29.9),5.86,131.33333333333334,83.33333333333333,1,1,Hypertension,1
110243,29,21-39,2.9,Female,Non-Hispanic Black,25,Overweight (25-29.9),5,99.66666666666667,58,0,0,No hypertension,0
110247,31,21-39,3.1,Female,Other Hispanic,37.4,Obesity class 2-3 (35+),7.4799999999999995,114.33333333333333,80.66666666666667,0,1,Hypertension,0
110248,29,21-39,2.9,Female,Other/Multiracial,23.1,Healthy weight (18.5-24.9),4.62,114.66666666666667,67.66666666666667,0,0,No hypertension,0
110250,34,21-39,3.4,Male,Mexican American,40.9,Obesity class 2-3 (35+),8.18,144.66666666666666,94.33333333333333,0,1,Hypertension,1
110251,60,60-79,6,Female,Non-Hispanic Black,24.5,Healthy weight (18.5-24.9),4.9,125,73.66666666666667,1,1,Hypertension,1
110252,70,60-79,7,Male,Other/Multiracial,21.5,Healthy weight (18.5-24.9),4.3,135.66666666666666,80.33333333333333,0,1,Hypertension,0
110254,60,60-79,6,Male,Non-Hispanic Black,22.3,Healthy weight (18.5-24.9),4.46,114,78.66666666666667,0,0,No hypertension,0
110258,70,60-79,7,Male,Other/Multiracial,19.1,Healthy weight (18.5-24.9),3.8200000000000003,148,81.33333333333333,1,1,Hypertension,1
110264,63,60-79,6.3,Male,Other/Multiracial,25.1,Overweight (25-29.9),5.0200000000000005,172,107.66666666666667,1,1,Hypertension,1
110265,42,40-59,4.2,Male,Mexican American,25.9,Overweight (25-29.9),5.18,141.33333333333334,86.33333333333333,0,1,Hypertension,1
110266,29,21-39,2.9,Female,Non-Hispanic Black,34.1,Obesity class 1 (30-34.9),6.82,127,92.33333333333333,0,1,Hypertension,1
110270,60,60-79,6,Male,Other/Multiracial,41.5,Obesity class 2-3 (35+),8.3,120,60.666666666666664,1,1,Hypertension,1
110272,45,40-59,4.5,Male,Mexican American,27.2,Overweight (25-29.9),5.4399999999999995,117,73,0,0,No hypertension,0
110273,75,60-79,7.5,Female,Non-Hispanic White,35.2,Obesity class 2-3 (35+),7.040000000000001,138,74,1,1,Hypertension,1
110276,46,40-59,4.6,Male,Non-Hispanic White,26.3,Overweight (25-29.9),5.26,118.33333333333333,78,0,0,No hypertension,0
110279,70,60-79,7,Female,Other/Multiracial,36.8,Obesity class 2-3 (35+),7.359999999999999,117.33333333333333,73.33333333333333,0,0,No hypertension,0
110286,43,40-59,4.3,Male,Mexican American,31,Obesity class 1 (30-34.9),6.2,126.33333333333333,81.66666666666667,0,1,Hypertension,0
110287,68,60-79,6.8,Male,Non-Hispanic White,26.5,Overweight (25-29.9),5.3,133.33333333333334,78,0,1,Hypertension,0
110289,36,21-39,3.6,Male,Other/Multiracial,34.8,Obesity class 1 (30-34.9),6.959999999999999,113,79.33333333333333,1,1,Hypertension,1
110291,64,60-79,6.4,Male,Non-Hispanic White,30,Obesity class 1 (30-34.9),6,142.66666666666666,81.66666666666667,0,1,Hypertension,1
110293,21,21-39,2.1,Male,Mexican American,24,Healthy weight (18.5-24.9),4.8,118.66666666666667,66.33333333333333,0,0,No hypertension,0
110295,77,60-79,7.7,Female,Non-Hispanic White,24.8,Healthy weight (18.5-24.9),4.96,161.66666666666666,71.66666666666667,1,1,Hypertension,1
110296,48,40-59,4.8,Male,Non-Hispanic Black,20.8,Healthy weight (18.5-24.9),4.16,123,83.33333333333333,0,1,Hypertension,0
110304,36,21-39,3.6,Male,Non-Hispanic Asian,34.2,Obesity class 1 (30-34.9),6.840000000000001,119.33333333333333,86,0,1,Hypertension,0
110306,53,40-59,5.3,Female,Non-Hispanic Black,61.7,Obesity class 2-3 (35+),12.34,139.33333333333334,85,1,1,Hypertension,1
110307,27,21-39,2.7,Male,Non-Hispanic White,23.6,Healthy weight (18.5-24.9),4.720000000000001,118,69.66666666666667,0,0,No hypertension,0
110310,74,60-79,7.4,Female,Other Hispanic,34.6,Obesity class 1 (30-34.9),6.92,140.33333333333334,74.66666666666667,1,1,Hypertension,1
110311,79,60-79,7.9,Female,Non-Hispanic White,22.3,Healthy weight (18.5-24.9),4.46,112.66666666666667,55.666666666666664,1,1,Hypertension,1
110314,37,21-39,3.7,Female,Non-Hispanic Black,36.9,Obesity class 2-3 (35+),7.38,104.33333333333333,65,0,0,No hypertension,0
110317,64,60-79,6.4,Female,Non-Hispanic Black,26.3,Overweight (25-29.9),5.26,119,65.33333333333333,0,0,No hypertension,0
110318,61,60-79,6.1,Male,Non-Hispanic Black,27.2,Overweight (25-29.9),5.4399999999999995,120,71.66666666666667,0,0,No hypertension,0
110319,34,21-39,3.4,Female,Mexican American,32.1,Obesity class 1 (30-34.9),6.42,105.66666666666667,71.33333333333333,0,0,No hypertension,0
110321,46,40-59,4.6,Male,Non-Hispanic White,31.3,Obesity class 1 (30-34.9),6.26,110,76,0,0,No hypertension,0
110322,46,40-59,4.6,Male,Non-Hispanic White,30.2,Obesity class 1 (30-34.9),6.04,110.33333333333333,70.33333333333333,0,0,No hypertension,0
110323,48,40-59,4.8,Female,Non-Hispanic White,30.4,Obesity class 1 (30-34.9),6.08,97.66666666666667,59.666666666666664,0,0,No hypertension,0
110328,63,60-79,6.3,Male,Non-Hispanic White,27.8,Overweight (25-29.9),5.5600000000000005,111.33333333333333,71.66666666666667,0,0,No hypertension,0
110332,49,40-59,4.9,Female,Non-Hispanic Black,46.2,Obesity class 2-3 (35+),9.24,124,87,1,1,Hypertension,1
110336,61,60-79,6.1,Female,Non-Hispanic White,25.4,Overweight (25-29.9),5.08,128.33333333333334,72.66666666666667,1,1,Hypertension,1
110341,49,40-59,4.9,Male,Other/Multiracial,24.5,Healthy weight (18.5-24.9),4.9,104.66666666666667,55.333333333333336,0,0,No hypertension,0
110342,34,21-39,3.4,Female,Non-Hispanic Black,31.9,Obesity class 1 (30-34.9),6.38,135.33333333333334,89.33333333333333,0,1,Hypertension,0
110347,32,21-39,3.2,Male,Non-Hispanic Asian,30.3,Obesity class 1 (30-34.9),6.0600000000000005,119.66666666666667,89,0,1,Hypertension,0
110350,67,60-79,6.7,Female,Mexican American,35.7,Obesity class 2-3 (35+),7.140000000000001,127,74,1,1,Hypertension,1
110351,49,40-59,4.9,Male,Non-Hispanic White,29.1,Overweight (25-29.9),5.82,142.66666666666666,82.33333333333333,1,1,Hypertension,1
110353,71,60-79,7.1,Male,Other/Multiracial,26.7,Overweight (25-29.9),5.34,127.66666666666667,65.33333333333333,0,0,No hypertension,0
110356,43,40-59,4.3,Male,Other Hispanic,23.6,Healthy weight (18.5-24.9),4.720000000000001,150.66666666666666,96.66666666666667,0,1,Hypertension,1
110359,65,60-79,6.5,Female,Non-Hispanic Black,36.1,Obesity class 2-3 (35+),7.220000000000001,152.33333333333334,72.66666666666667,1,1,Hypertension,1
110366,61,60-79,6.1,Male,Non-Hispanic Black,19.9,Healthy weight (18.5-24.9),3.9799999999999995,122.66666666666667,73.33333333333333,0,0,No hypertension,0
110372,78,60-79,7.8,Male,Non-Hispanic White,31.8,Obesity class 1 (30-34.9),6.36,146,91,1,1,Hypertension,1
110374,45,40-59,4.5,Female,Non-Hispanic Black,49.7,Obesity class 2-3 (35+),9.940000000000001,119,83,1,1,Hypertension,1
110376,37,21-39,3.7,Female,Mexican American,23.9,Healthy weight (18.5-24.9),4.779999999999999,113.33333333333333,70.33333333333333,0,0,No hypertension,0
110378,44,40-59,4.4,Female,Mexican American,49.1,Obesity class 2-3 (35+),9.82,119.33333333333333,85,0,1,Hypertension,0
110380,21,21-39,2.1,Male,Non-Hispanic Black,18.2,Underweight (<18.5),3.6399999999999997,127,77.66666666666667,0,0,No hypertension,0
110381,40,40-59,4,Female,Other/Multiracial,42.8,Obesity class 2-3 (35+),8.559999999999999,109.66666666666667,78,0,0,No hypertension,0
110386,75,60-79,7.5,Female,Non-Hispanic White,25.9,Overweight (25-29.9),5.18,135,56,0,1,Hypertension,0
110387,54,40-59,5.4,Male,Non-Hispanic Asian,42.8,Obesity class 2-3 (35+),8.559999999999999,114.33333333333333,75.66666666666667,1,1,Hypertension,1
110389,70,60-79,7,Male,Non-Hispanic White,25.5,Overweight (25-29.9),5.1,126.33333333333333,63.333333333333336,1,1,Hypertension,1
110390,61,60-79,6.1,Male,Other Hispanic,30.1,Obesity class 1 (30-34.9),6.0200000000000005,117,73.33333333333333,0,0,No hypertension,0
110391,33,21-39,3.3,Female,Mexican American,26.2,Overweight (25-29.9),5.24,102,66,0,0,No hypertension,0
110394,40,40-59,4,Male,Other Hispanic,24.4,Healthy weight (18.5-24.9),4.88,120.66666666666667,73,0,0,No hypertension,0
110396,47,40-59,4.7,Male,Mexican American,29,Overweight (25-29.9),5.8,125.66666666666667,80.33333333333333,0,1,Hypertension,0
110397,64,60-79,6.4,Male,Non-Hispanic Asian,28.9,Overweight (25-29.9),5.779999999999999,154.33333333333334,82.66666666666667,0,1,Hypertension,1
110399,36,21-39,3.6,Male,Other/Multiracial,18.1,Underweight (<18.5),3.62,131.66666666666666,81,0,1,Hypertension,0
110400,44,40-59,4.4,Male,Other Hispanic,37.2,Obesity class 2-3 (35+),7.44,127,76,0,0,No hypertension,0
110402,50,40-59,5,Male,Non-Hispanic Black,34.7,Obesity class 1 (30-34.9),6.94,127.66666666666667,75,0,0,No hypertension,0
110405,52,40-59,5.2,Male,Other Hispanic,30.6,Obesity class 1 (30-34.9),6.12,112.66666666666667,72,1,1,Hypertension,1
110406,31,21-39,3.1,Female,Non-Hispanic Black,51.9,Obesity class 2-3 (35+),10.379999999999999,92.66666666666667,66.66666666666667,0,0,No hypertension,0
110408,35,21-39,3.5,Female,Non-Hispanic Black,25.2,Overweight (25-29.9),5.04,114,69,0,0,No hypertension,0
110409,52,40-59,5.2,Female,Non-Hispanic White,27.7,Overweight (25-29.9),5.54,134.66666666666666,88.66666666666667,1,1,Hypertension,1
110410,65,60-79,6.5,Female,Non-Hispanic Black,31.5,Obesity class 1 (30-34.9),6.3,103.33333333333333,56,1,1,Hypertension,1
110411,39,21-39,3.9,Female,Non-Hispanic White,45.1,Obesity class 2-3 (35+),9.02,106,75.66666666666667,0,0,No hypertension,0
110412,74,60-79,7.4,Male,Mexican American,25.7,Overweight (25-29.9),5.14,117,46,0,0,No hypertension,0
110414,28,21-39,2.8,Male,Non-Hispanic Black,22.5,Healthy weight (18.5-24.9),4.5,130.66666666666666,78,0,1,Hypertension,0
110415,50,40-59,5,Male,Non-Hispanic Asian,26.3,Overweight (25-29.9),5.26,124.33333333333333,77.33333333333333,0,0,No hypertension,0
110417,64,60-79,6.4,Female,Mexican American,36.1,Obesity class 2-3 (35+),7.220000000000001,104,70.66666666666667,1,1,Hypertension,1
110418,62,60-79,6.2,Female,Mexican American,37.1,Obesity class 2-3 (35+),7.42,123.66666666666667,67.66666666666667,1,1,Hypertension,1
110419,35,21-39,3.5,Female,Non-Hispanic Black,31.7,Obesity class 1 (30-34.9),6.34,102.66666666666667,61.333333333333336,0,0,No hypertension,0
110421,74,60-79,7.4,Female,Non-Hispanic White,33.5,Obesity class 1 (30-34.9),6.7,138,67,1,1,Hypertension,1
110422,47,40-59,4.7,Male,Non-Hispanic Black,33.5,Obesity class 1 (30-34.9),6.7,122,75,0,0,No hypertension,0
110425,31,21-39,3.1,Female,Non-Hispanic Asian,27.4,Overweight (25-29.9),5.4799999999999995,119,78.33333333333333,0,0,No hypertension,0
110426,62,60-79,6.2,Male,Non-Hispanic White,25.9,Overweight (25-29.9),5.18,101,66,0,0,No hypertension,0
110427,28,21-39,2.8,Female,Other/Multiracial,33.6,Obesity class 1 (30-34.9),6.720000000000001,100,65,0,0,No hypertension,0
110430,46,40-59,4.6,Female,Non-Hispanic White,29.5,Overweight (25-29.9),5.9,102,73,0,0,No hypertension,0
110431,65,60-79,6.5,Female,Non-Hispanic White,21.4,Healthy weight (18.5-24.9),4.279999999999999,118.66666666666667,72,0,0,No hypertension,0
110434,53,40-59,5.3,Male,Mexican American,42.3,Obesity class 2-3 (35+),8.459999999999999,162.66666666666666,93,1,1,Hypertension,1
110436,42,40-59,4.2,Female,Non-Hispanic Asian,20.7,Healthy weight (18.5-24.9),4.14,115,75.66666666666667,0,0,No hypertension,0
110438,61,60-79,6.1,Female,Other/Multiracial,33.4,Obesity class 1 (30-34.9),6.68,100,65,0,0,No hypertension,0
110441,64,60-79,6.4,Male,Non-Hispanic Black,34.8,Obesity class 1 (30-34.9),6.959999999999999,151.66666666666666,84.66666666666667,0,1,Hypertension,1
110442,38,21-39,3.8,Female,Other Hispanic,28.4,Overweight (25-29.9),5.68,113.33333333333333,73,1,1,Hypertension,1
110443,71,60-79,7.1,Female,Non-Hispanic Asian,19.2,Healthy weight (18.5-24.9),3.84,134,79.66666666666667,0,1,Hypertension,0
110445,34,21-39,3.4,Male,Non-Hispanic Black,52.2,Obesity class 2-3 (35+),10.440000000000001,107.66666666666667,75.66666666666667,0,0,No hypertension,0
110446,56,40-59,5.6,Male,Non-Hispanic White,30.9,Obesity class 1 (30-34.9),6.18,121.33333333333333,73,0,0,No hypertension,0
110449,53,40-59,5.3,Female,Non-Hispanic White,45.1,Obesity class 2-3 (35+),9.02,100.33333333333333,70.33333333333333,1,1,Hypertension,1
110450,39,21-39,3.9,Male,Mexican American,29.1,Overweight (25-29.9),5.82,119,80,0,1,Hypertension,0
110451,55,40-59,5.5,Male,Non-Hispanic White,44.8,Obesity class 2-3 (35+),8.959999999999999,114.33333333333333,77.33333333333333,1,1,Hypertension,1
110453,69,60-79,6.9,Female,Other Hispanic,31.1,Obesity class 1 (30-34.9),6.220000000000001,203.66666666666666,103,1,1,Hypertension,1
110454,60,60-79,6,Female,Non-Hispanic White,23.7,Healthy weight (18.5-24.9),4.74,142,81.33333333333333,0,1,Hypertension,1
110457,29,21-39,2.9,Male,Non-Hispanic White,34.5,Obesity class 1 (30-34.9),6.9,109.66666666666667,72,0,0,No hypertension,0
110460,31,21-39,3.1,Female,Non-Hispanic White,26.6,Overweight (25-29.9),5.32,117.33333333333333,76,0,0,No hypertension,0
110461,50,40-59,5,Male,Non-Hispanic White,23.2,Healthy weight (18.5-24.9),4.64,132,83.66666666666667,0,1,Hypertension,0
110464,47,40-59,4.7,Female,Non-Hispanic White,21.7,Healthy weight (18.5-24.9),4.34,118.33333333333333,78.66666666666667,0,0,No hypertension,0
110467,33,21-39,3.3,Female,Non-Hispanic Black,33.1,Obesity class 1 (30-34.9),6.62,112.66666666666667,79.33333333333333,0,0,No hypertension,0
110468,62,60-79,6.2,Male,Other/Multiracial,44.7,Obesity class 2-3 (35+),8.940000000000001,117,61.666666666666664,1,1,Hypertension,1
110473,44,40-59,4.4,Male,Non-Hispanic Asian,24.7,Healthy weight (18.5-24.9),4.9399999999999995,104,62.666666666666664,0,0,No hypertension,0
110474,56,40-59,5.6,Female,Non-Hispanic Black,33.8,Obesity class 1 (30-34.9),6.76,123,83.66666666666667,0,1,Hypertension,0
110476,22,21-39,2.2,Female,Other/Multiracial,29,Overweight (25-29.9),5.8,107.66666666666667,66.66666666666667,0,0,No hypertension,0
110477,23,21-39,2.3,Male,Non-Hispanic Black,29.1,Overweight (25-29.9),5.82,107.33333333333333,73,0,0,No hypertension,0
110479,69,60-79,6.9,Female,Non-Hispanic Black,30.3,Obesity class 1 (30-34.9),6.0600000000000005,128.66666666666666,95,1,1,Hypertension,1
110482,77,60-79,7.7,Male,Non-Hispanic White,31.8,Obesity class 1 (30-34.9),6.36,138,73,0,1,Hypertension,0
110488,71,60-79,7.1,Male,Non-Hispanic Black,37.9,Obesity class 2-3 (35+),7.58,143.66666666666666,71.33333333333333,1,1,Hypertension,1
110490,23,21-39,2.3,Female,Other Hispanic,16.1,Underweight (<18.5),3.22,106.66666666666667,62.333333333333336,0,0,No hypertension,0
110492,39,21-39,3.9,Female,Non-Hispanic Black,30.7,Obesity class 1 (30-34.9),6.14,129,78.66666666666667,0,0,No hypertension,0
110493,37,21-39,3.7,Female,Non-Hispanic Black,37.6,Obesity class 2-3 (35+),7.5200000000000005,114.66666666666667,59.333333333333336,0,0,No hypertension,0
110494,49,40-59,4.9,Male,Non-Hispanic Black,27.6,Overweight (25-29.9),5.5200000000000005,164.66666666666666,94.33333333333333,0,1,Hypertension,1
110495,54,40-59,5.4,Female,Non-Hispanic White,62.1,Obesity class 2-3 (35+),12.42,129,79,0,0,No hypertension,0
110496,52,40-59,5.2,Female,Non-Hispanic White,32,Obesity class 1 (30-34.9),6.4,118,80.66666666666667,1,1,Hypertension,1
110498,54,40-59,5.4,Female,Non-Hispanic Asian,26.1,Overweight (25-29.9),5.220000000000001,135,83.33333333333333,0,1,Hypertension,0
110503,34,21-39,3.4,Female,Non-Hispanic White,33.9,Obesity class 1 (30-34.9),6.779999999999999,112,73.33333333333333,0,0,No hypertension,0
110506,65,60-79,6.5,Male,Non-Hispanic White,22.3,Healthy weight (18.5-24.9),4.46,121.33333333333333,59,0,0,No hypertension,0
110508,61,60-79,6.1,Female,Non-Hispanic Black,25.2,Overweight (25-29.9),5.04,131.66666666666666,88,1,1,Hypertension,1
110509,60,60-79,6,Male,Non-Hispanic White,26,Overweight (25-29.9),5.2,136,87.66666666666667,0,1,Hypertension,0
110510,59,40-59,5.9,Female,Non-Hispanic Black,31.1,Obesity class 1 (30-34.9),6.220000000000001,125,72,1,1,Hypertension,1
110511,23,21-39,2.3,Female,Non-Hispanic Black,43.3,Obesity class 2-3 (35+),8.66,98.66666666666667,60.333333333333336,0,0,No hypertension,0
110514,64,60-79,6.4,Male,Non-Hispanic Black,26,Overweight (25-29.9),5.2,172.66666666666666,89.66666666666667,0,1,Hypertension,1
110515,55,40-59,5.5,Female,Non-Hispanic White,20.9,Healthy weight (18.5-24.9),4.18,125,64.66666666666667,0,0,No hypertension,0
110518,57,40-59,5.7,Female,Non-Hispanic White,25.5,Overweight (25-29.9),5.1,135,72.33333333333333,0,1,Hypertension,0
110520,25,21-39,2.5,Male,Mexican American,23.8,Healthy weight (18.5-24.9),4.76,119.66666666666667,68.66666666666667,0,0,No hypertension,0
110522,64,60-79,6.4,Male,Non-Hispanic Black,33.8,Obesity class 1 (30-34.9),6.76,164.66666666666666,78,1,1,Hypertension,1
110524,58,40-59,5.8,Male,Non-Hispanic Black,33.2,Obesity class 1 (30-34.9),6.640000000000001,145.33333333333334,88.33333333333333,1,1,Hypertension,1
110526,23,21-39,2.3,Male,Non-Hispanic White,26.4,Overweight (25-29.9),5.279999999999999,107,65,0,0,No hypertension,0
110527,39,21-39,3.9,Female,Non-Hispanic Black,38,Obesity class 2-3 (35+),7.6,102.66666666666667,63.666666666666664,0,0,No hypertension,0
110528,39,21-39,3.9,Female,Non-Hispanic Black,27.3,Overweight (25-29.9),5.46,124.66666666666667,79.33333333333333,0,0,No hypertension,0
110529,43,40-59,4.3,Female,Non-Hispanic Black,44,Obesity class 2-3 (35+),8.8,122.66666666666667,89,0,1,Hypertension,0
110530,46,40-59,4.6,Male,Non-Hispanic Black,31.2,Obesity class 1 (30-34.9),6.24,183.66666666666666,118.33333333333333,0,1,Hypertension,1
110531,68,60-79,6.8,Female,Non-Hispanic Black,36.9,Obesity class 2-3 (35+),7.38,145.33333333333334,79,1,1,Hypertension,1
110532,57,40-59,5.7,Female,Non-Hispanic White,37.3,Obesity class 2-3 (35+),7.459999999999999,144,73.66666666666667,1,1,Hypertension,1
110535,36,21-39,3.6,Male,Non-Hispanic Black,29.7,Overweight (25-29.9),5.9399999999999995,119,76.33333333333333,0,0,No hypertension,0
110538,63,60-79,6.3,Female,Non-Hispanic Black,56.1,Obesity class 2-3 (35+),11.22,134.66666666666666,82.33333333333333,1,1,Hypertension,1
110540,28,21-39,2.8,Female,Non-Hispanic Asian,24.3,Healthy weight (18.5-24.9),4.86,101.33333333333333,61.333333333333336,0,0,No hypertension,0
110543,27,21-39,2.7,Female,Non-Hispanic Asian,20.6,Healthy weight (18.5-24.9),4.12,91,58.666666666666664,0,0,No hypertension,0
110544,61,60-79,6.1,Male,Non-Hispanic White,29.8,Overweight (25-29.9),5.96,118.66666666666667,79.66666666666667,1,1,Hypertension,1
110545,37,21-39,3.7,Male,Non-Hispanic White,42.9,Obesity class 2-3 (35+),8.58,125.66666666666667,94.66666666666667,0,1,Hypertension,1
110547,40,40-59,4,Male,Non-Hispanic White,27.5,Overweight (25-29.9),5.5,112.66666666666667,70,0,0,No hypertension,0
110548,55,40-59,5.5,Female,Mexican American,36,Obesity class 2-3 (35+),7.2,196.33333333333334,105,0,1,Hypertension,1
110550,39,21-39,3.9,Male,Mexican American,32.8,Obesity class 1 (30-34.9),6.56,116.66666666666667,66,0,0,No hypertension,0
110551,47,40-59,4.7,Male,Other Hispanic,27.4,Overweight (25-29.9),5.4799999999999995,122,73,0,0,No hypertension,0
110552,34,21-39,3.4,Female,Mexican American,33.5,Obesity class 1 (30-34.9),6.7,106,71.33333333333333,0,0,No hypertension,0
110553,24,21-39,2.4,Female,Non-Hispanic Asian,22.8,Healthy weight (18.5-24.9),4.5600000000000005,114,65.66666666666667,0,0,No hypertension,0
110555,49,40-59,4.9,Female,Non-Hispanic Black,36.4,Obesity class 2-3 (35+),7.279999999999999,115.66666666666667,75.66666666666667,1,1,Hypertension,1
110558,61,60-79,6.1,Female,Non-Hispanic Black,19.9,Healthy weight (18.5-24.9),3.9799999999999995,135.33333333333334,82,0,1,Hypertension,0
110560,31,21-39,3.1,Male,Other/Multiracial,31.4,Obesity class 1 (30-34.9),6.279999999999999,133.33333333333334,93,0,1,Hypertension,1
110565,27,21-39,2.7,Female,Non-Hispanic White,23.6,Healthy weight (18.5-24.9),4.720000000000001,128.66666666666666,83.33333333333333,0,1,Hypertension,0
110567,34,21-39,3.4,Male,Non-Hispanic Black,33.4,Obesity class 1 (30-34.9),6.68,114.33333333333333,67.66666666666667,0,0,No hypertension,0
110571,59,40-59,5.9,Female,Non-Hispanic Black,24.7,Healthy weight (18.5-24.9),4.9399999999999995,126.66666666666667,67.33333333333333,1,1,Hypertension,1
110573,61,60-79,6.1,Male,Non-Hispanic White,24.1,Healthy weight (18.5-24.9),4.82,146.66666666666666,80.66666666666667,0,1,Hypertension,1
110576,37,21-39,3.7,Female,Non-Hispanic White,29.7,Overweight (25-29.9),5.9399999999999995,108.66666666666667,72.66666666666667,0,0,No hypertension,0
110578,66,60-79,6.6,Male,Non-Hispanic Black,31.7,Obesity class 1 (30-34.9),6.34,139,63,1,1,Hypertension,1
110579,48,40-59,4.8,Male,Non-Hispanic Black,37.5,Obesity class 2-3 (35+),7.5,131.66666666666666,92.66666666666667,0,1,Hypertension,1
110581,40,40-59,4,Female,Non-Hispanic White,38.8,Obesity class 2-3 (35+),7.76,109.66666666666667,77.66666666666667,0,0,No hypertension,0
110582,41,40-59,4.1,Male,Non-Hispanic Asian,30.8,Obesity class 1 (30-34.9),6.16,125.66666666666667,80.66666666666667,1,1,Hypertension,1
110586,69,60-79,6.9,Male,Non-Hispanic Black,21.7,Healthy weight (18.5-24.9),4.34,123,72.66666666666667,0,0,No hypertension,0
110588,65,60-79,6.5,Female,Non-Hispanic Black,31,Obesity class 1 (30-34.9),6.2,109,68.33333333333333,1,1,Hypertension,1
110597,57,40-59,5.7,Female,Other/Multiracial,37.3,Obesity class 2-3 (35+),7.459999999999999,130.66666666666666,70,0,1,Hypertension,0
110603,56,40-59,5.6,Male,Other/Multiracial,24.3,Healthy weight (18.5-24.9),4.86,150.33333333333334,89.66666666666667,0,1,Hypertension,1
110606,33,21-39,3.3,Female,Non-Hispanic White,39,Obesity class 2-3 (35+),7.8,96.66666666666667,63.333333333333336,0,0,No hypertension,0
110608,60,60-79,6,Male,Other Hispanic,42,Obesity class 2-3 (35+),8.4,194,94.66666666666667,0,1,Hypertension,1
110610,29,21-39,2.9,Female,Other Hispanic,42,Obesity class 2-3 (35+),8.4,101.33333333333333,70,0,0,No hypertension,0
110611,67,60-79,6.7,Female,Non-Hispanic White,28.7,Overweight (25-29.9),5.74,133.33333333333334,83.33333333333333,0,1,Hypertension,0
110613,53,40-59,5.3,Male,Non-Hispanic Asian,24.8,Healthy weight (18.5-24.9),4.96,113,64,0,0,No hypertension,0
110614,44,40-59,4.4,Male,Mexican American,27.8,Overweight (25-29.9),5.5600000000000005,122,80.66666666666667,0,1,Hypertension,0
110615,75,60-79,7.5,Female,Non-Hispanic Black,23.2,Healthy weight (18.5-24.9),4.64,153,95.33333333333333,1,1,Hypertension,1
110617,75,60-79,7.5,Male,Non-Hispanic White,23.5,Healthy weight (18.5-24.9),4.7,128.33333333333334,59,0,0,No hypertension,0
110621,62,60-79,6.2,Male,Non-Hispanic White,27.5,Overweight (25-29.9),5.5,149,83.66666666666667,0,1,Hypertension,1
110624,43,40-59,4.3,Male,Non-Hispanic Asian,27.3,Overweight (25-29.9),5.46,118.66666666666667,70.33333333333333,0,0,No hypertension,0
110625,78,60-79,7.8,Female,Non-Hispanic White,36.6,Obesity class 2-3 (35+),7.32,138.33333333333334,71,0,1,Hypertension,0
110626,33,21-39,3.3,Female,Mexican American,35.7,Obesity class 2-3 (35+),7.140000000000001,105.33333333333333,73,0,0,No hypertension,0
110627,31,21-39,3.1,Male,Other Hispanic,28.1,Overweight (25-29.9),5.62,108,61.333333333333336,0,0,No hypertension,0
110628,63,60-79,6.3,Female,Non-Hispanic White,24.6,Healthy weight (18.5-24.9),4.92,135,81.66666666666667,0,1,Hypertension,0
110631,55,40-59,5.5,Female,Non-Hispanic White,28.2,Overweight (25-29.9),5.64,111,77,0,0,No hypertension,0
110637,49,40-59,4.9,Female,Non-Hispanic White,56.5,Obesity class 2-3 (35+),11.3,116.66666666666667,80,0,1,Hypertension,0
110638,60,60-79,6,Male,Mexican American,56.3,Obesity class 2-3 (35+),11.26,138.66666666666666,77.33333333333333,0,1,Hypertension,0
110639,52,40-59,5.2,Male,Non-Hispanic White,32.6,Obesity class 1 (30-34.9),6.5200000000000005,127.66666666666667,81.33333333333333,0,1,Hypertension,0
110640,59,40-59,5.9,Female,Non-Hispanic White,32.2,Obesity class 1 (30-34.9),6.44,140.33333333333334,79,0,1,Hypertension,1
110645,43,40-59,4.3,Female,Non-Hispanic Black,41.5,Obesity class 2-3 (35+),8.3,107.33333333333333,67.66666666666667,0,0,No hypertension,0
110651,63,60-79,6.3,Male,Non-Hispanic Black,26.1,Overweight (25-29.9),5.220000000000001,103.66666666666667,68,0,0,No hypertension,0
110653,38,21-39,3.8,Male,Non-Hispanic Black,20.3,Healthy weight (18.5-24.9),4.0600000000000005,114.66666666666667,72.33333333333333,0,0,No hypertension,0
110655,39,21-39,3.9,Male,Non-Hispanic White,41.3,Obesity class 2-3 (35+),8.26,105.66666666666667,67.66666666666667,1,1,Hypertension,1
110657,28,21-39,2.8,Male,Non-Hispanic Black,22.8,Healthy weight (18.5-24.9),4.5600000000000005,117.66666666666667,55.666666666666664,0,0,No hypertension,0
110661,47,40-59,4.7,Male,Non-Hispanic White,52.3,Obesity class 2-3 (35+),10.459999999999999,131.33333333333334,81,1,1,Hypertension,1
110662,76,60-79,7.6,Female,Non-Hispanic White,33.5,Obesity class 1 (30-34.9),6.7,138.33333333333334,77.66666666666667,1,1,Hypertension,1
110663,59,40-59,5.9,Male,Non-Hispanic White,29.9,Overweight (25-29.9),5.9799999999999995,141,92.33333333333333,1,1,Hypertension,1
110665,58,40-59,5.8,Female,Other Hispanic,35.8,Obesity class 2-3 (35+),7.159999999999999,110.66666666666667,66,0,0,No hypertension,0
110669,30,21-39,3,Male,Non-Hispanic Black,36.3,Obesity class 2-3 (35+),7.26,98.33333333333333,61,0,0,No hypertension,0
110673,69,60-79,6.9,Male,Non-Hispanic Black,38.1,Obesity class 2-3 (35+),7.62,129.66666666666666,93,1,1,Hypertension,1
110674,44,40-59,4.4,Male,Other/Multiracial,35.4,Obesity class 2-3 (35+),7.08,128,89,1,1,Hypertension,1
110678,36,21-39,3.6,Male,Non-Hispanic White,19.3,Healthy weight (18.5-24.9),3.8600000000000003,128.33333333333334,81,0,1,Hypertension,0
110681,28,21-39,2.8,Male,Non-Hispanic White,20.6,Healthy weight (18.5-24.9),4.12,119,65,0,0,No hypertension,0
110682,54,40-59,5.4,Male,Non-Hispanic Black,25.8,Overweight (25-29.9),5.16,169.66666666666666,103.66666666666667,1,1,Hypertension,1
110684,23,21-39,2.3,Female,Non-Hispanic Black,23.6,Healthy weight (18.5-24.9),4.720000000000001,102.33333333333333,71.66666666666667,0,0,No hypertension,0
110686,38,21-39,3.8,Male,Non-Hispanic Black,22.2,Healthy weight (18.5-24.9),4.4399999999999995,101,63.666666666666664,0,0,No hypertension,0
110687,61,60-79,6.1,Male,Non-Hispanic Black,39.5,Obesity class 2-3 (35+),7.9,142.66666666666666,80.33333333333333,1,1,Hypertension,1
110688,34,21-39,3.4,Female,Non-Hispanic Asian,18.7,Healthy weight (18.5-24.9),3.7399999999999998,114.66666666666667,74.66666666666667,0,0,No hypertension,0
110690,52,40-59,5.2,Male,Non-Hispanic Black,23.5,Healthy weight (18.5-24.9),4.7,130.66666666666666,77.33333333333333,0,1,Hypertension,0
110692,27,21-39,2.7,Male,Other/Multiracial,18.9,Healthy weight (18.5-24.9),3.78,127,73.66666666666667,0,0,No hypertension,0
110698,67,60-79,6.7,Female,Non-Hispanic Black,30.2,Obesity class 1 (30-34.9),6.04,181.66666666666666,106.33333333333333,1,1,Hypertension,1
110699,56,40-59,5.6,Female,Non-Hispanic Black,39.9,Obesity class 2-3 (35+),7.9799999999999995,108.33333333333333,66.33333333333333,1,1,Hypertension,1
110700,68,60-79,6.8,Male,Non-Hispanic Black,28.7,Overweight (25-29.9),5.74,136,87.66666666666667,0,1,Hypertension,0
110702,39,21-39,3.9,Male,Non-Hispanic Black,31,Obesity class 1 (30-34.9),6.2,124.66666666666667,70.33333333333333,1,1,Hypertension,1
110703,78,60-79,7.8,Male,Non-Hispanic Black,25.5,Overweight (25-29.9),5.1,159.33333333333334,56,1,1,Hypertension,1
110704,63,60-79,6.3,Male,Non-Hispanic Black,24.1,Healthy weight (18.5-24.9),4.82,106.33333333333333,75.66666666666667,0,0,No hypertension,0
110705,40,40-59,4,Male,Non-Hispanic Asian,23.5,Healthy weight (18.5-24.9),4.7,114.66666666666667,76.33333333333333,0,0,No hypertension,0
110706,51,40-59,5.1,Male,Other Hispanic,27.3,Overweight (25-29.9),5.46,123.66666666666667,78.66666666666667,0,0,No hypertension,0
110709,70,60-79,7,Male,Non-Hispanic White,34.3,Obesity class 1 (30-34.9),6.859999999999999,114.66666666666667,62,0,0,No hypertension,0
110710,69,60-79,6.9,Male,Non-Hispanic Black,26.7,Overweight (25-29.9),5.34,132.33333333333334,77,1,1,Hypertension,1
110711,40,40-59,4,Female,Mexican American,32.7,Obesity class 1 (30-34.9),6.540000000000001,101,71,0,0,No hypertension,0
110712,59,40-59,5.9,Female,Mexican American,25.9,Overweight (25-29.9),5.18,123.66666666666667,73,0,0,No hypertension,0
110713,26,21-39,2.6,Female,Non-Hispanic Asian,22.3,Healthy weight (18.5-24.9),4.46,98.33333333333333,66,0,0,No hypertension,0
110714,67,60-79,6.7,Female,Non-Hispanic Asian,27,Overweight (25-29.9),5.4,175.66666666666666,86.33333333333333,0,1,Hypertension,1
110715,55,40-59,5.5,Male,Non-Hispanic Asian,22.5,Healthy weight (18.5-24.9),4.5,122.33333333333333,71.66666666666667,0,0,No hypertension,0
110716,55,40-59,5.5,Female,Non-Hispanic Asian,28.3,Overweight (25-29.9),5.66,124.66666666666667,75,0,0,No hypertension,0
110717,61,60-79,6.1,Female,Non-Hispanic Black,18.8,Healthy weight (18.5-24.9),3.7600000000000002,128,78.33333333333333,0,0,No hypertension,0
110718,32,21-39,3.2,Male,Non-Hispanic Black,45,Obesity class 2-3 (35+),9,146,106.66666666666667,0,1,Hypertension,1
110722,25,21-39,2.5,Male,Mexican American,47.6,Obesity class 2-3 (35+),9.52,99,71,0,0,No hypertension,0
110723,73,60-79,7.3,Male,Other/Multiracial,24.5,Healthy weight (18.5-24.9),4.9,183.66666666666666,86.66666666666667,0,1,Hypertension,1
110726,62,60-79,6.2,Male,Non-Hispanic Black,25.4,Overweight (25-29.9),5.08,109.66666666666667,65.33333333333333,1,1,Hypertension,1
110728,72,60-79,7.2,Male,Non-Hispanic White,28.4,Overweight (25-29.9),5.68,122,75,1,1,Hypertension,1
110730,29,21-39,2.9,Female,Non-Hispanic White,22.2,Healthy weight (18.5-24.9),4.4399999999999995,97,60,0,0,No hypertension,0
110736,49,40-59,4.9,Female,Mexican American,31,Obesity class 1 (30-34.9),6.2,102,59.333333333333336,0,0,No hypertension,0
110737,77,60-79,7.7,Male,Non-Hispanic White,38.3,Obesity class 2-3 (35+),7.659999999999999,83,43,1,1,Hypertension,1
110739,40,40-59,4,Female,Non-Hispanic White,26.3,Overweight (25-29.9),5.26,103,63.666666666666664,0,0,No hypertension,0
110742,55,40-59,5.5,Male,Non-Hispanic Asian,22.6,Healthy weight (18.5-24.9),4.5200000000000005,130,76.66666666666667,0,1,Hypertension,0
110748,24,21-39,2.4,Female,Non-Hispanic Black,20.3,Healthy weight (18.5-24.9),4.0600000000000005,94.33333333333333,55.666666666666664,0,0,No hypertension,0
110750,52,40-59,5.2,Male,Other Hispanic,31.5,Obesity class 1 (30-34.9),6.3,143.33333333333334,92.33333333333333,0,1,Hypertension,1
110751,69,60-79,6.9,Female,Non-Hispanic White,41.4,Obesity class 2-3 (35+),8.28,131,70.33333333333333,1,1,Hypertension,1
110752,28,21-39,2.8,Male,Non-Hispanic White,31.6,Obesity class 1 (30-34.9),6.32,128.66666666666666,81.66666666666667,0,1,Hypertension,0
110753,36,21-39,3.6,Male,Other Hispanic,29.4,Overweight (25-29.9),5.88,120,75.33333333333333,0,0,No hypertension,0
110757,45,40-59,4.5,Male,Non-Hispanic White,58,Obesity class 2-3 (35+),11.6,107.33333333333333,68.66666666666667,0,0,No hypertension,0
110759,54,40-59,5.4,Male,Non-Hispanic Black,37.9,Obesity class 2-3 (35+),7.58,153.33333333333334,92,1,1,Hypertension,1
110760,28,21-39,2.8,Male,Mexican American,31.3,Obesity class 1 (30-34.9),6.26,120.66666666666667,74.33333333333333,0,0,No hypertension,0
110762,66,60-79,6.6,Male,Non-Hispanic White,41.1,Obesity class 2-3 (35+),8.22,131.33333333333334,89.66666666666667,0,1,Hypertension,0
110763,71,60-79,7.1,Male,Non-Hispanic White,36.9,Obesity class 2-3 (35+),7.38,148.66666666666666,89.33333333333333,1,1,Hypertension,1
110765,59,40-59,5.9,Female,Non-Hispanic Black,31,Obesity class 1 (30-34.9),6.2,132,88.33333333333333,0,1,Hypertension,0
110770,67,60-79,6.7,Male,Non-Hispanic Asian,24.1,Healthy weight (18.5-24.9),4.82,122,74.33333333333333,1,1,Hypertension,1
110771,34,21-39,3.4,Female,Non-Hispanic Black,30.8,Obesity class 1 (30-34.9),6.16,107.33333333333333,63.666666666666664,0,0,No hypertension,0
110775,71,60-79,7.1,Male,Other Hispanic,33.4,Obesity class 1 (30-34.9),6.68,130.33333333333334,75.33333333333333,0,1,Hypertension,0
110776,62,60-79,6.2,Female,Non-Hispanic Asian,23.8,Healthy weight (18.5-24.9),4.76,140.33333333333334,77.33333333333333,1,1,Hypertension,1
110777,69,60-79,6.9,Female,Non-Hispanic Black,30.4,Obesity class 1 (30-34.9),6.08,133,57.666666666666664,1,1,Hypertension,1
110779,70,60-79,7,Female,Non-Hispanic White,24.3,Healthy weight (18.5-24.9),4.86,126,80.33333333333333,0,1,Hypertension,0
110780,37,21-39,3.7,Female,Non-Hispanic Black,34.6,Obesity class 1 (30-34.9),6.92,116.33333333333333,80,0,1,Hypertension,0
110781,62,60-79,6.2,Male,Non-Hispanic White,35.3,Obesity class 2-3 (35+),7.06,118,74.66666666666667,1,1,Hypertension,1
110784,32,21-39,3.2,Female,Non-Hispanic Black,25.3,Overweight (25-29.9),5.0600000000000005,115.33333333333333,70,0,0,No hypertension,0
110789,36,21-39,3.6,Female,Mexican American,32.9,Obesity class 1 (30-34.9),6.58,91,59,0,0,No hypertension,0
110791,56,40-59,5.6,Female,Non-Hispanic Asian,24.5,Healthy weight (18.5-24.9),4.9,131.33333333333334,64,0,1,Hypertension,0
110792,44,40-59,4.4,Female,Non-Hispanic Asian,19.4,Healthy weight (18.5-24.9),3.88,110.33333333333333,63,0,0,No hypertension,0
110795,47,40-59,4.7,Female,Non-Hispanic Black,38.5,Obesity class 2-3 (35+),7.7,128.66666666666666,83.33333333333333,0,1,Hypertension,0
110796,50,40-59,5,Female,Mexican American,33.1,Obesity class 1 (30-34.9),6.62,116.33333333333333,72.66666666666667,0,0,No hypertension,0
110800,22,21-39,2.2,Male,Non-Hispanic White,25.3,Overweight (25-29.9),5.0600000000000005,119.66666666666667,64.66666666666667,0,0,No hypertension,0
110806,53,40-59,5.3,Female,Non-Hispanic White,37.6,Obesity class 2-3 (35+),7.5200000000000005,138,76.66666666666667,0,1,Hypertension,0
110810,70,60-79,7,Male,Non-Hispanic Black,35.6,Obesity class 2-3 (35+),7.12,112.66666666666667,84.33333333333333,1,1,Hypertension,1
110811,45,40-59,4.5,Female,Other Hispanic,27.2,Overweight (25-29.9),5.4399999999999995,119,75.66666666666667,0,0,No hypertension,0
110813,66,60-79,6.6,Male,Non-Hispanic Black,34.7,Obesity class 1 (30-34.9),6.94,118.66666666666667,73.33333333333333,1,1,Hypertension,1
110814,21,21-39,2.1,Male,Non-Hispanic White,42.5,Obesity class 2-3 (35+),8.5,106.66666666666667,70.66666666666667,0,0,No hypertension,0
110816,29,21-39,2.9,Female,Non-Hispanic Black,30.7,Obesity class 1 (30-34.9),6.14,121.33333333333333,79,0,0,No hypertension,0
110820,63,60-79,6.3,Male,Mexican American,34.3,Obesity class 1 (30-34.9),6.859999999999999,160,92.33333333333333,1,1,Hypertension,1
110821,79,60-79,7.9,Female,Non-Hispanic White,31.9,Obesity class 1 (30-34.9),6.38,139.33333333333334,64.33333333333333,0,1,Hypertension,0
110822,73,60-79,7.3,Male,Non-Hispanic White,25.7,Overweight (25-29.9),5.14,148.66666666666666,77,1,1,Hypertension,1
110824,37,21-39,3.7,Female,Non-Hispanic Black,32.7,Obesity class 1 (30-34.9),6.540000000000001,95.66666666666667,69,0,0,No hypertension,0
110830,33,21-39,3.3,Male,Non-Hispanic Black,26.9,Overweight (25-29.9),5.38,107.66666666666667,60,0,0,No hypertension,0
110833,68,60-79,6.8,Female,Non-Hispanic White,25.7,Overweight (25-29.9),5.14,104,64.66666666666667,0,0,No hypertension,0
110834,72,60-79,7.2,Male,Non-Hispanic White,49.7,Obesity class 2-3 (35+),9.940000000000001,99.66666666666667,54,1,1,Hypertension,1
110835,50,40-59,5,Female,Non-Hispanic Black,34.2,Obesity class 1 (30-34.9),6.840000000000001,115,74,0,0,No hypertension,0
110836,45,40-59,4.5,Male,Non-Hispanic Black,41.9,Obesity class 2-3 (35+),8.379999999999999,140,88.66666666666667,0,1,Hypertension,1
110841,54,40-59,5.4,Male,Non-Hispanic White,44.4,Obesity class 2-3 (35+),8.879999999999999,115.66666666666667,73.33333333333333,0,0,No hypertension,0
110842,51,40-59,5.1,Male,Non-Hispanic Asian,21.4,Healthy weight (18.5-24.9),4.279999999999999,128.66666666666666,79,0,0,No hypertension,0
110849,79,60-79,7.9,Male,Other/Multiracial,29.5,Overweight (25-29.9),5.9,115.66666666666667,65.66666666666667,1,1,Hypertension,1
110851,26,21-39,2.6,Female,Non-Hispanic White,18,Underweight (<18.5),3.6,108.33333333333333,49.666666666666664,0,0,No hypertension,0
110852,61,60-79,6.1,Male,Non-Hispanic Black,33.1,Obesity class 1 (30-34.9),6.62,162.66666666666666,96.33333333333333,1,1,Hypertension,1
110853,42,40-59,4.2,Male,Other Hispanic,26.7,Overweight (25-29.9),5.34,150,100.66666666666667,0,1,Hypertension,1
110854,38,21-39,3.8,Male,Other/Multiracial,23.2,Healthy weight (18.5-24.9),4.64,135.66666666666666,82.66666666666667,0,1,Hypertension,0
110857,40,40-59,4,Male,Non-Hispanic Asian,27.4,Overweight (25-29.9),5.4799999999999995,121.33333333333333,83.66666666666667,0,1,Hypertension,0
110859,65,60-79,6.5,Male,Non-Hispanic Black,39.4,Obesity class 2-3 (35+),7.88,138.66666666666666,69.66666666666667,0,1,Hypertension,0
110861,67,60-79,6.7,Female,Mexican American,25,Overweight (25-29.9),5,146.66666666666666,67.33333333333333,0,1,Hypertension,1
110862,26,21-39,2.6,Male,Other/Multiracial,22.5,Healthy weight (18.5-24.9),4.5,122.33333333333333,62,0,0,No hypertension,0
110865,24,21-39,2.4,Male,Non-Hispanic White,25.5,Overweight (25-29.9),5.1,119.33333333333333,56.333333333333336,0,0,No hypertension,0
110868,40,40-59,4,Male,Non-Hispanic Black,37.5,Obesity class 2-3 (35+),7.5,137.66666666666666,94.33333333333333,0,1,Hypertension,1
110870,78,60-79,7.8,Male,Mexican American,27.4,Overweight (25-29.9),5.4799999999999995,214,67.33333333333333,1,1,Hypertension,1
110872,51,40-59,5.1,Female,Non-Hispanic Asian,23.7,Healthy weight (18.5-24.9),4.74,122.33333333333333,76.66666666666667,0,0,No hypertension,0
110875,63,60-79,6.3,Male,Non-Hispanic White,25.2,Overweight (25-29.9),5.04,130.5,74,1,1,Hypertension,1
110876,56,40-59,5.6,Male,Other Hispanic,30.7,Obesity class 1 (30-34.9),6.14,142,75.33333333333333,0,1,Hypertension,1
110879,50,40-59,5,Male,Non-Hispanic Black,25.6,Overweight (25-29.9),5.12,133.66666666666666,88.33333333333333,1,1,Hypertension,1
110881,29,21-39,2.9,Female,Non-Hispanic White,29.1,Overweight (25-29.9),5.82,97.66666666666667,62,0,0,No hypertension,0
110884,79,60-79,7.9,Male,Non-Hispanic White,23.7,Healthy weight (18.5-24.9),4.74,153.66666666666666,74,1,1,Hypertension,1
110886,64,60-79,6.4,Male,Non-Hispanic White,32,Obesity class 1 (30-34.9),6.4,122.66666666666667,80,0,1,Hypertension,0
110888,68,60-79,6.8,Female,Non-Hispanic Black,35.2,Obesity class 2-3 (35+),7.040000000000001,176.66666666666666,81,1,1,Hypertension,1
110889,71,60-79,7.1,Female,Non-Hispanic Black,29.8,Overweight (25-29.9),5.96,112,49.333333333333336,1,1,Hypertension,1
110890,41,40-59,4.1,Female,Non-Hispanic Black,26.4,Overweight (25-29.9),5.279999999999999,106.66666666666667,73,0,0,No hypertension,0
110891,71,60-79,7.1,Female,Non-Hispanic White,30.8,Obesity class 1 (30-34.9),6.16,149.33333333333334,73.66666666666667,1,1,Hypertension,1
110894,50,40-59,5,Female,Non-Hispanic Black,39.2,Obesity class 2-3 (35+),7.840000000000001,108,74,0,0,No hypertension,0
110897,50,40-59,5,Male,Non-Hispanic Asian,27.4,Overweight (25-29.9),5.4799999999999995,123,79.33333333333333,0,0,No hypertension,0
110898,41,40-59,4.1,Male,Non-Hispanic Asian,34.6,Obesity class 1 (30-34.9),6.92,110.33333333333333,75,0,0,No hypertension,0
110899,29,21-39,2.9,Female,Non-Hispanic White,34.5,Obesity class 1 (30-34.9),6.9,109.33333333333333,75.66666666666667,0,0,No hypertension,0
110900,62,60-79,6.2,Female,Other Hispanic,37.9,Obesity class 2-3 (35+),7.58,120,69.66666666666667,1,1,Hypertension,1
110905,42,40-59,4.2,Female,Non-Hispanic White,22.9,Healthy weight (18.5-24.9),4.58,104,65.66666666666667,0,0,No hypertension,0
110906,66,60-79,6.6,Female,Non-Hispanic Asian,25.3,Overweight (25-29.9),5.0600000000000005,123.33333333333333,61.333333333333336,0,0,No hypertension,0
110908,31,21-39,3.1,Male,Other/Multiracial,27.1,Overweight (25-29.9),5.42,140.33333333333334,95,0,1,Hypertension,1
110909,61,60-79,6.1,Female,Non-Hispanic Black,30.9,Obesity class 1 (30-34.9),6.18,120.66666666666667,78.33333333333333,1,1,Hypertension,1
110910,46,40-59,4.6,Male,Non-Hispanic White,25.9,Overweight (25-29.9),5.18,141.33333333333334,85.66666666666667,0,1,Hypertension,1
110916,33,21-39,3.3,Female,Mexican American,23,Healthy weight (18.5-24.9),4.6,115,74.33333333333333,0,0,No hypertension,0
110917,47,40-59,4.7,Male,Non-Hispanic Black,23.9,Healthy weight (18.5-24.9),4.779999999999999,128,82.33333333333333,0,1,Hypertension,0
110918,65,60-79,6.5,Male,Non-Hispanic Black,27.6,Overweight (25-29.9),5.5200000000000005,168.66666666666666,94,0,1,Hypertension,1
110920,67,60-79,6.7,Female,Mexican American,35.6,Obesity class 2-3 (35+),7.12,155,93,1,1,Hypertension,1
110921,33,21-39,3.3,Female,Non-Hispanic White,25.2,Overweight (25-29.9),5.04,111,68.66666666666667,0,0,No hypertension,0
110924,64,60-79,6.4,Male,Non-Hispanic Black,23.7,Healthy weight (18.5-24.9),4.74,191.66666666666666,117,0,1,Hypertension,1
110934,27,21-39,2.7,Male,Non-Hispanic Asian,30.9,Obesity class 1 (30-34.9),6.18,117.66666666666667,80.33333333333333,0,1,Hypertension,0
110935,61,60-79,6.1,Male,Other Hispanic,37.5,Obesity class 2-3 (35+),7.5,127.66666666666667,72.33333333333333,1,1,Hypertension,1
110939,31,21-39,3.1,Female,Other Hispanic,18.9,Healthy weight (18.5-24.9),3.78,109.66666666666667,77,0,0,No hypertension,0
110940,55,40-59,5.5,Female,Non-Hispanic Black,38.1,Obesity class 2-3 (35+),7.62,92.33333333333333,61.333333333333336,0,0,No hypertension,0
110941,59,40-59,5.9,Female,Non-Hispanic White,29.6,Overweight (25-29.9),5.92,124,80.66666666666667,1,1,Hypertension,1
110942,68,60-79,6.8,Female,Non-Hispanic Black,25.3,Overweight (25-29.9),5.0600000000000005,117.33333333333333,74.33333333333333,1,1,Hypertension,1
110944,73,60-79,7.3,Male,Non-Hispanic White,34,Obesity class 1 (30-34.9),6.8,134.66666666666666,58,0,1,Hypertension,0
110947,30,21-39,3,Female,Other/Multiracial,21.1,Healthy weight (18.5-24.9),4.220000000000001,95.33333333333333,56,0,0,No hypertension,0
110949,26,21-39,2.6,Female,Non-Hispanic Asian,25,Overweight (25-29.9),5,90.33333333333333,61.333333333333336,0,0,No hypertension,0
110950,57,40-59,5.7,Male,Non-Hispanic White,32.8,Obesity class 1 (30-34.9),6.56,108.33333333333333,73,0,0,No hypertension,0
110953,64,60-79,6.4,Female,Non-Hispanic Asian,25.8,Overweight (25-29.9),5.16,122.66666666666667,72.33333333333333,0,0,No hypertension,0
110954,24,21-39,2.4,Female,Non-Hispanic Black,19.7,Healthy weight (18.5-24.9),3.94,98.66666666666667,61.666666666666664,0,0,No hypertension,0
110956,76,60-79,7.6,Female,Non-Hispanic White,40.2,Obesity class 2-3 (35+),8.040000000000001,137,81.66666666666667,1,1,Hypertension,1
110957,31,21-39,3.1,Male,Non-Hispanic Asian,26.3,Overweight (25-29.9),5.26,116,77.66666666666667,0,0,No hypertension,0
110958,51,40-59,5.1,Male,Non-Hispanic Black,18.1,Underweight (<18.5),3.62,113,75.33333333333333,0,0,No hypertension,0
110959,63,60-79,6.3,Male,Non-Hispanic Black,40.8,Obesity class 2-3 (35+),8.16,138.66666666666666,73.66666666666667,1,1,Hypertension,1
110961,60,60-79,6,Male,Non-Hispanic Asian,33,Obesity class 1 (30-34.9),6.6,124,76.66666666666667,1,1,Hypertension,1
110966,29,21-39,2.9,Female,Non-Hispanic White,25.2,Overweight (25-29.9),5.04,114,70.66666666666667,0,0,No hypertension,0
110971,68,60-79,6.8,Male,Other Hispanic,35.1,Obesity class 2-3 (35+),7.0200000000000005,117.66666666666667,72,1,1,Hypertension,1
110975,58,40-59,5.8,Female,Non-Hispanic Asian,28,Overweight (25-29.9),5.6,152.33333333333334,86,1,1,Hypertension,1
110977,41,40-59,4.1,Male,Mexican American,36.8,Obesity class 2-3 (35+),7.359999999999999,128.66666666666666,85,0,1,Hypertension,0
110979,51,40-59,5.1,Male,Non-Hispanic Asian,29.1,Overweight (25-29.9),5.82,143.33333333333334,99.66666666666667,0,1,Hypertension,1
110981,39,21-39,3.9,Female,Non-Hispanic White,35.7,Obesity class 2-3 (35+),7.140000000000001,111.66666666666667,76.66666666666667,0,0,No hypertension,0
110984,44,40-59,4.4,Female,Non-Hispanic White,30.3,Obesity class 1 (30-34.9),6.0600000000000005,129.33333333333334,87,0,1,Hypertension,0
110985,25,21-39,2.5,Male,Non-Hispanic White,32.6,Obesity class 1 (30-34.9),6.5200000000000005,103,66,0,0,No hypertension,0
110986,68,60-79,6.8,Female,Non-Hispanic White,42.8,Obesity class 2-3 (35+),8.559999999999999,117.33333333333333,83,1,1,Hypertension,1
110987,51,40-59,5.1,Male,Non-Hispanic Black,21.8,Healthy weight (18.5-24.9),4.36,113.33333333333333,61.333333333333336,0,0,No hypertension,0
110990,71,60-79,7.1,Male,Non-Hispanic White,33.4,Obesity class 1 (30-34.9),6.68,127.66666666666667,83.66666666666667,0,1,Hypertension,0
110991,66,60-79,6.6,Male,Non-Hispanic White,32.3,Obesity class 1 (30-34.9),6.459999999999999,122,82,0,1,Hypertension,0
110993,60,60-79,6,Male,Non-Hispanic White,26.4,Overweight (25-29.9),5.279999999999999,150.66666666666666,72.66666666666667,0,1,Hypertension,1
110995,28,21-39,2.8,Female,Non-Hispanic White,21.3,Healthy weight (18.5-24.9),4.26,108.66666666666667,66,0,0,No hypertension,0
110996,70,60-79,7,Male,Non-Hispanic Black,30,Obesity class 1 (30-34.9),6,125.66666666666667,69,0,0,No hypertension,0
110997,40,40-59,4,Male,Non-Hispanic White,36.1,Obesity class 2-3 (35+),7.220000000000001,132.66666666666666,95,0,1,Hypertension,1
110998,25,21-39,2.5,Female,Non-Hispanic White,31.6,Obesity class 1 (30-34.9),6.32,107.33333333333333,65.33333333333333,0,0,No hypertension,0
110999,25,21-39,2.5,Female,Other/Multiracial,22.6,Healthy weight (18.5-24.9),4.5200000000000005,110.66666666666667,65,0,0,No hypertension,0
111002,79,60-79,7.9,Female,Non-Hispanic Black,21.6,Healthy weight (18.5-24.9),4.32,169.66666666666666,81.33333333333333,1,1,Hypertension,1
111003,23,21-39,2.3,Female,Non-Hispanic White,18.4,Underweight (<18.5),3.6799999999999997,106.66666666666667,65.66666666666667,0,0,No hypertension,0
111006,64,60-79,6.4,Male,Non-Hispanic Black,32.3,Obesity class 1 (30-34.9),6.459999999999999,142.66666666666666,66.66666666666667,1,1,Hypertension,1
111007,26,21-39,2.6,Male,Non-Hispanic White,22,Healthy weight (18.5-24.9),4.4,116.66666666666667,72,0,0,No hypertension,0
111011,47,40-59,4.7,Female,Mexican American,29.9,Overweight (25-29.9),5.9799999999999995,107.66666666666667,62.666666666666664,0,0,No hypertension,0
111014,54,40-59,5.4,Female,Other/Multiracial,52.9,Obesity class 2-3 (35+),10.58,141.33333333333334,79,1,1,Hypertension,1
111021,69,60-79,6.9,Male,Mexican American,27,Overweight (25-29.9),5.4,166.66666666666666,91,1,1,Hypertension,1
111023,61,60-79,6.1,Female,Non-Hispanic White,39,Obesity class 2-3 (35+),7.8,130,74.66666666666667,0,1,Hypertension,0
111027,21,21-39,2.1,Male,Non-Hispanic Black,19.8,Healthy weight (18.5-24.9),3.96,130,58.666666666666664,0,1,Hypertension,0
111030,69,60-79,6.9,Female,Non-Hispanic White,25.2,Overweight (25-29.9),5.04,168,72,0,1,Hypertension,1
111031,30,21-39,3,Male,Non-Hispanic Asian,27.1,Overweight (25-29.9),5.42,119.33333333333333,78,0,0,No hypertension,0
111032,47,40-59,4.7,Female,Non-Hispanic White,44,Obesity class 2-3 (35+),8.8,129.33333333333334,89.66666666666667,0,1,Hypertension,0
111036,75,60-79,7.5,Male,Non-Hispanic White,33.8,Obesity class 1 (30-34.9),6.76,105.66666666666667,57.666666666666664,1,1,Hypertension,1
111037,34,21-39,3.4,Male,Non-Hispanic White,23.4,Healthy weight (18.5-24.9),4.68,121.66666666666667,74.33333333333333,0,0,No hypertension,0
111040,48,40-59,4.8,Female,Non-Hispanic Black,27.8,Overweight (25-29.9),5.5600000000000005,113.66666666666667,69.33333333333333,1,1,Hypertension,1
111043,77,60-79,7.7,Male,Non-Hispanic Asian,21.8,Healthy weight (18.5-24.9),4.36,136.33333333333334,75,0,1,Hypertension,0
111045,38,21-39,3.8,Male,Mexican American,28.6,Overweight (25-29.9),5.720000000000001,103.66666666666667,67.66666666666667,0,0,No hypertension,0
111047,74,60-79,7.4,Female,Mexican American,23.8,Healthy weight (18.5-24.9),4.76,138,61.666666666666664,1,1,Hypertension,1
111050,46,40-59,4.6,Male,Non-Hispanic Asian,27.6,Overweight (25-29.9),5.5200000000000005,132,91,0,1,Hypertension,1
111051,23,21-39,2.3,Female,Non-Hispanic White,22.1,Healthy weight (18.5-24.9),4.42,118.33333333333333,77,0,0,No hypertension,0
111054,64,60-79,6.4,Male,Other Hispanic,26.1,Overweight (25-29.9),5.220000000000001,136.33333333333334,79,0,1,Hypertension,0
111058,32,21-39,3.2,Female,Mexican American,41.6,Obesity class 2-3 (35+),8.32,101.33333333333333,66.33333333333333,0,0,No hypertension,0
111060,23,21-39,2.3,Female,Non-Hispanic Black,35,Obesity class 2-3 (35+),7,100.33333333333333,62.333333333333336,0,0,No hypertension,0
111062,55,40-59,5.5,Male,Other/Multiracial,24.9,Healthy weight (18.5-24.9),4.9799999999999995,120.66666666666667,72.66666666666667,0,0,No hypertension,0
111063,60,60-79,6,Female,Other Hispanic,22.5,Healthy weight (18.5-24.9),4.5,119.33333333333333,60,0,0,No hypertension,0
111064,45,40-59,4.5,Male,Non-Hispanic White,34.1,Obesity class 1 (30-34.9),6.82,130.66666666666666,90.33333333333333,1,1,Hypertension,1
111068,29,21-39,2.9,Male,Non-Hispanic White,23.2,Healthy weight (18.5-24.9),4.64,125.66666666666667,73.66666666666667,0,0,No hypertension,0
111069,42,40-59,4.2,Male,Non-Hispanic Black,21.5,Healthy weight (18.5-24.9),4.3,116.66666666666667,69.66666666666667,0,0,No hypertension,0
111071,22,21-39,2.2,Male,Mexican American,35.9,Obesity class 2-3 (35+),7.18,115,63.333333333333336,0,0,No hypertension,0
111077,67,60-79,6.7,Female,Mexican American,27.9,Overweight (25-29.9),5.58,173.33333333333334,87,1,1,Hypertension,1
111078,67,60-79,6.7,Female,Non-Hispanic White,23.3,Healthy weight (18.5-24.9),4.66,118.33333333333333,65.66666666666667,0,0,No hypertension,0
111079,31,21-39,3.1,Female,Non-Hispanic Asian,21.2,Healthy weight (18.5-24.9),4.24,86.33333333333333,55.333333333333336,0,0,No hypertension,0
111081,67,60-79,6.7,Male,Non-Hispanic Black,21,Healthy weight (18.5-24.9),4.2,166,86.66666666666667,0,1,Hypertension,1
111083,28,21-39,2.8,Male,Other Hispanic,31,Obesity class 1 (30-34.9),6.2,122,73,0,0,No hypertension,0
111085,22,21-39,2.2,Female,Non-Hispanic Black,27.9,Overweight (25-29.9),5.58,92.66666666666667,63.333333333333336,0,0,No hypertension,0
111088,38,21-39,3.8,Male,Non-Hispanic Black,37.1,Obesity class 2-3 (35+),7.42,133.66666666666666,87,0,1,Hypertension,0
111089,39,21-39,3.9,Female,Non-Hispanic Black,24.5,Healthy weight (18.5-24.9),4.9,97.66666666666667,51.666666666666664,0,0,No hypertension,0
111092,66,60-79,6.6,Female,Non-Hispanic White,39.3,Obesity class 2-3 (35+),7.859999999999999,115.33333333333333,76.33333333333333,1,1,Hypertension,1
111095,65,60-79,6.5,Female,Non-Hispanic Black,26.5,Overweight (25-29.9),5.3,141.66666666666666,83,1,1,Hypertension,1
111096,32,21-39,3.2,Female,Non-Hispanic Black,23,Healthy weight (18.5-24.9),4.6,127.33333333333333,80.33333333333333,0,1,Hypertension,0
111097,77,60-79,7.7,Male,Non-Hispanic White,26.1,Overweight (25-29.9),5.220000000000001,125.33333333333333,62.666666666666664,1,1,Hypertension,1
111098,45,40-59,4.5,Male,Non-Hispanic White,30.5,Obesity class 1 (30-34.9),6.1,110.66666666666667,72.33333333333333,0,0,No hypertension,0
111102,67,60-79,6.7,Male,Non-Hispanic Black,33.2,Obesity class 1 (30-34.9),6.640000000000001,145,90.66666666666667,0,1,Hypertension,1
111105,66,60-79,6.6,Male,Other/Multiracial,33.2,Obesity class 1 (30-34.9),6.640000000000001,121,71.33333333333333,1,1,Hypertension,1
111107,31,21-39,3.1,Female,Non-Hispanic Black,36.8,Obesity class 2-3 (35+),7.359999999999999,125.66666666666667,83.66666666666667,0,1,Hypertension,0
111110,45,40-59,4.5,Female,Non-Hispanic White,42.6,Obesity class 2-3 (35+),8.52,138.66666666666666,90,0,1,Hypertension,1
111112,45,40-59,4.5,Male,Non-Hispanic Asian,21.8,Healthy weight (18.5-24.9),4.36,128.66666666666666,82.33333333333333,0,1,Hypertension,0
111117,60,60-79,6,Female,Other/Multiracial,45,Obesity class 2-3 (35+),9,99.33333333333333,76.33333333333333,0,0,No hypertension,0
111118,28,21-39,2.8,Female,Non-Hispanic White,22.2,Healthy weight (18.5-24.9),4.4399999999999995,107,70,0,0,No hypertension,0
111122,29,21-39,2.9,Male,Other Hispanic,31.5,Obesity class 1 (30-34.9),6.3,110.66666666666667,75.33333333333333,0,0,No hypertension,0
111124,24,21-39,2.4,Female,Non-Hispanic White,21,Healthy weight (18.5-24.9),4.2,96,63,0,0,No hypertension,0
111126,26,21-39,2.6,Female,Non-Hispanic Black,27.9,Overweight (25-29.9),5.58,172.33333333333334,116.66666666666667,0,1,Hypertension,1
111130,34,21-39,3.4,Male,Non-Hispanic White,32.5,Obesity class 1 (30-34.9),6.5,118.33333333333333,68,0,0,No hypertension,0
111133,48,40-59,4.8,Female,Non-Hispanic Black,30.3,Obesity class 1 (30-34.9),6.0600000000000005,124,87.66666666666667,0,1,Hypertension,0
111134,27,21-39,2.7,Male,Non-Hispanic White,44.2,Obesity class 2-3 (35+),8.84,115,75.66666666666667,1,1,Hypertension,1
111135,38,21-39,3.8,Male,Mexican American,27.4,Overweight (25-29.9),5.4799999999999995,127,81,0,1,Hypertension,0
111138,57,40-59,5.7,Female,Non-Hispanic White,74.8,Obesity class 2-3 (35+),14.959999999999999,116.33333333333333,71,0,0,No hypertension,0
111139,48,40-59,4.8,Male,Non-Hispanic Asian,23.7,Healthy weight (18.5-24.9),4.74,123.33333333333333,78.33333333333333,0,0,No hypertension,0
111145,46,40-59,4.6,Male,Mexican American,27,Overweight (25-29.9),5.4,109,66,0,0,No hypertension,0
111149,43,40-59,4.3,Female,Non-Hispanic Black,29.3,Overweight (25-29.9),5.86,169.66666666666666,84,0,1,Hypertension,1
111152,31,21-39,3.1,Female,Non-Hispanic Black,53.2,Obesity class 2-3 (35+),10.64,97.33333333333333,58.666666666666664,0,0,No hypertension,0
111153,32,21-39,3.2,Female,Non-Hispanic Black,37.2,Obesity class 2-3 (35+),7.44,109.66666666666667,74.66666666666667,0,0,No hypertension,0
111154,26,21-39,2.6,Female,Non-Hispanic Black,33.1,Obesity class 1 (30-34.9),6.62,107,72.33333333333333,0,0,No hypertension,0
111159,60,60-79,6,Female,Non-Hispanic Black,27.9,Overweight (25-29.9),5.58,140.66666666666666,80,1,1,Hypertension,1
111160,49,40-59,4.9,Male,Non-Hispanic Black,42.1,Obesity class 2-3 (35+),8.42,83.33333333333333,52.333333333333336,1,1,Hypertension,1
111162,43,40-59,4.3,Female,Non-Hispanic Black,23.6,Healthy weight (18.5-24.9),4.720000000000001,124.33333333333333,78,1,1,Hypertension,1
111163,22,21-39,2.2,Male,Non-Hispanic White,30.1,Obesity class 1 (30-34.9),6.0200000000000005,113.33333333333333,63,0,0,No hypertension,0
111165,40,40-59,4,Male,Non-Hispanic White,25.5,Overweight (25-29.9),5.1,121.66666666666667,85.33333333333333,1,1,Hypertension,1
111168,44,40-59,4.4,Female,Non-Hispanic White,19.1,Healthy weight (18.5-24.9),3.8200000000000003,127.33333333333333,84.33333333333333,0,1,Hypertension,0
111171,35,21-39,3.5,Female,Non-Hispanic White,26.3,Overweight (25-29.9),5.26,119,80.33333333333333,0,1,Hypertension,0
111173,58,40-59,5.8,Female,Non-Hispanic White,20,Healthy weight (18.5-24.9),4,134,81.66666666666667,0,1,Hypertension,0
111175,46,40-59,4.6,Female,Other Hispanic,29.1,Overweight (25-29.9),5.82,118,70.33333333333333,0,0,No hypertension,0
111177,62,60-79,6.2,Female,Other Hispanic,26.6,Overweight (25-29.9),5.32,108.66666666666667,70,1,1,Hypertension,1
111178,74,60-79,7.4,Female,Non-Hispanic White,31.2,Obesity class 1 (30-34.9),6.24,127.33333333333333,66.66666666666667,1,1,Hypertension,1
111183,55,40-59,5.5,Female,Mexican American,23.3,Healthy weight (18.5-24.9),4.66,118.66666666666667,85.33333333333333,0,1,Hypertension,0
111185,69,60-79,6.9,Male,Other Hispanic,29.2,Overweight (25-29.9),5.84,156.66666666666666,84.66666666666667,1,1,Hypertension,1
111188,74,60-79,7.4,Male,Non-Hispanic White,31.7,Obesity class 1 (30-34.9),6.34,137.66666666666666,75.33333333333333,1,1,Hypertension,1
111189,36,21-39,3.6,Female,Other Hispanic,28.9,Overweight (25-29.9),5.779999999999999,101,67.33333333333333,0,0,No hypertension,0
111190,51,40-59,5.1,Female,Non-Hispanic White,18.7,Healthy weight (18.5-24.9),3.7399999999999998,179.66666666666666,115.33333333333333,1,1,Hypertension,1
111192,54,40-59,5.4,Male,Non-Hispanic Asian,26.2,Overweight (25-29.9),5.24,142.33333333333334,84.33333333333333,0,1,Hypertension,1
111194,63,60-79,6.3,Female,Mexican American,28.8,Overweight (25-29.9),5.76,118.66666666666667,78.33333333333333,0,0,No hypertension,0
111197,27,21-39,2.7,Female,Non-Hispanic Black,22.8,Healthy weight (18.5-24.9),4.5600000000000005,127.33333333333333,82.33333333333333,0,1,Hypertension,0
111198,56,40-59,5.6,Female,Non-Hispanic Black,49.1,Obesity class 2-3 (35+),9.82,98.66666666666667,68,0,0,No hypertension,0
111199,47,40-59,4.7,Female,Non-Hispanic White,22.8,Healthy weight (18.5-24.9),4.5600000000000005,97.33333333333333,60.666666666666664,0,0,No hypertension,0
111201,50,40-59,5,Male,Non-Hispanic Black,25.8,Overweight (25-29.9),5.16,154.66666666666666,88.66666666666667,0,1,Hypertension,1
111202,49,40-59,4.9,Male,Non-Hispanic White,28.7,Overweight (25-29.9),5.74,125,91,0,1,Hypertension,1
111203,62,60-79,6.2,Female,Other/Multiracial,30.6,Obesity class 1 (30-34.9),6.12,118,83,1,1,Hypertension,1
111204,32,21-39,3.2,Female,Other Hispanic,22.7,Healthy weight (18.5-24.9),4.54,116,54.333333333333336,0,0,No hypertension,0
111206,61,60-79,6.1,Male,Other Hispanic,25.5,Overweight (25-29.9),5.1,129.66666666666666,79.33333333333333,1,1,Hypertension,1
111207,77,60-79,7.7,Male,Mexican American,30,Obesity class 1 (30-34.9),6,127.66666666666667,66,1,1,Hypertension,1
111208,36,21-39,3.6,Female,Non-Hispanic Asian,25.1,Overweight (25-29.9),5.0200000000000005,97.33333333333333,54.666666666666664,0,0,No hypertension,0
111209,31,21-39,3.1,Female,Non-Hispanic White,52.1,Obesity class 2-3 (35+),10.42,109.33333333333333,74.66666666666667,0,0,No hypertension,0
111210,71,60-79,7.1,Female,Mexican American,36.1,Obesity class 2-3 (35+),7.220000000000001,125.66666666666667,73,1,1,Hypertension,1
111215,67,60-79,6.7,Male,Mexican American,27.3,Overweight (25-29.9),5.46,102.66666666666667,58.666666666666664,0,0,No hypertension,0
111216,76,60-79,7.6,Male,Non-Hispanic Black,27.1,Overweight (25-29.9),5.42,155.66666666666666,81.33333333333333,1,1,Hypertension,1
111219,31,21-39,3.1,Female,Mexican American,24.5,Healthy weight (18.5-24.9),4.9,113.66666666666667,58,0,0,No hypertension,0
111220,24,21-39,2.4,Male,Non-Hispanic White,32.4,Obesity class 1 (30-34.9),6.4799999999999995,113,78.33333333333333,0,0,No hypertension,0
111222,53,40-59,5.3,Female,Other Hispanic,26.6,Overweight (25-29.9),5.32,122.33333333333333,77.33333333333333,0,0,No hypertension,0
111224,25,21-39,2.5,Female,Non-Hispanic Black,42.5,Obesity class 2-3 (35+),8.5,119.33333333333333,88.66666666666667,0,1,Hypertension,0
111228,40,40-59,4,Male,Non-Hispanic Black,33.4,Obesity class 1 (30-34.9),6.68,107.33333333333333,66,0,0,No hypertension,0
111229,64,60-79,6.4,Male,Non-Hispanic White,29.3,Overweight (25-29.9),5.86,148.66666666666666,76,1,1,Hypertension,1
111232,59,40-59,5.9,Female,Other Hispanic,24.3,Healthy weight (18.5-24.9),4.86,136.66666666666666,71,0,1,Hypertension,0
111233,32,21-39,3.2,Male,Non-Hispanic Asian,32.6,Obesity class 1 (30-34.9),6.5200000000000005,113.33333333333333,78.33333333333333,1,1,Hypertension,1
111236,40,40-59,4,Male,Non-Hispanic Black,30.7,Obesity class 1 (30-34.9),6.14,138.66666666666666,73,0,1,Hypertension,0
111238,38,21-39,3.8,Male,Mexican American,27.6,Overweight (25-29.9),5.5200000000000005,135.33333333333334,56.666666666666664,0,1,Hypertension,0
111240,61,60-79,6.1,Male,Other Hispanic,28.2,Overweight (25-29.9),5.64,136,91,1,1,Hypertension,1
111244,22,21-39,2.2,Female,Non-Hispanic White,32.5,Obesity class 1 (30-34.9),6.5,113.66666666666667,74.66666666666667,0,0,No hypertension,0
111245,75,60-79,7.5,Female,Non-Hispanic White,29.7,Overweight (25-29.9),5.9399999999999995,148,81,1,1,Hypertension,1
111246,61,60-79,6.1,Male,Non-Hispanic Black,35,Obesity class 2-3 (35+),7,116.66666666666667,68.66666666666667,0,0,No hypertension,0
111247,71,60-79,7.1,Male,Non-Hispanic White,19.1,Healthy weight (18.5-24.9),3.8200000000000003,134,62,0,1,Hypertension,0
111250,57,40-59,5.7,Female,Non-Hispanic White,29.2,Overweight (25-29.9),5.84,134.33333333333334,84,0,1,Hypertension,0
111253,71,60-79,7.1,Male,Non-Hispanic Black,27.9,Overweight (25-29.9),5.58,138.33333333333334,80.33333333333333,1,1,Hypertension,1
111254,39,21-39,3.9,Male,Non-Hispanic White,28,Overweight (25-29.9),5.6,119.66666666666667,79.66666666666667,0,0,No hypertension,0
111255,78,60-79,7.8,Male,Non-Hispanic White,20.2,Healthy weight (18.5-24.9),4.04,146.66666666666666,68,0,1,Hypertension,1
111256,63,60-79,6.3,Female,Non-Hispanic Black,26.1,Overweight (25-29.9),5.220000000000001,142,72.33333333333333,1,1,Hypertension,1
111257,70,60-79,7,Male,Non-Hispanic Black,31.5,Obesity class 1 (30-34.9),6.3,126.66666666666667,77.66666666666667,0,0,No hypertension,0
111262,71,60-79,7.1,Female,Other/Multiracial,46.1,Obesity class 2-3 (35+),9.22,146,79.33333333333333,1,1,Hypertension,1
111263,57,40-59,5.7,Male,Other Hispanic,27.1,Overweight (25-29.9),5.42,142.66666666666666,93.66666666666667,1,1,Hypertension,1
111268,79,60-79,7.9,Male,Non-Hispanic White,21.6,Healthy weight (18.5-24.9),4.32,121.66666666666667,48,1,1,Hypertension,1
111270,24,21-39,2.4,Male,Non-Hispanic Black,19.2,Healthy weight (18.5-24.9),3.84,131.33333333333334,84.33333333333333,0,1,Hypertension,0
111271,28,21-39,2.8,Female,Non-Hispanic Asian,34.2,Obesity class 1 (30-34.9),6.840000000000001,107.33333333333333,80,0,1,Hypertension,0
111279,40,40-59,4,Male,Non-Hispanic White,34.1,Obesity class 1 (30-34.9),6.82,121.33333333333333,77.33333333333333,1,1,Hypertension,1
111280,22,21-39,2.2,Male,Non-Hispanic White,22.1,Healthy weight (18.5-24.9),4.42,106,55.666666666666664,0,0,No hypertension,0
111282,54,40-59,5.4,Female,Non-Hispanic White,33.4,Obesity class 1 (30-34.9),6.68,106.33333333333333,67.33333333333333,0,0,No hypertension,0
111283,42,40-59,4.2,Female,Non-Hispanic White,24.2,Healthy weight (18.5-24.9),4.84,105.66666666666667,65.66666666666667,0,0,No hypertension,0
111284,65,60-79,6.5,Male,Mexican American,32.3,Obesity class 1 (30-34.9),6.459999999999999,116.66666666666667,57.666666666666664,1,1,Hypertension,1
111287,50,40-59,5,Male,Mexican American,30.8,Obesity class 1 (30-34.9),6.16,144.66666666666666,89,0,1,Hypertension,1
111288,56,40-59,5.6,Male,Non-Hispanic Black,30.7,Obesity class 1 (30-34.9),6.14,161.66666666666666,108.66666666666667,1,1,Hypertension,1
111290,66,60-79,6.6,Female,Non-Hispanic Black,19.5,Healthy weight (18.5-24.9),3.9,116,60,0,0,No hypertension,0
111296,40,40-59,4,Female,Non-Hispanic Black,34.3,Obesity class 1 (30-34.9),6.859999999999999,152.66666666666666,106,0,1,Hypertension,1
111297,70,60-79,7,Male,Non-Hispanic White,32.4,Obesity class 1 (30-34.9),6.4799999999999995,120.66666666666667,73.33333333333333,1,1,Hypertension,1
111300,63,60-79,6.3,Female,Non-Hispanic Black,45.1,Obesity class 2-3 (35+),9.02,132.33333333333334,68.33333333333333,0,1,Hypertension,0
111301,35,21-39,3.5,Female,Non-Hispanic White,30.6,Obesity class 1 (30-34.9),6.12,110.66666666666667,64.33333333333333,0,0,No hypertension,0
111303,27,21-39,2.7,Male,Mexican American,32.9,Obesity class 1 (30-34.9),6.58,114.66666666666667,66.33333333333333,0,0,No hypertension,0
111304,79,60-79,7.9,Male,Non-Hispanic White,28.6,Overweight (25-29.9),5.720000000000001,136,64.33333333333333,0,1,Hypertension,0
111307,42,40-59,4.2,Male,Non-Hispanic Black,31.2,Obesity class 1 (30-34.9),6.24,129.33333333333334,84,0,1,Hypertension,0
111308,57,40-59,5.7,Female,Non-Hispanic White,49.6,Obesity class 2-3 (35+),9.92,146.33333333333334,103.33333333333333,0,1,Hypertension,1
111309,35,21-39,3.5,Male,Non-Hispanic White,29.6,Overweight (25-29.9),5.92,127.33333333333333,84.66666666666667,0,1,Hypertension,0
111311,58,40-59,5.8,Female,Other Hispanic,33,Obesity class 1 (30-34.9),6.6,117,71.66666666666667,0,0,No hypertension,0
111312,61,60-79,6.1,Female,Non-Hispanic White,55.5,Obesity class 2-3 (35+),11.1,104,76.33333333333333,0,0,No hypertension,0
111315,63,60-79,6.3,Female,Other Hispanic,27,Overweight (25-29.9),5.4,143.66666666666666,70,1,1,Hypertension,1
111316,39,21-39,3.9,Male,Non-Hispanic White,53.3,Obesity class 2-3 (35+),10.66,125,83.33333333333333,0,1,Hypertension,0
111317,45,40-59,4.5,Female,Mexican American,38.9,Obesity class 2-3 (35+),7.779999999999999,111,74.33333333333333,0,0,No hypertension,0
111318,58,40-59,5.8,Female,Mexican American,42.8,Obesity class 2-3 (35+),8.559999999999999,176.66666666666666,78,1,1,Hypertension,1
111320,43,40-59,4.3,Female,Non-Hispanic White,32,Obesity class 1 (30-34.9),6.4,131.33333333333334,88.66666666666667,1,1,Hypertension,1
111322,62,60-79,6.2,Female,Non-Hispanic Asian,26.7,Overweight (25-29.9),5.34,123,59,1,1,Hypertension,1
111323,43,40-59,4.3,Male,Mexican American,33.3,Obesity class 1 (30-34.9),6.659999999999999,122.33333333333333,73,0,0,No hypertension,0
111324,64,60-79,6.4,Male,Non-Hispanic White,24.7,Healthy weight (18.5-24.9),4.9399999999999995,119,78,0,0,No hypertension,0
111326,50,40-59,5,Female,Other/Multiracial,25.4,Overweight (25-29.9),5.08,122,80.66666666666667,0,1,Hypertension,0
111328,68,60-79,6.8,Male,Non-Hispanic White,28.3,Overweight (25-29.9),5.66,105,61,0,0,No hypertension,0
111329,57,40-59,5.7,Male,Non-Hispanic Asian,31.6,Obesity class 1 (30-34.9),6.32,122,75.33333333333333,1,1,Hypertension,1
111332,57,40-59,5.7,Female,Non-Hispanic White,20.5,Healthy weight (18.5-24.9),4.1,96.66666666666667,62.333333333333336,0,0,No hypertension,0
111333,73,60-79,7.3,Female,Non-Hispanic White,29.2,Overweight (25-29.9),5.84,110.33333333333333,71.66666666666667,0,0,No hypertension,0
111335,55,40-59,5.5,Female,Non-Hispanic Black,32.6,Obesity class 1 (30-34.9),6.5200000000000005,144.33333333333334,90.66666666666667,0,1,Hypertension,1
111336,77,60-79,7.7,Male,Non-Hispanic White,26.5,Overweight (25-29.9),5.3,121,63.666666666666664,1,1,Hypertension,1
111337,67,60-79,6.7,Female,Non-Hispanic White,21.5,Healthy weight (18.5-24.9),4.3,89.66666666666667,61,1,1,Hypertension,1
111338,60,60-79,6,Male,Other Hispanic,29.1,Overweight (25-29.9),5.82,149,88.33333333333333,0,1,Hypertension,1
111343,67,60-79,6.7,Female,Non-Hispanic Black,34.3,Obesity class 1 (30-34.9),6.859999999999999,152.66666666666666,74,1,1,Hypertension,1
111348,37,21-39,3.7,Male,Other Hispanic,28.4,Overweight (25-29.9),5.68,123,78.66666666666667,0,0,No hypertension,0
111350,62,60-79,6.2,Male,Other Hispanic,28.4,Overweight (25-29.9),5.68,102,56,0,0,No hypertension,0
111351,22,21-39,2.2,Male,Non-Hispanic Asian,21.3,Healthy weight (18.5-24.9),4.26,113,66,0,0,No hypertension,0
111354,58,40-59,5.8,Male,Non-Hispanic Asian,33.1,Obesity class 1 (30-34.9),6.62,107,59,0,0,No hypertension,0
111357,60,60-79,6,Female,Non-Hispanic White,33.5,Obesity class 1 (30-34.9),6.7,82.66666666666667,52.666666666666664,1,1,Hypertension,1
111358,48,40-59,4.8,Male,Other/Multiracial,23.3,Healthy weight (18.5-24.9),4.66,122,77.66666666666667,0,0,No hypertension,0
111360,53,40-59,5.3,Male,Non-Hispanic Black,34.8,Obesity class 1 (30-34.9),6.959999999999999,128,74.66666666666667,0,0,No hypertension,0
111361,23,21-39,2.3,Male,Non-Hispanic Black,27.7,Overweight (25-29.9),5.54,130.66666666666666,67.66666666666667,0,1,Hypertension,0
111364,67,60-79,6.7,Male,Non-Hispanic Black,32.5,Obesity class 1 (30-34.9),6.5,148,84.66666666666667,1,1,Hypertension,1
111365,34,21-39,3.4,Female,Mexican American,28.3,Overweight (25-29.9),5.66,105.66666666666667,77.66666666666667,0,0,No hypertension,0
111366,22,21-39,2.2,Male,Other Hispanic,19,Healthy weight (18.5-24.9),3.8,123.33333333333333,73,0,0,No hypertension,0
111370,34,21-39,3.4,Female,Other/Multiracial,37.4,Obesity class 2-3 (35+),7.4799999999999995,97.66666666666667,66.33333333333333,0,0,No hypertension,0
111377,51,40-59,5.1,Male,Other Hispanic,53.4,Obesity class 2-3 (35+),10.68,110,67.33333333333333,1,1,Hypertension,1
111378,63,60-79,6.3,Female,Mexican American,32.6,Obesity class 1 (30-34.9),6.5200000000000005,97.66666666666667,62.333333333333336,1,1,Hypertension,1
111380,67,60-79,6.7,Male,Non-Hispanic White,48.8,Obesity class 2-3 (35+),9.76,113.33333333333333,63,1,1,Hypertension,1
111382,60,60-79,6,Male,Mexican American,36.7,Obesity class 2-3 (35+),7.340000000000001,145.33333333333334,81.66666666666667,0,1,Hypertension,1
111385,63,60-79,6.3,Female,Non-Hispanic Black,28.9,Overweight (25-29.9),5.779999999999999,111.66666666666667,67,1,1,Hypertension,1
111389,65,60-79,6.5,Female,Other Hispanic,33.1,Obesity class 1 (30-34.9),6.62,108.33333333333333,57.666666666666664,0,0,No hypertension,0
111395,34,21-39,3.4,Male,Non-Hispanic Asian,60.6,Obesity class 2-3 (35+),12.120000000000001,128,82.66666666666667,0,1,Hypertension,0
111396,47,40-59,4.7,Female,Non-Hispanic Black,38.2,Obesity class 2-3 (35+),7.640000000000001,122.66666666666667,80.33333333333333,0,1,Hypertension,0
111397,29,21-39,2.9,Female,Other Hispanic,39.2,Obesity class 2-3 (35+),7.840000000000001,130.33333333333334,94,0,1,Hypertension,1
111400,28,21-39,2.8,Female,Non-Hispanic Black,39.3,Obesity class 2-3 (35+),7.859999999999999,122.33333333333333,94.33333333333333,0,1,Hypertension,1
111402,54,40-59,5.4,Female,Non-Hispanic Asian,21.8,Healthy weight (18.5-24.9),4.36,102.33333333333333,55.333333333333336,0,0,No hypertension,0
111405,44,40-59,4.4,Male,Mexican American,35.8,Obesity class 2-3 (35+),7.159999999999999,122.66666666666667,81.33333333333333,0,1,Hypertension,0
111408,36,21-39,3.6,Male,Non-Hispanic Asian,28.8,Overweight (25-29.9),5.76,114.66666666666667,72.66666666666667,0,0,No hypertension,0
111411,50,40-59,5,Female,Mexican American,26.7,Overweight (25-29.9),5.34,190,83.66666666666667,0,1,Hypertension,1
111420,42,40-59,4.2,Male,Non-Hispanic Black,40.1,Obesity class 2-3 (35+),8.02,157.66666666666666,107,1,1,Hypertension,1
111424,61,60-79,6.1,Male,Non-Hispanic Black,23.6,Healthy weight (18.5-24.9),4.720000000000001,141.66666666666666,81.66666666666667,0,1,Hypertension,1
111425,36,21-39,3.6,Male,Non-Hispanic White,26.7,Overweight (25-29.9),5.34,129.66666666666666,76,0,0,No hypertension,0
111426,28,21-39,2.8,Male,Non-Hispanic Black,22,Healthy weight (18.5-24.9),4.4,116,77,0,0,No hypertension,0
111427,54,40-59,5.4,Male,Non-Hispanic Asian,27.2,Overweight (25-29.9),5.4399999999999995,137.33333333333334,90.33333333333333,0,1,Hypertension,1
111428,44,40-59,4.4,Male,Non-Hispanic White,33.1,Obesity class 1 (30-34.9),6.62,135.33333333333334,77.66666666666667,0,1,Hypertension,0
111429,29,21-39,2.9,Male,Non-Hispanic White,22.6,Healthy weight (18.5-24.9),4.5200000000000005,108.66666666666667,61,0,0,No hypertension,0
111430,28,21-39,2.8,Female,Non-Hispanic White,22.2,Healthy weight (18.5-24.9),4.4399999999999995,97.33333333333333,60,0,0,No hypertension,0
111431,40,40-59,4,Female,Non-Hispanic White,44.9,Obesity class 2-3 (35+),8.98,92.33333333333333,67.33333333333333,1,1,Hypertension,1
111433,51,40-59,5.1,Male,Mexican American,25.1,Overweight (25-29.9),5.0200000000000005,161.33333333333334,89.66666666666667,0,1,Hypertension,1
111434,66,60-79,6.6,Female,Other Hispanic,42,Obesity class 2-3 (35+),8.4,162,87.66666666666667,0,1,Hypertension,1
111436,44,40-59,4.4,Female,Non-Hispanic Black,20.6,Healthy weight (18.5-24.9),4.12,142.66666666666666,86.66666666666667,0,1,Hypertension,1
111440,48,40-59,4.8,Female,Non-Hispanic White,41.4,Obesity class 2-3 (35+),8.28,111.66666666666667,74.66666666666667,0,0,No hypertension,0
111441,64,60-79,6.4,Male,Non-Hispanic Asian,26.1,Overweight (25-29.9),5.220000000000001,107.33333333333333,69.33333333333333,1,1,Hypertension,1
111442,79,60-79,7.9,Male,Non-Hispanic Black,32.1,Obesity class 1 (30-34.9),6.42,185,92.66666666666667,1,1,Hypertension,1
111443,60,60-79,6,Male,Mexican American,29.2,Overweight (25-29.9),5.84,135,85,1,1,Hypertension,1
111444,68,60-79,6.8,Female,Non-Hispanic White,49.6,Obesity class 2-3 (35+),9.92,114,53.666666666666664,1,1,Hypertension,1
111449,59,40-59,5.9,Male,Non-Hispanic White,23.2,Healthy weight (18.5-24.9),4.64,133.66666666666666,95.33333333333333,0,1,Hypertension,1
111452,62,60-79,6.2,Male,Mexican American,23.8,Healthy weight (18.5-24.9),4.76,120.66666666666667,72,1,1,Hypertension,1
111453,26,21-39,2.6,Male,Mexican American,25,Overweight (25-29.9),5,116.33333333333333,65,0,0,No hypertension,0
111454,23,21-39,2.3,Female,Non-Hispanic White,23.6,Healthy weight (18.5-24.9),4.720000000000001,98,60.666666666666664,0,0,No hypertension,0
111455,62,60-79,6.2,Male,Mexican American,25.2,Overweight (25-29.9),5.04,145.33333333333334,85,0,1,Hypertension,1
111456,35,21-39,3.5,Male,Non-Hispanic White,30.4,Obesity class 1 (30-34.9),6.08,145.66666666666666,92,0,1,Hypertension,1
111459,54,40-59,5.4,Male,Non-Hispanic White,30,Obesity class 1 (30-34.9),6,108.33333333333333,79,1,1,Hypertension,1
111463,63,60-79,6.3,Male,Non-Hispanic White,29.1,Overweight (25-29.9),5.82,110,54.666666666666664,1,1,Hypertension,1
111471,24,21-39,2.4,Male,Other Hispanic,20.3,Healthy weight (18.5-24.9),4.0600000000000005,103.33333333333333,58,0,0,No hypertension,0
111476,47,40-59,4.7,Female,Non-Hispanic Black,42.7,Obesity class 2-3 (35+),8.540000000000001,117.66666666666667,79.66666666666667,1,1,Hypertension,1
111479,43,40-59,4.3,Male,Mexican American,28.1,Overweight (25-29.9),5.62,109.33333333333333,63.333333333333336,0,0,No hypertension,0
111488,21,21-39,2.1,Male,Non-Hispanic Black,22.8,Healthy weight (18.5-24.9),4.5600000000000005,131.33333333333334,62.333333333333336,0,1,Hypertension,0
111489,35,21-39,3.5,Female,Non-Hispanic Black,34.7,Obesity class 1 (30-34.9),6.94,135,100.66666666666667,0,1,Hypertension,1
111493,74,60-79,7.4,Female,Non-Hispanic White,38.5,Obesity class 2-3 (35+),7.7,153.33333333333334,86.66666666666667,0,1,Hypertension,1
111494,58,40-59,5.8,Male,Non-Hispanic White,41,Obesity class 2-3 (35+),8.2,93.66666666666667,69.66666666666667,1,1,Hypertension,1
111497,36,21-39,3.6,Female,Non-Hispanic Black,28.4,Overweight (25-29.9),5.68,113.66666666666667,80.66666666666667,0,1,Hypertension,0
111500,53,40-59,5.3,Female,Non-Hispanic White,28,Overweight (25-29.9),5.6,138.33333333333334,95,1,1,Hypertension,1
111501,56,40-59,5.6,Male,Non-Hispanic White,27,Overweight (25-29.9),5.4,123,77.33333333333333,1,1,Hypertension,1
111502,64,60-79,6.4,Female,Non-Hispanic Black,44.4,Obesity class 2-3 (35+),8.879999999999999,165,65.66666666666667,1,1,Hypertension,1
111503,46,40-59,4.6,Male,Non-Hispanic White,29.9,Overweight (25-29.9),5.9799999999999995,138.66666666666666,89.33333333333333,0,1,Hypertension,0
111504,32,21-39,3.2,Female,Non-Hispanic White,31.7,Obesity class 1 (30-34.9),6.34,113,76.33333333333333,0,0,No hypertension,0
111505,33,21-39,3.3,Female,Other Hispanic,20.2,Healthy weight (18.5-24.9),4.04,124.66666666666667,68,0,0,No hypertension,0
111507,58,40-59,5.8,Male,Non-Hispanic Asian,24.3,Healthy weight (18.5-24.9),4.86,130.66666666666666,76.33333333333333,0,1,Hypertension,0
111508,48,40-59,4.8,Female,Non-Hispanic Black,36.9,Obesity class 2-3 (35+),7.38,140.33333333333334,85,1,1,Hypertension,1
111510,39,21-39,3.9,Male,Non-Hispanic White,25.6,Overweight (25-29.9),5.12,106.33333333333333,70,0,0,No hypertension,0
111511,32,21-39,3.2,Male,Other Hispanic,28.3,Overweight (25-29.9),5.66,123,76.33333333333333,0,0,No hypertension,0
111512,39,21-39,3.9,Male,Non-Hispanic White,23,Healthy weight (18.5-24.9),4.6,139.66666666666666,90.66666666666667,0,1,Hypertension,1
111513,66,60-79,6.6,Male,Other Hispanic,31.8,Obesity class 1 (30-34.9),6.36,115.33333333333333,73.33333333333333,1,1,Hypertension,1
111514,64,60-79,6.4,Female,Non-Hispanic White,29.4,Overweight (25-29.9),5.88,117.66666666666667,70,0,0,No hypertension,0
111516,61,60-79,6.1,Male,Other Hispanic,33.5,Obesity class 1 (30-34.9),6.7,130,75,0,1,Hypertension,0
111519,32,21-39,3.2,Female,Other Hispanic,30.6,Obesity class 1 (30-34.9),6.12,115.66666666666667,78.66666666666667,0,0,No hypertension,0
111522,50,40-59,5,Female,Mexican American,36.2,Obesity class 2-3 (35+),7.24,135,81.66666666666667,1,1,Hypertension,1
111523,59,40-59,5.9,Female,Mexican American,39.8,Obesity class 2-3 (35+),7.959999999999999,111.33333333333333,74.33333333333333,0,0,No hypertension,0
111525,61,60-79,6.1,Male,Mexican American,23.5,Healthy weight (18.5-24.9),4.7,124.33333333333333,75.66666666666667,1,1,Hypertension,1
111528,36,21-39,3.6,Male,Non-Hispanic White,21.9,Healthy weight (18.5-24.9),4.38,116.33333333333333,73.33333333333333,0,0,No hypertension,0
111533,25,21-39,2.5,Female,Non-Hispanic White,35.3,Obesity class 2-3 (35+),7.06,102.66666666666667,72,0,0,No hypertension,0
111534,32,21-39,3.2,Female,Other Hispanic,39.3,Obesity class 2-3 (35+),7.859999999999999,109.33333333333333,70.66666666666667,0,0,No hypertension,0
111535,64,60-79,6.4,Female,Non-Hispanic White,26.2,Overweight (25-29.9),5.24,130.33333333333334,91.33333333333333,0,1,Hypertension,1
111536,26,21-39,2.6,Male,Non-Hispanic Asian,23.2,Healthy weight (18.5-24.9),4.64,108,72.66666666666667,0,0,No hypertension,0
111541,27,21-39,2.7,Female,Non-Hispanic Asian,20.2,Healthy weight (18.5-24.9),4.04,100.66666666666667,65.33333333333333,0,0,No hypertension,0
111542,53,40-59,5.3,Male,Non-Hispanic White,24.4,Healthy weight (18.5-24.9),4.88,120,69,0,0,No hypertension,0
111543,30,21-39,3,Female,Non-Hispanic White,19.1,Healthy weight (18.5-24.9),3.8200000000000003,102.33333333333333,71.33333333333333,0,0,No hypertension,0
111550,76,60-79,7.6,Female,Non-Hispanic White,30.5,Obesity class 1 (30-34.9),6.1,121.66666666666667,68,0,0,No hypertension,0
111554,79,60-79,7.9,Male,Non-Hispanic Black,23.9,Healthy weight (18.5-24.9),4.779999999999999,138.33333333333334,61.333333333333336,1,1,Hypertension,1
111555,29,21-39,2.9,Female,Non-Hispanic Asian,41.6,Obesity class 2-3 (35+),8.32,104.66666666666667,68.66666666666667,0,0,No hypertension,0
111556,52,40-59,5.2,Female,Non-Hispanic Black,49,Obesity class 2-3 (35+),9.8,125.33333333333333,81.33333333333333,1,1,Hypertension,1
111557,48,40-59,4.8,Female,Non-Hispanic White,32.4,Obesity class 1 (30-34.9),6.4799999999999995,103.33333333333333,61.666666666666664,0,0,No hypertension,0
111560,72,60-79,7.2,Female,Non-Hispanic Black,36.3,Obesity class 2-3 (35+),7.26,148.33333333333334,85,1,1,Hypertension,1
111561,28,21-39,2.8,Female,Other/Multiracial,32.8,Obesity class 1 (30-34.9),6.56,100.66666666666667,60.333333333333336,0,0,No hypertension,0
111563,43,40-59,4.3,Male,Other Hispanic,43.3,Obesity class 2-3 (35+),8.66,140.33333333333334,95,1,1,Hypertension,1
111564,61,60-79,6.1,Male,Non-Hispanic Black,33.6,Obesity class 1 (30-34.9),6.720000000000001,135.33333333333334,78.66666666666667,0,1,Hypertension,0
111571,64,60-79,6.4,Female,Non-Hispanic White,33,Obesity class 1 (30-34.9),6.6,102.66666666666667,69.33333333333333,0,0,No hypertension,0
111572,26,21-39,2.6,Female,Non-Hispanic White,29,Overweight (25-29.9),5.8,125.33333333333333,82.66666666666667,0,1,Hypertension,0
111574,71,60-79,7.1,Male,Mexican American,29.4,Overweight (25-29.9),5.88,123.66666666666667,77,1,1,Hypertension,1
111575,37,21-39,3.7,Female,Non-Hispanic Asian,28.7,Overweight (25-29.9),5.74,99,64.33333333333333,0,0,No hypertension,0
111577,53,40-59,5.3,Male,Mexican American,27.8,Overweight (25-29.9),5.5600000000000005,101.33333333333333,74.33333333333333,0,0,No hypertension,0
111585,38,21-39,3.8,Male,Non-Hispanic Asian,23.3,Healthy weight (18.5-24.9),4.66,125.66666666666667,74.33333333333333,0,0,No hypertension,0
111587,46,40-59,4.6,Male,Non-Hispanic Black,25.5,Overweight (25-29.9),5.1,111,75.33333333333333,0,0,No hypertension,0
111588,49,40-59,4.9,Male,Non-Hispanic White,30.2,Obesity class 1 (30-34.9),6.04,106.66666666666667,70,0,0,No hypertension,0
111589,33,21-39,3.3,Female,Mexican American,37.1,Obesity class 2-3 (35+),7.42,111.66666666666667,70,0,0,No hypertension,0
111590,40,40-59,4,Female,Non-Hispanic White,44.2,Obesity class 2-3 (35+),8.84,120.33333333333333,78.33333333333333,0,0,No hypertension,0
111595,43,40-59,4.3,Male,Non-Hispanic White,22.6,Healthy weight (18.5-24.9),4.5200000000000005,152.33333333333334,97,0,1,Hypertension,1
111598,36,21-39,3.6,Male,Non-Hispanic Black,47.4,Obesity class 2-3 (35+),9.48,137,93.33333333333333,0,1,Hypertension,1
111599,53,40-59,5.3,Female,Non-Hispanic Black,27.7,Overweight (25-29.9),5.54,107.33333333333333,71.66666666666667,0,0,No hypertension,0
111602,79,60-79,7.9,Male,Non-Hispanic White,20.4,Healthy weight (18.5-24.9),4.08,157.33333333333334,58,0,1,Hypertension,1
111604,62,60-79,6.2,Female,Non-Hispanic White,36.1,Obesity class 2-3 (35+),7.220000000000001,115,73.66666666666667,1,1,Hypertension,1
111605,25,21-39,2.5,Male,Non-Hispanic Asian,29.2,Overweight (25-29.9),5.84,117.66666666666667,68.66666666666667,0,0,No hypertension,0
111608,34,21-39,3.4,Female,Non-Hispanic Black,32.9,Obesity class 1 (30-34.9),6.58,122.33333333333333,90.33333333333333,0,1,Hypertension,1
111609,43,40-59,4.3,Male,Non-Hispanic Black,35.6,Obesity class 2-3 (35+),7.12,138.33333333333334,91.66666666666667,1,1,Hypertension,1
111610,63,60-79,6.3,Male,Non-Hispanic Black,20.1,Healthy weight (18.5-24.9),4.0200000000000005,134.33333333333334,68.66666666666667,0,1,Hypertension,0
111613,40,40-59,4,Female,Non-Hispanic Black,28.8,Overweight (25-29.9),5.76,113.66666666666667,77,1,1,Hypertension,1
111614,58,40-59,5.8,Female,Non-Hispanic Black,40.9,Obesity class 2-3 (35+),8.18,148,81.66666666666667,0,1,Hypertension,1
111616,63,60-79,6.3,Female,Non-Hispanic Black,49.3,Obesity class 2-3 (35+),9.86,115,74.33333333333333,0,0,No hypertension,0
111617,55,40-59,5.5,Male,Non-Hispanic Black,27.1,Overweight (25-29.9),5.42,156,97.33333333333333,0,1,Hypertension,1
111618,48,40-59,4.8,Male,Non-Hispanic Black,21,Healthy weight (18.5-24.9),4.2,148,89.66666666666667,0,1,Hypertension,1
111621,60,60-79,6,Male,Mexican American,29,Overweight (25-29.9),5.8,111.66666666666667,65.66666666666667,1,1,Hypertension,1
111623,27,21-39,2.7,Female,Non-Hispanic Black,23.7,Healthy weight (18.5-24.9),4.74,105.66666666666667,69.33333333333333,0,0,No hypertension,0
111629,57,40-59,5.7,Male,Non-Hispanic White,21.7,Healthy weight (18.5-24.9),4.34,129.33333333333334,76.33333333333333,0,0,No hypertension,0
111631,71,60-79,7.1,Male,Non-Hispanic White,28.5,Overweight (25-29.9),5.7,110,56.666666666666664,0,0,No hypertension,0
111632,50,40-59,5,Male,Non-Hispanic Asian,31.9,Obesity class 1 (30-34.9),6.38,101.33333333333333,61,0,0,No hypertension,0
111635,64,60-79,6.4,Male,Non-Hispanic Black,27.4,Overweight (25-29.9),5.4799999999999995,105,64,1,1,Hypertension,1
111638,33,21-39,3.3,Male,Other Hispanic,29.2,Overweight (25-29.9),5.84,120,70.66666666666667,0,0,No hypertension,0
111639,71,60-79,7.1,Male,Non-Hispanic White,33.5,Obesity class 1 (30-34.9),6.7,123.33333333333333,60,1,1,Hypertension,1
111640,51,40-59,5.1,Male,Other Hispanic,32.6,Obesity class 1 (30-34.9),6.5200000000000005,135,84.66666666666667,1,1,Hypertension,1
111641,74,60-79,7.4,Female,Non-Hispanic Asian,29,Overweight (25-29.9),5.8,131.33333333333334,76,1,1,Hypertension,1
111645,49,40-59,4.9,Female,Non-Hispanic White,38,Obesity class 2-3 (35+),7.6,120,78.33333333333333,0,0,No hypertension,0
111646,30,21-39,3,Female,Non-Hispanic Asian,16.5,Underweight (<18.5),3.3,99,64,0,0,No hypertension,0
111649,74,60-79,7.4,Male,Mexican American,24.7,Healthy weight (18.5-24.9),4.9399999999999995,131.66666666666666,69,0,1,Hypertension,0
111650,32,21-39,3.2,Female,Non-Hispanic Asian,20.2,Healthy weight (18.5-24.9),4.04,97,57.333333333333336,0,0,No hypertension,0
111651,39,21-39,3.9,Female,Non-Hispanic Black,47,Obesity class 2-3 (35+),9.4,119,87,0,1,Hypertension,0
111652,23,21-39,2.3,Female,Non-Hispanic Black,17.7,Underweight (<18.5),3.54,106.33333333333333,51,0,0,No hypertension,0
111656,78,60-79,7.8,Female,Non-Hispanic Black,20.8,Healthy weight (18.5-24.9),4.16,188.33333333333334,96.66666666666667,1,1,Hypertension,1
111658,50,40-59,5,Female,Other Hispanic,25.2,Overweight (25-29.9),5.04,100.66666666666667,61.666666666666664,0,0,No hypertension,0
111659,32,21-39,3.2,Male,Non-Hispanic Black,19.7,Healthy weight (18.5-24.9),3.94,121,66.66666666666667,0,0,No hypertension,0
111660,58,40-59,5.8,Female,Mexican American,23.6,Healthy weight (18.5-24.9),4.720000000000001,150.66666666666666,77.66666666666667,0,1,Hypertension,1
111663,68,60-79,6.8,Female,Mexican American,34.3,Obesity class 1 (30-34.9),6.859999999999999,112.33333333333333,65,1,1,Hypertension,1
111664,60,60-79,6,Male,Non-Hispanic Black,34.8,Obesity class 1 (30-34.9),6.959999999999999,117.66666666666667,73.33333333333333,1,1,Hypertension,1
111668,52,40-59,5.2,Male,Non-Hispanic White,44.9,Obesity class 2-3 (35+),8.98,92.66666666666667,63,1,1,Hypertension,1
111669,45,40-59,4.5,Male,Non-Hispanic Black,38.1,Obesity class 2-3 (35+),7.62,126.66666666666667,91.66666666666667,0,1,Hypertension,1
111670,48,40-59,4.8,Female,Non-Hispanic Black,22.4,Healthy weight (18.5-24.9),4.4799999999999995,134.66666666666666,84.66666666666667,1,1,Hypertension,1
111671,39,21-39,3.9,Male,Non-Hispanic Black,18.3,Underweight (<18.5),3.66,94,58,0,0,No hypertension,0
111673,25,21-39,2.5,Female,Non-Hispanic White,31.6,Obesity class 1 (30-34.9),6.32,91.33333333333333,61.333333333333336,0,0,No hypertension,0
111674,61,60-79,6.1,Male,Non-Hispanic White,39.8,Obesity class 2-3 (35+),7.959999999999999,114.66666666666667,71.66666666666667,0,0,No hypertension,0
111676,24,21-39,2.4,Female,Non-Hispanic Black,40.6,Obesity class 2-3 (35+),8.120000000000001,122,93.33333333333333,0,1,Hypertension,1
111678,77,60-79,7.7,Male,Non-Hispanic White,56,Obesity class 2-3 (35+),11.2,145,59,1,1,Hypertension,1
111679,49,40-59,4.9,Female,Non-Hispanic Black,24.7,Healthy weight (18.5-24.9),4.9399999999999995,129.66666666666666,82.66666666666667,1,1,Hypertension,1
111682,59,40-59,5.9,Female,Mexican American,32,Obesity class 1 (30-34.9),6.4,131.66666666666666,80.33333333333333,0,1,Hypertension,0
111688,36,21-39,3.6,Female,Non-Hispanic Black,34.9,Obesity class 1 (30-34.9),6.9799999999999995,125,92,0,1,Hypertension,1
111692,38,21-39,3.8,Female,Other Hispanic,30.4,Obesity class 1 (30-34.9),6.08,125.33333333333333,78.33333333333333,0,0,No hypertension,0
111693,26,21-39,2.6,Female,Other/Multiracial,21.9,Healthy weight (18.5-24.9),4.38,103.33333333333333,64.66666666666667,0,0,No hypertension,0
111695,30,21-39,3,Female,Other Hispanic,26.7,Overweight (25-29.9),5.34,98.66666666666667,64.33333333333333,0,0,No hypertension,0
111698,65,60-79,6.5,Female,Non-Hispanic White,38.1,Obesity class 2-3 (35+),7.62,113.66666666666667,65.66666666666667,1,1,Hypertension,1
111700,46,40-59,4.6,Female,Non-Hispanic White,19.7,Healthy weight (18.5-24.9),3.94,115.66666666666667,66.66666666666667,0,0,No hypertension,0
111703,48,40-59,4.8,Male,Other Hispanic,27.9,Overweight (25-29.9),5.58,145.33333333333334,91.66666666666667,1,1,Hypertension,1
111704,52,40-59,5.2,Female,Non-Hispanic Asian,27.5,Overweight (25-29.9),5.5,129.66666666666666,70,0,0,No hypertension,0
111705,54,40-59,5.4,Female,Mexican American,20.2,Healthy weight (18.5-24.9),4.04,137.66666666666666,72.66666666666667,1,1,Hypertension,1
111708,44,40-59,4.4,Female,Non-Hispanic White,47.8,Obesity class 2-3 (35+),9.559999999999999,135.66666666666666,87,1,1,Hypertension,1
111710,22,21-39,2.2,Female,Non-Hispanic Black,22.2,Healthy weight (18.5-24.9),4.4399999999999995,104.33333333333333,65.66666666666667,0,0,No hypertension,0
111712,60,60-79,6,Male,Non-Hispanic Black,24.8,Healthy weight (18.5-24.9),4.96,127,83,0,1,Hypertension,0
111716,55,40-59,5.5,Female,Non-Hispanic Asian,27.1,Overweight (25-29.9),5.42,136.33333333333334,79.33333333333333,1,1,Hypertension,1
111717,56,40-59,5.6,Female,Mexican American,22.6,Healthy weight (18.5-24.9),4.5200000000000005,110.33333333333333,67.66666666666667,0,0,No hypertension,0
111719,23,21-39,2.3,Male,Other Hispanic,20,Healthy weight (18.5-24.9),4,114,71,0,0,No hypertension,0
111720,35,21-39,3.5,Female,Non-Hispanic White,37.2,Obesity class 2-3 (35+),7.44,110,80.33333333333333,0,1,Hypertension,0
111723,66,60-79,6.6,Female,Non-Hispanic Asian,25.3,Overweight (25-29.9),5.0600000000000005,127.66666666666667,86,1,1,Hypertension,1
111724,31,21-39,3.1,Female,Non-Hispanic White,26.5,Overweight (25-29.9),5.3,99.66666666666667,69.33333333333333,0,0,No hypertension,0
111729,31,21-39,3.1,Male,Non-Hispanic Asian,27.4,Overweight (25-29.9),5.4799999999999995,110.33333333333333,74,0,0,No hypertension,0
111731,21,21-39,2.1,Female,Non-Hispanic White,19.8,Healthy weight (18.5-24.9),3.96,119,71.33333333333333,0,0,No hypertension,0
111732,46,40-59,4.6,Female,Non-Hispanic White,31.2,Obesity class 1 (30-34.9),6.24,128.66666666666666,79,1,1,Hypertension,1
111733,31,21-39,3.1,Male,Non-Hispanic Asian,29.6,Overweight (25-29.9),5.92,135.33333333333334,93,0,1,Hypertension,1
111734,45,40-59,4.5,Male,Mexican American,32.5,Obesity class 1 (30-34.9),6.5,141.66666666666666,91.33333333333333,0,1,Hypertension,1
111736,54,40-59,5.4,Female,Other Hispanic,29.4,Overweight (25-29.9),5.88,125,88,1,1,Hypertension,1
111737,60,60-79,6,Male,Non-Hispanic Black,31.4,Obesity class 1 (30-34.9),6.279999999999999,170.33333333333334,101.66666666666667,1,1,Hypertension,1
111741,69,60-79,6.9,Female,Non-Hispanic White,20.1,Healthy weight (18.5-24.9),4.0200000000000005,93.33333333333333,65.33333333333333,0,0,No hypertension,0
111744,41,40-59,4.1,Female,Non-Hispanic Black,26.1,Overweight (25-29.9),5.220000000000001,121.33333333333333,73,0,0,No hypertension,0
111745,63,60-79,6.3,Male,Non-Hispanic White,35.2,Obesity class 2-3 (35+),7.040000000000001,129.33333333333334,73.33333333333333,1,1,Hypertension,1
111749,63,60-79,6.3,Male,Non-Hispanic White,33.8,Obesity class 1 (30-34.9),6.76,120,71.33333333333333,0,0,No hypertension,0
111751,55,40-59,5.5,Female,Non-Hispanic White,38.6,Obesity class 2-3 (35+),7.720000000000001,117.33333333333333,76.33333333333333,1,1,Hypertension,1
111752,54,40-59,5.4,Male,Other Hispanic,44.3,Obesity class 2-3 (35+),8.86,121.66666666666667,75,1,1,Hypertension,1
111754,66,60-79,6.6,Female,Mexican American,26.6,Overweight (25-29.9),5.32,117.66666666666667,57.666666666666664,0,0,No hypertension,0
111759,29,21-39,2.9,Male,Non-Hispanic Asian,29.1,Overweight (25-29.9),5.82,115.33333333333333,72.33333333333333,0,0,No hypertension,0
111760,47,40-59,4.7,Male,Non-Hispanic Black,17.4,Underweight (<18.5),3.4799999999999995,107.33333333333333,72.66666666666667,0,0,No hypertension,0
111762,41,40-59,4.1,Female,Non-Hispanic Black,44.3,Obesity class 2-3 (35+),8.86,113.33333333333333,78.33333333333333,0,0,No hypertension,0
111763,64,60-79,6.4,Female,Non-Hispanic Black,56.1,Obesity class 2-3 (35+),11.22,97,72.66666666666667,1,1,Hypertension,1
111765,30,21-39,3,Male,Other Hispanic,43.5,Obesity class 2-3 (35+),8.7,113,78.66666666666667,0,0,No hypertension,0
111766,33,21-39,3.3,Female,Non-Hispanic Black,43.6,Obesity class 2-3 (35+),8.72,114,74,0,0,No hypertension,0
111767,26,21-39,2.6,Male,Other/Multiracial,23.1,Healthy weight (18.5-24.9),4.62,120.33333333333333,68.66666666666667,0,0,No hypertension,0
111768,25,21-39,2.5,Male,Other Hispanic,34.9,Obesity class 1 (30-34.9),6.9799999999999995,129.66666666666666,82.66666666666667,0,1,Hypertension,0
111770,60,60-79,6,Female,Non-Hispanic Black,33.6,Obesity class 1 (30-34.9),6.720000000000001,118,75.33333333333333,1,1,Hypertension,1
111776,70,60-79,7,Female,Non-Hispanic Black,32.8,Obesity class 1 (30-34.9),6.56,98.66666666666667,58,1,1,Hypertension,1
111778,32,21-39,3.2,Female,Mexican American,28.5,Overweight (25-29.9),5.7,129,97.33333333333333,0,1,Hypertension,1
111779,53,40-59,5.3,Female,Non-Hispanic Black,31.8,Obesity class 1 (30-34.9),6.36,140.33333333333334,84,1,1,Hypertension,1
111781,72,60-79,7.2,Female,Non-Hispanic White,46,Obesity class 2-3 (35+),9.2,137.33333333333334,70.66666666666667,1,1,Hypertension,1
111783,78,60-79,7.8,Female,Non-Hispanic White,26.9,Overweight (25-29.9),5.38,128.66666666666666,59.666666666666664,1,1,Hypertension,1
111784,75,60-79,7.5,Male,Non-Hispanic White,24.1,Healthy weight (18.5-24.9),4.82,135.33333333333334,67,1,1,Hypertension,1
111786,61,60-79,6.1,Female,Other Hispanic,40.5,Obesity class 2-3 (35+),8.1,171.33333333333334,100.66666666666667,1,1,Hypertension,1
111787,57,40-59,5.7,Male,Other/Multiracial,30.5,Obesity class 1 (30-34.9),6.1,140,86.66666666666667,0,1,Hypertension,1
111789,38,21-39,3.8,Female,Non-Hispanic White,27.9,Overweight (25-29.9),5.58,103.33333333333333,70.66666666666667,0,0,No hypertension,0
111790,72,60-79,7.2,Male,Non-Hispanic White,28.9,Overweight (25-29.9),5.779999999999999,147.33333333333334,81.66666666666667,1,1,Hypertension,1
111791,52,40-59,5.2,Female,Non-Hispanic White,37.4,Obesity class 2-3 (35+),7.4799999999999995,113,72,0,0,No hypertension,0
111792,69,60-79,6.9,Female,Non-Hispanic White,22.3,Healthy weight (18.5-24.9),4.46,125.66666666666667,80.66666666666667,0,1,Hypertension,0
111794,35,21-39,3.5,Male,Mexican American,37.5,Obesity class 2-3 (35+),7.5,115.66666666666667,71.33333333333333,0,0,No hypertension,0
111795,59,40-59,5.9,Male,Non-Hispanic White,28.4,Overweight (25-29.9),5.68,163.66666666666666,100,1,1,Hypertension,1
111796,34,21-39,3.4,Male,Other Hispanic,27,Overweight (25-29.9),5.4,118.66666666666667,80.33333333333333,0,1,Hypertension,0
111797,61,60-79,6.1,Male,Non-Hispanic White,25.6,Overweight (25-29.9),5.12,139.66666666666666,83.66666666666667,0,1,Hypertension,0
111800,58,40-59,5.8,Female,Non-Hispanic Black,17.1,Underweight (<18.5),3.4200000000000004,125.33333333333333,78.33333333333333,0,0,No hypertension,0
111803,36,21-39,3.6,Male,Non-Hispanic Black,42.5,Obesity class 2-3 (35+),8.5,128.33333333333334,71.33333333333333,0,0,No hypertension,0
111804,60,60-79,6,Female,Non-Hispanic Black,45.4,Obesity class 2-3 (35+),9.08,151.33333333333334,88.33333333333333,1,1,Hypertension,1
111808,22,21-39,2.2,Female,Non-Hispanic Black,33.5,Obesity class 1 (30-34.9),6.7,101.66666666666667,69.33333333333333,0,0,No hypertension,0
111809,67,60-79,6.7,Female,Non-Hispanic White,18.7,Healthy weight (18.5-24.9),3.7399999999999998,88.33333333333333,50,0,0,No hypertension,0
111811,26,21-39,2.6,Female,Other Hispanic,28.4,Overweight (25-29.9),5.68,97,58,0,0,No hypertension,0
111814,54,40-59,5.4,Male,Non-Hispanic Asian,27.5,Overweight (25-29.9),5.5,130,81,0,1,Hypertension,0
111821,59,40-59,5.9,Female,Non-Hispanic White,22.1,Healthy weight (18.5-24.9),4.42,112.33333333333333,62.333333333333336,0,0,No hypertension,0
111824,63,60-79,6.3,Male,Non-Hispanic Asian,24,Healthy weight (18.5-24.9),4.8,154,73.33333333333333,0,1,Hypertension,1
111825,34,21-39,3.4,Male,Non-Hispanic Black,38.5,Obesity class 2-3 (35+),7.7,129.66666666666666,85.66666666666667,0,1,Hypertension,0
111827,40,40-59,4,Male,Non-Hispanic White,21.6,Healthy weight (18.5-24.9),4.32,109,57.666666666666664,0,0,No hypertension,0
111828,39,21-39,3.9,Female,Mexican American,33.4,Obesity class 1 (30-34.9),6.68,120.33333333333333,74.33333333333333,0,0,No hypertension,0
111829,61,60-79,6.1,Female,Other Hispanic,49.6,Obesity class 2-3 (35+),9.92,99,48.666666666666664,1,1,Hypertension,1
111831,41,40-59,4.1,Male,Non-Hispanic Black,32.3,Obesity class 1 (30-34.9),6.459999999999999,138.66666666666666,75.33333333333333,0,1,Hypertension,0
111833,26,21-39,2.6,Female,Non-Hispanic Black,31.7,Obesity class 1 (30-34.9),6.34,98,63,0,0,No hypertension,0
111834,30,21-39,3,Male,Non-Hispanic White,24.6,Healthy weight (18.5-24.9),4.92,123.33333333333333,72.33333333333333,0,0,No hypertension,0
111835,72,60-79,7.2,Male,Non-Hispanic White,20.9,Healthy weight (18.5-24.9),4.18,110.66666666666667,63.333333333333336,0,0,No hypertension,0
111839,61,60-79,6.1,Female,Non-Hispanic Asian,23.5,Healthy weight (18.5-24.9),4.7,156.33333333333334,77.33333333333333,1,1,Hypertension,1
111845,34,21-39,3.4,Female,Non-Hispanic Asian,16.5,Underweight (<18.5),3.3,125.66666666666667,76.66666666666667,0,0,No hypertension,0
111846,23,21-39,2.3,Female,Other/Multiracial,30.6,Obesity class 1 (30-34.9),6.12,102,73,0,0,No hypertension,0
111849,41,40-59,4.1,Male,Other Hispanic,32,Obesity class 1 (30-34.9),6.4,164,114.33333333333333,1,1,Hypertension,1
111850,42,40-59,4.2,Female,Non-Hispanic White,36.3,Obesity class 2-3 (35+),7.26,99.66666666666667,70,0,0,No hypertension,0
111857,53,40-59,5.3,Female,Non-Hispanic Black,30.7,Obesity class 1 (30-34.9),6.14,111.66666666666667,80.66666666666667,0,1,Hypertension,0
111858,23,21-39,2.3,Male,Other Hispanic,23.7,Healthy weight (18.5-24.9),4.74,118.33333333333333,70,0,0,No hypertension,0
111863,78,60-79,7.8,Female,Non-Hispanic White,33.8,Obesity class 1 (30-34.9),6.76,129.33333333333334,77,1,1,Hypertension,1
111864,34,21-39,3.4,Male,Non-Hispanic White,29.6,Overweight (25-29.9),5.92,107.66666666666667,65.66666666666667,0,0,No hypertension,0
111866,77,60-79,7.7,Male,Non-Hispanic White,25.9,Overweight (25-29.9),5.18,149,71,0,1,Hypertension,1
111868,48,40-59,4.8,Female,Non-Hispanic Black,47.1,Obesity class 2-3 (35+),9.42,119.66666666666667,74.66666666666667,1,1,Hypertension,1
111869,44,40-59,4.4,Female,Non-Hispanic Asian,25.6,Overweight (25-29.9),5.12,115.33333333333333,79,1,1,Hypertension,1
111871,43,40-59,4.3,Female,Non-Hispanic White,31.1,Obesity class 1 (30-34.9),6.220000000000001,114.66666666666667,77,0,0,No hypertension,0
111872,38,21-39,3.8,Female,Non-Hispanic White,34.5,Obesity class 1 (30-34.9),6.9,103.66666666666667,64.33333333333333,0,0,No hypertension,0
111874,61,60-79,6.1,Male,Non-Hispanic Black,23.8,Healthy weight (18.5-24.9),4.76,153.33333333333334,72,0,1,Hypertension,1
111875,56,40-59,5.6,Female,Other/Multiracial,28,Overweight (25-29.9),5.6,107.33333333333333,67.33333333333333,0,0,No hypertension,0
111876,54,40-59,5.4,Male,Other/Multiracial,42.8,Obesity class 2-3 (35+),8.559999999999999,116,82.33333333333333,0,1,Hypertension,0
111878,37,21-39,3.7,Male,Other/Multiracial,25.6,Overweight (25-29.9),5.12,120.33333333333333,72,0,0,No hypertension,0
111879,70,60-79,7,Male,Other Hispanic,31.3,Obesity class 1 (30-34.9),6.26,127,77.33333333333333,1,1,Hypertension,1
111882,64,60-79,6.4,Female,Other Hispanic,22.6,Healthy weight (18.5-24.9),4.5200000000000005,127,70,0,0,No hypertension,0
111883,72,60-79,7.2,Male,Non-Hispanic Black,38.2,Obesity class 2-3 (35+),7.640000000000001,155,90,1,1,Hypertension,1
111884,60,60-79,6,Male,Non-Hispanic Black,29.2,Overweight (25-29.9),5.84,137.66666666666666,73.66666666666667,1,1,Hypertension,1
111886,55,40-59,5.5,Female,Non-Hispanic Asian,21.1,Healthy weight (18.5-24.9),4.220000000000001,107,67.66666666666667,0,0,No hypertension,0
111887,29,21-39,2.9,Female,Non-Hispanic Black,19.3,Healthy weight (18.5-24.9),3.8600000000000003,114.33333333333333,85,0,1,Hypertension,0
111890,60,60-79,6,Male,Non-Hispanic Black,31.3,Obesity class 1 (30-34.9),6.26,142.33333333333334,86.66666666666667,1,1,Hypertension,1
111893,66,60-79,6.6,Female,Non-Hispanic White,25.3,Overweight (25-29.9),5.0600000000000005,110.33333333333333,55.666666666666664,0,0,No hypertension,0
111894,21,21-39,2.1,Male,Non-Hispanic Asian,24.4,Healthy weight (18.5-24.9),4.88,116,66.66666666666667,0,0,No hypertension,0
111895,66,60-79,6.6,Male,Non-Hispanic White,32.8,Obesity class 1 (30-34.9),6.56,155.66666666666666,83.66666666666667,0,1,Hypertension,1
111896,65,60-79,6.5,Male,Non-Hispanic Black,27.3,Overweight (25-29.9),5.46,124,75.66666666666667,0,0,No hypertension,0
111898,74,60-79,7.4,Female,Other/Multiracial,29.9,Overweight (25-29.9),5.9799999999999995,130,70.66666666666667,1,1,Hypertension,1
111901,57,40-59,5.7,Male,Mexican American,25.9,Overweight (25-29.9),5.18,116.66666666666667,64.33333333333333,0,0,No hypertension,0
111903,27,21-39,2.7,Male,Non-Hispanic Black,23.2,Healthy weight (18.5-24.9),4.64,123.66666666666667,70.33333333333333,0,0,No hypertension,0
111904,53,40-59,5.3,Female,Non-Hispanic Black,29.7,Overweight (25-29.9),5.9399999999999995,99.66666666666667,56.333333333333336,0,0,No hypertension,0
111906,45,40-59,4.5,Male,Non-Hispanic Black,30.9,Obesity class 1 (30-34.9),6.18,112,67.66666666666667,1,1,Hypertension,1
111908,64,60-79,6.4,Female,Non-Hispanic White,26.5,Overweight (25-29.9),5.3,142.33333333333334,66.33333333333333,1,1,Hypertension,1
111909,56,40-59,5.6,Female,Non-Hispanic Black,41,Obesity class 2-3 (35+),8.2,120.33333333333333,78.66666666666667,1,1,Hypertension,1
111911,40,40-59,4,Male,Non-Hispanic White,39.7,Obesity class 2-3 (35+),7.94,127.33333333333333,85.66666666666667,0,1,Hypertension,0
111913,48,40-59,4.8,Male,Other/Multiracial,34.1,Obesity class 1 (30-34.9),6.82,119.33333333333333,78,1,1,Hypertension,1
111917,41,40-59,4.1,Male,Other Hispanic,36.2,Obesity class 2-3 (35+),7.24,134.66666666666666,80.33333333333333,0,1,Hypertension,0
111920,52,40-59,5.2,Male,Mexican American,44.1,Obesity class 2-3 (35+),8.82,103,68.66666666666667,1,1,Hypertension,1
111922,30,21-39,3,Male,Non-Hispanic Asian,23.4,Healthy weight (18.5-24.9),4.68,108,68.66666666666667,0,0,No hypertension,0
111923,40,40-59,4,Female,Non-Hispanic Black,60.4,Obesity class 2-3 (35+),12.08,143,102.33333333333333,1,1,Hypertension,1
111925,22,21-39,2.2,Male,Other/Multiracial,25.8,Overweight (25-29.9),5.16,154.66666666666666,93,0,1,Hypertension,1
111927,54,40-59,5.4,Female,Other Hispanic,33.6,Obesity class 1 (30-34.9),6.720000000000001,138.33333333333334,90.66666666666667,1,1,Hypertension,1
111928,46,40-59,4.6,Female,Non-Hispanic Black,29,Overweight (25-29.9),5.8,122.66666666666667,79.66666666666667,0,0,No hypertension,0
111929,61,60-79,6.1,Male,Non-Hispanic Black,28.4,Overweight (25-29.9),5.68,142.33333333333334,78.33333333333333,1,1,Hypertension,1
111930,73,60-79,7.3,Male,Other Hispanic,34,Obesity class 1 (30-34.9),6.8,102,56.333333333333336,0,0,No hypertension,0
111934,63,60-79,6.3,Female,Mexican American,28.4,Overweight (25-29.9),5.68,121.66666666666667,74.66666666666667,0,0,No hypertension,0
111935,48,40-59,4.8,Female,Non-Hispanic White,26.2,Overweight (25-29.9),5.24,112.66666666666667,68.33333333333333,0,0,No hypertension,0
111938,57,40-59,5.7,Female,Non-Hispanic White,22.5,Healthy weight (18.5-24.9),4.5,108.66666666666667,67,0,0,No hypertension,0
111939,46,40-59,4.6,Male,Non-Hispanic White,24.1,Healthy weight (18.5-24.9),4.82,107,65.66666666666667,0,0,No hypertension,0
111942,27,21-39,2.7,Male,Non-Hispanic White,31.8,Obesity class 1 (30-34.9),6.36,124.33333333333333,69,0,0,No hypertension,0
111944,32,21-39,3.2,Female,Non-Hispanic White,46.5,Obesity class 2-3 (35+),9.3,108.66666666666667,79.33333333333333,0,0,No hypertension,0
111945,74,60-79,7.4,Male,Non-Hispanic White,19.1,Healthy weight (18.5-24.9),3.8200000000000003,159.33333333333334,69.66666666666667,0,1,Hypertension,1
111947,45,40-59,4.5,Male,Non-Hispanic Black,40.9,Obesity class 2-3 (35+),8.18,185,112,0,1,Hypertension,1
111950,27,21-39,2.7,Male,Non-Hispanic Black,22.5,Healthy weight (18.5-24.9),4.5,134.33333333333334,82.33333333333333,0,1,Hypertension,0
111958,38,21-39,3.8,Female,Other/Multiracial,33.5,Obesity class 1 (30-34.9),6.7,117.33333333333333,83.66666666666667,1,1,Hypertension,1
111960,41,40-59,4.1,Female,Non-Hispanic White,25.9,Overweight (25-29.9),5.18,120,82,0,1,Hypertension,0
111966,33,21-39,3.3,Male,Non-Hispanic White,36.6,Obesity class 2-3 (35+),7.32,121,77,1,1,Hypertension,1
111967,49,40-59,4.9,Male,Non-Hispanic Asian,26,Overweight (25-29.9),5.2,103.33333333333333,63,0,0,No hypertension,0
111968,70,60-79,7,Male,Non-Hispanic Asian,26.4,Overweight (25-29.9),5.279999999999999,121,73.66666666666667,1,1,Hypertension,1
111970,35,21-39,3.5,Female,Non-Hispanic White,33.8,Obesity class 1 (30-34.9),6.76,100.33333333333333,72.33333333333333,0,0,No hypertension,0
111971,45,40-59,4.5,Male,Non-Hispanic White,27.4,Overweight (25-29.9),5.4799999999999995,124.66666666666667,83,0,1,Hypertension,0
111972,37,21-39,3.7,Female,Mexican American,24.4,Healthy weight (18.5-24.9),4.88,104.33333333333333,46.333333333333336,0,0,No hypertension,0
111974,26,21-39,2.6,Male,Mexican American,28.9,Overweight (25-29.9),5.779999999999999,113.66666666666667,63.666666666666664,0,0,No hypertension,0
111975,59,40-59,5.9,Female,Non-Hispanic Black,28.9,Overweight (25-29.9),5.779999999999999,165.33333333333334,97.66666666666667,1,1,Hypertension,1
111980,47,40-59,4.7,Female,Non-Hispanic White,43.6,Obesity class 2-3 (35+),8.72,112,77.33333333333333,0,0,No hypertension,0
111982,25,21-39,2.5,Female,Non-Hispanic Black,66.2,Obesity class 2-3 (35+),13.24,106.33333333333333,75.66666666666667,0,0,No hypertension,0
111983,63,60-79,6.3,Male,Non-Hispanic Black,29.1,Overweight (25-29.9),5.82,119,78.66666666666667,1,1,Hypertension,1
111985,42,40-59,4.2,Female,Non-Hispanic Black,39.2,Obesity class 2-3 (35+),7.840000000000001,95.66666666666667,65,0,0,No hypertension,0
111986,60,60-79,6,Male,Non-Hispanic Black,30.1,Obesity class 1 (30-34.9),6.0200000000000005,169.33333333333334,107,0,1,Hypertension,1
111990,61,60-79,6.1,Female,Other Hispanic,39.1,Obesity class 2-3 (35+),7.82,127,84.33333333333333,1,1,Hypertension,1
111991,44,40-59,4.4,Female,Non-Hispanic White,47,Obesity class 2-3 (35+),9.4,119.33333333333333,85,1,1,Hypertension,1
111993,38,21-39,3.8,Male,Non-Hispanic Black,33.3,Obesity class 1 (30-34.9),6.659999999999999,115.66666666666667,76.66666666666667,0,0,No hypertension,0
111994,63,60-79,6.3,Male,Other Hispanic,31.7,Obesity class 1 (30-34.9),6.34,149,92.66666666666667,0,1,Hypertension,1
111995,22,21-39,2.2,Male,Non-Hispanic White,38,Obesity class 2-3 (35+),7.6,134.33333333333334,81.66666666666667,0,1,Hypertension,0
111997,77,60-79,7.7,Male,Non-Hispanic White,29.1,Overweight (25-29.9),5.82,135,70.66666666666667,1,1,Hypertension,1
111999,47,40-59,4.7,Male,Non-Hispanic White,47.7,Obesity class 2-3 (35+),9.540000000000001,105,79,1,1,Hypertension,1
112001,59,40-59,5.9,Male,Non-Hispanic White,29.7,Overweight (25-29.9),5.9399999999999995,146.66666666666666,82.66666666666667,1,1,Hypertension,1
112002,33,21-39,3.3,Female,Non-Hispanic Asian,25,Overweight (25-29.9),5,108.66666666666667,68.66666666666667,0,0,No hypertension,0
112005,77,60-79,7.7,Male,Non-Hispanic White,36.4,Obesity class 2-3 (35+),7.279999999999999,113.66666666666667,68.33333333333333,1,1,Hypertension,1
112008,77,60-79,7.7,Male,Non-Hispanic Asian,22.7,Healthy weight (18.5-24.9),4.54,147,72.66666666666667,1,1,Hypertension,1
112010,29,21-39,2.9,Male,Non-Hispanic Black,22,Healthy weight (18.5-24.9),4.4,131,73.33333333333333,0,1,Hypertension,0
112011,60,60-79,6,Male,Non-Hispanic White,25.8,Overweight (25-29.9),5.16,129,77.33333333333333,1,1,Hypertension,1
112012,32,21-39,3.2,Male,Non-Hispanic Black,28.6,Overweight (25-29.9),5.720000000000001,119.33333333333333,82.66666666666667,0,1,Hypertension,0
112014,59,40-59,5.9,Male,Non-Hispanic White,20.5,Healthy weight (18.5-24.9),4.1,169,100,0,1,Hypertension,1
112016,55,40-59,5.5,Female,Non-Hispanic Black,35.1,Obesity class 2-3 (35+),7.0200000000000005,131,85.66666666666667,1,1,Hypertension,1
112018,29,21-39,2.9,Male,Non-Hispanic Black,30.2,Obesity class 1 (30-34.9),6.04,126.33333333333333,78.33333333333333,0,0,No hypertension,0
112019,74,60-79,7.4,Female,Non-Hispanic White,34,Obesity class 1 (30-34.9),6.8,127.33333333333333,78,0,0,No hypertension,0
112021,52,40-59,5.2,Female,Non-Hispanic White,43.1,Obesity class 2-3 (35+),8.620000000000001,115.33333333333333,65,0,0,No hypertension,0
112023,41,40-59,4.1,Female,Non-Hispanic White,29.5,Overweight (25-29.9),5.9,150,84.33333333333333,0,1,Hypertension,1
112025,57,40-59,5.7,Male,Non-Hispanic White,45.3,Obesity class 2-3 (35+),9.059999999999999,144,88.66666666666667,1,1,Hypertension,1
112028,55,40-59,5.5,Female,Non-Hispanic White,30.4,Obesity class 1 (30-34.9),6.08,118.33333333333333,69.66666666666667,0,0,No hypertension,0
112030,72,60-79,7.2,Male,Non-Hispanic White,25.7,Overweight (25-29.9),5.14,121,64.33333333333333,0,0,No hypertension,0
112034,21,21-39,2.1,Female,Non-Hispanic White,19,Healthy weight (18.5-24.9),3.8,99.66666666666667,62.333333333333336,0,0,No hypertension,0
112040,23,21-39,2.3,Male,Non-Hispanic White,31.7,Obesity class 1 (30-34.9),6.34,124.33333333333333,51,0,0,No hypertension,0
112041,30,21-39,3,Male,Other Hispanic,38.9,Obesity class 2-3 (35+),7.779999999999999,117.33333333333333,76.66666666666667,0,0,No hypertension,0
112045,67,60-79,6.7,Male,Non-Hispanic White,37.6,Obesity class 2-3 (35+),7.5200000000000005,131,70.66666666666667,1,1,Hypertension,1
112047,63,60-79,6.3,Male,Mexican American,37.1,Obesity class 2-3 (35+),7.42,139.66666666666666,83.66666666666667,0,1,Hypertension,0
112050,61,60-79,6.1,Female,Non-Hispanic White,35.4,Obesity class 2-3 (35+),7.08,110,73,0,0,No hypertension,0
112052,44,40-59,4.4,Male,Other/Multiracial,27.5,Overweight (25-29.9),5.5,106.66666666666667,74,1,1,Hypertension,1
112053,77,60-79,7.7,Female,Non-Hispanic Black,37.9,Obesity class 2-3 (35+),7.58,150.33333333333334,76.33333333333333,1,1,Hypertension,1
112054,55,40-59,5.5,Female,Non-Hispanic White,21.8,Healthy weight (18.5-24.9),4.36,118.33333333333333,90,1,1,Hypertension,1
112055,39,21-39,3.9,Female,Non-Hispanic White,24.1,Healthy weight (18.5-24.9),4.82,103.66666666666667,66,0,0,No hypertension,0
112059,43,40-59,4.3,Female,Non-Hispanic Asian,40.4,Obesity class 2-3 (35+),8.08,103,69.66666666666667,0,0,No hypertension,0
112060,43,40-59,4.3,Male,Non-Hispanic Black,27.3,Overweight (25-29.9),5.46,124.66666666666667,81.66666666666667,0,1,Hypertension,0
112063,41,40-59,4.1,Female,Non-Hispanic Black,42.2,Obesity class 2-3 (35+),8.440000000000001,128.66666666666666,89.33333333333333,1,1,Hypertension,1
112067,63,60-79,6.3,Male,Other Hispanic,25.6,Overweight (25-29.9),5.12,137.33333333333334,78.66666666666667,0,1,Hypertension,0
112071,57,40-59,5.7,Female,Mexican American,32.1,Obesity class 1 (30-34.9),6.42,107.66666666666667,65,0,0,No hypertension,0
112072,62,60-79,6.2,Male,Non-Hispanic White,47.5,Obesity class 2-3 (35+),9.5,113.66666666666667,78.33333333333333,1,1,Hypertension,1
112073,28,21-39,2.8,Male,Mexican American,21.6,Healthy weight (18.5-24.9),4.32,110.66666666666667,62.333333333333336,0,0,No hypertension,0
112077,25,21-39,2.5,Female,Other/Multiracial,35.4,Obesity class 2-3 (35+),7.08,114.66666666666667,75.66666666666667,0,0,No hypertension,0
112078,61,60-79,6.1,Male,Non-Hispanic Asian,24.7,Healthy weight (18.5-24.9),4.9399999999999995,119.33333333333333,72.66666666666667,1,1,Hypertension,1
112080,56,40-59,5.6,Male,Non-Hispanic Asian,27.2,Overweight (25-29.9),5.4399999999999995,137.33333333333334,80.33333333333333,0,1,Hypertension,0
112081,74,60-79,7.4,Male,Non-Hispanic White,29.1,Overweight (25-29.9),5.82,127,70.66666666666667,0,0,No hypertension,0
112084,74,60-79,7.4,Male,Non-Hispanic White,31.2,Obesity class 1 (30-34.9),6.24,118.33333333333333,70.66666666666667,0,0,No hypertension,0
112086,50,40-59,5,Male,Mexican American,29.5,Overweight (25-29.9),5.9,142.33333333333334,93.33333333333333,0,1,Hypertension,1
112088,26,21-39,2.6,Female,Non-Hispanic Black,32.7,Obesity class 1 (30-34.9),6.540000000000001,87.66666666666667,60,0,0,No hypertension,0
112089,54,40-59,5.4,Female,Non-Hispanic White,27.2,Overweight (25-29.9),5.4399999999999995,108,70.66666666666667,0,0,No hypertension,0
112090,74,60-79,7.4,Female,Non-Hispanic Black,24.2,Healthy weight (18.5-24.9),4.84,127,64.66666666666667,1,1,Hypertension,1
112092,42,40-59,4.2,Male,Non-Hispanic Black,34.3,Obesity class 1 (30-34.9),6.859999999999999,145.66666666666666,102.66666666666667,0,1,Hypertension,1
112095,67,60-79,6.7,Male,Mexican American,20.9,Healthy weight (18.5-24.9),4.18,108,57.666666666666664,0,0,No hypertension,0
112098,62,60-79,6.2,Female,Non-Hispanic Asian,24.5,Healthy weight (18.5-24.9),4.9,131,72.33333333333333,0,1,Hypertension,0
112099,72,60-79,7.2,Female,Mexican American,28.3,Overweight (25-29.9),5.66,157.33333333333334,68,1,1,Hypertension,1
112100,56,40-59,5.6,Male,Non-Hispanic White,23.5,Healthy weight (18.5-24.9),4.7,126,74,0,0,No hypertension,0
112102,38,21-39,3.8,Male,Mexican American,28.8,Overweight (25-29.9),5.76,121.66666666666667,70.33333333333333,0,0,No hypertension,0
112104,67,60-79,6.7,Female,Other/Multiracial,23.8,Healthy weight (18.5-24.9),4.76,123.33333333333333,66.33333333333333,1,1,Hypertension,1
112105,55,40-59,5.5,Male,Non-Hispanic White,34.6,Obesity class 1 (30-34.9),6.92,120.66666666666667,83,0,1,Hypertension,0
112106,30,21-39,3,Male,Non-Hispanic Asian,33.9,Obesity class 1 (30-34.9),6.779999999999999,162.66666666666666,98.66666666666667,1,1,Hypertension,1
112108,53,40-59,5.3,Female,Non-Hispanic Black,56.9,Obesity class 2-3 (35+),11.379999999999999,127,72,1,1,Hypertension,1
112109,38,21-39,3.8,Male,Non-Hispanic Black,19.6,Healthy weight (18.5-24.9),3.9200000000000004,139,90.33333333333333,0,1,Hypertension,1
112110,37,21-39,3.7,Female,Non-Hispanic White,26.9,Overweight (25-29.9),5.38,104.66666666666667,62.666666666666664,0,0,No hypertension,0
112113,70,60-79,7,Female,Non-Hispanic Black,35.5,Obesity class 2-3 (35+),7.1,152.33333333333334,66.66666666666667,0,1,Hypertension,1
112115,46,40-59,4.6,Male,Non-Hispanic Black,36.2,Obesity class 2-3 (35+),7.24,159.33333333333334,85.66666666666667,1,1,Hypertension,1
112116,45,40-59,4.5,Male,Non-Hispanic Asian,25.2,Overweight (25-29.9),5.04,122.33333333333333,77.66666666666667,1,1,Hypertension,1
112117,72,60-79,7.2,Male,Other Hispanic,33.4,Obesity class 1 (30-34.9),6.68,94.66666666666667,68.66666666666667,1,1,Hypertension,1
112122,22,21-39,2.2,Female,Mexican American,24.2,Healthy weight (18.5-24.9),4.84,96.66666666666667,60.333333333333336,0,0,No hypertension,0
112123,79,60-79,7.9,Male,Non-Hispanic White,32.1,Obesity class 1 (30-34.9),6.42,141.33333333333334,74.33333333333333,1,1,Hypertension,1
112124,71,60-79,7.1,Male,Mexican American,21.3,Healthy weight (18.5-24.9),4.26,167,85.66666666666667,1,1,Hypertension,1
112126,68,60-79,6.8,Female,Non-Hispanic White,29.9,Overweight (25-29.9),5.9799999999999995,141.33333333333334,77.66666666666667,0,1,Hypertension,1
112127,50,40-59,5,Female,Non-Hispanic Black,45.9,Obesity class 2-3 (35+),9.18,121,78,1,1,Hypertension,1
112131,43,40-59,4.3,Male,Mexican American,28,Overweight (25-29.9),5.6,121.33333333333333,77.33333333333333,0,0,No hypertension,0
112132,63,60-79,6.3,Male,Non-Hispanic White,25.3,Overweight (25-29.9),5.0600000000000005,117.33333333333333,46,1,1,Hypertension,1
112134,77,60-79,7.7,Male,Non-Hispanic Black,28.5,Overweight (25-29.9),5.7,150,70.33333333333333,0,1,Hypertension,1
112135,65,60-79,6.5,Female,Non-Hispanic Asian,22.1,Healthy weight (18.5-24.9),4.42,115,70.33333333333333,0,0,No hypertension,0
112136,61,60-79,6.1,Male,Mexican American,35.7,Obesity class 2-3 (35+),7.140000000000001,128,81,1,1,Hypertension,1
112137,54,40-59,5.4,Female,Mexican American,32.2,Obesity class 1 (30-34.9),6.44,128.33333333333334,72.33333333333333,0,0,No hypertension,0
112139,33,21-39,3.3,Female,Mexican American,37.5,Obesity class 2-3 (35+),7.5,110,76,0,0,No hypertension,0
112142,55,40-59,5.5,Female,Non-Hispanic White,30.7,Obesity class 1 (30-34.9),6.14,96.66666666666667,57.666666666666664,1,1,Hypertension,1
112145,41,40-59,4.1,Female,Other/Multiracial,27.1,Overweight (25-29.9),5.42,120,83.66666666666667,0,1,Hypertension,0
112146,31,21-39,3.1,Female,Non-Hispanic Black,42.3,Obesity class 2-3 (35+),8.459999999999999,146.66666666666666,109,0,1,Hypertension,1
112148,32,21-39,3.2,Female,Non-Hispanic White,43.5,Obesity class 2-3 (35+),8.7,122.33333333333333,88,0,1,Hypertension,0
112149,64,60-79,6.4,Male,Non-Hispanic Black,28.8,Overweight (25-29.9),5.76,122.33333333333333,66,1,1,Hypertension,1
112156,43,40-59,4.3,Female,Non-Hispanic Asian,25,Overweight (25-29.9),5,123.66666666666667,76.66666666666667,0,0,No hypertension,0
112158,33,21-39,3.3,Female,Non-Hispanic White,22.8,Healthy weight (18.5-24.9),4.5600000000000005,109.33333333333333,80.33333333333333,0,1,Hypertension,0
112159,64,60-79,6.4,Male,Non-Hispanic Black,24.6,Healthy weight (18.5-24.9),4.92,152.66666666666666,76,1,1,Hypertension,1
112161,45,40-59,4.5,Female,Non-Hispanic Black,29.5,Overweight (25-29.9),5.9,121,75,0,0,No hypertension,0
112164,40,40-59,4,Female,Non-Hispanic White,39,Obesity class 2-3 (35+),7.8,110.66666666666667,78.33333333333333,0,0,No hypertension,0
112168,55,40-59,5.5,Female,Non-Hispanic Black,48.9,Obesity class 2-3 (35+),9.78,140,98.33333333333333,0,1,Hypertension,1
112169,61,60-79,6.1,Male,Non-Hispanic White,47,Obesity class 2-3 (35+),9.4,135.66666666666666,76.66666666666667,1,1,Hypertension,1
112170,57,40-59,5.7,Female,Non-Hispanic White,31.4,Obesity class 1 (30-34.9),6.279999999999999,125,82.66666666666667,0,1,Hypertension,0
112171,66,60-79,6.6,Female,Non-Hispanic Asian,23.7,Healthy weight (18.5-24.9),4.74,146.33333333333334,79.66666666666667,1,1,Hypertension,1
112174,60,60-79,6,Female,Non-Hispanic Black,24.7,Healthy weight (18.5-24.9),4.9399999999999995,113.66666666666667,70.33333333333333,0,0,No hypertension,0
112180,76,60-79,7.6,Female,Non-Hispanic Asian,19.6,Healthy weight (18.5-24.9),3.9200000000000004,119.33333333333333,56.666666666666664,1,1,Hypertension,1
112182,41,40-59,4.1,Male,Non-Hispanic White,36.5,Obesity class 2-3 (35+),7.3,117,75.66666666666667,0,0,No hypertension,0
112183,34,21-39,3.4,Female,Non-Hispanic Black,33.3,Obesity class 1 (30-34.9),6.659999999999999,121.66666666666667,83.33333333333333,0,1,Hypertension,0
112184,60,60-79,6,Male,Non-Hispanic White,28.6,Overweight (25-29.9),5.720000000000001,111.66666666666667,67.33333333333333,0,0,No hypertension,0
112187,58,40-59,5.8,Female,Mexican American,32.2,Obesity class 1 (30-34.9),6.44,130.33333333333334,75.33333333333333,0,1,Hypertension,0
112190,72,60-79,7.2,Male,Mexican American,30.1,Obesity class 1 (30-34.9),6.0200000000000005,143,65.66666666666667,0,1,Hypertension,1
112191,41,40-59,4.1,Male,Other Hispanic,27,Overweight (25-29.9),5.4,115,77.66666666666667,0,0,No hypertension,0
112193,65,60-79,6.5,Male,Other Hispanic,21,Healthy weight (18.5-24.9),4.2,137.33333333333334,73.66666666666667,0,1,Hypertension,0
112194,69,60-79,6.9,Female,Non-Hispanic White,32.7,Obesity class 1 (30-34.9),6.540000000000001,125.33333333333333,73,1,1,Hypertension,1
112195,60,60-79,6,Female,Other Hispanic,42.8,Obesity class 2-3 (35+),8.559999999999999,107.66666666666667,73.66666666666667,1,1,Hypertension,1
112198,48,40-59,4.8,Female,Non-Hispanic White,29.6,Overweight (25-29.9),5.92,124.66666666666667,77.66666666666667,0,0,No hypertension,0
112201,24,21-39,2.4,Female,Mexican American,18.8,Healthy weight (18.5-24.9),3.7600000000000002,105.33333333333333,65.66666666666667,0,0,No hypertension,0
112205,49,40-59,4.9,Male,Non-Hispanic Black,31.7,Obesity class 1 (30-34.9),6.34,126,80,0,1,Hypertension,0
112206,22,21-39,2.2,Male,Non-Hispanic Black,20.9,Healthy weight (18.5-24.9),4.18,148.66666666666666,76.33333333333333,0,1,Hypertension,1
112207,53,40-59,5.3,Female,Other Hispanic,28.2,Overweight (25-29.9),5.64,108,72,0,0,No hypertension,0
112208,22,21-39,2.2,Male,Non-Hispanic Black,27.7,Overweight (25-29.9),5.54,121.66666666666667,63,0,0,No hypertension,0
112210,53,40-59,5.3,Male,Non-Hispanic Asian,24.6,Healthy weight (18.5-24.9),4.92,112.66666666666667,74.66666666666667,0,0,No hypertension,0
112211,42,40-59,4.2,Male,Mexican American,25.7,Overweight (25-29.9),5.14,122.66666666666667,77.66666666666667,0,0,No hypertension,0
112212,65,60-79,6.5,Male,Other/Multiracial,31.9,Obesity class 1 (30-34.9),6.38,122.33333333333333,72,1,1,Hypertension,1
112213,39,21-39,3.9,Female,Non-Hispanic White,44.6,Obesity class 2-3 (35+),8.92,105.66666666666667,78.66666666666667,1,1,Hypertension,1
112215,63,60-79,6.3,Male,Non-Hispanic Black,25.6,Overweight (25-29.9),5.12,164.33333333333334,99.33333333333333,1,1,Hypertension,1
112218,42,40-59,4.2,Male,Non-Hispanic Black,33.1,Obesity class 1 (30-34.9),6.62,111.66666666666667,72.66666666666667,0,0,No hypertension,0
112219,23,21-39,2.3,Male,Other/Multiracial,20.7,Healthy weight (18.5-24.9),4.14,121.33333333333333,59.666666666666664,0,0,No hypertension,0
112221,54,40-59,5.4,Female,Non-Hispanic Black,33.1,Obesity class 1 (30-34.9),6.62,153.66666666666666,93.66666666666667,0,1,Hypertension,1
112222,21,21-39,2.1,Male,Other Hispanic,31,Obesity class 1 (30-34.9),6.2,123.66666666666667,77.66666666666667,0,0,No hypertension,0
112226,76,60-79,7.6,Male,Non-Hispanic White,29.2,Overweight (25-29.9),5.84,99.33333333333333,43.666666666666664,1,1,Hypertension,1
112228,27,21-39,2.7,Female,Non-Hispanic White,20,Healthy weight (18.5-24.9),4,92.66666666666667,62.333333333333336,0,0,No hypertension,0
112230,60,60-79,6,Male,Non-Hispanic White,33.8,Obesity class 1 (30-34.9),6.76,119,78.66666666666667,1,1,Hypertension,1
112233,63,60-79,6.3,Female,Non-Hispanic Black,39,Obesity class 2-3 (35+),7.8,111,66,1,1,Hypertension,1
112235,40,40-59,4,Female,Non-Hispanic Black,47.1,Obesity class 2-3 (35+),9.42,92.33333333333333,64.33333333333333,0,0,No hypertension,0
112236,36,21-39,3.6,Female,Non-Hispanic Black,30.7,Obesity class 1 (30-34.9),6.14,105.66666666666667,66.66666666666667,0,0,No hypertension,0
112237,69,60-79,6.9,Female,Non-Hispanic Asian,20.1,Healthy weight (18.5-24.9),4.0200000000000005,119.33333333333333,70.66666666666667,1,1,Hypertension,1
112239,38,21-39,3.8,Female,Non-Hispanic Black,32,Obesity class 1 (30-34.9),6.4,121.66666666666667,78.66666666666667,0,0,No hypertension,0
112241,42,40-59,4.2,Male,Non-Hispanic White,41.8,Obesity class 2-3 (35+),8.36,129,76.33333333333333,0,0,No hypertension,0
112242,28,21-39,2.8,Male,Other Hispanic,39.6,Obesity class 2-3 (35+),7.92,115.66666666666667,71.66666666666667,0,0,No hypertension,0
112243,69,60-79,6.9,Female,Non-Hispanic White,29.2,Overweight (25-29.9),5.84,116.33333333333333,75,1,1,Hypertension,1
112248,32,21-39,3.2,Female,Other/Multiracial,35,Obesity class 2-3 (35+),7,121,77.33333333333333,0,0,No hypertension,0
112251,27,21-39,2.7,Female,Mexican American,40.9,Obesity class 2-3 (35+),8.18,100.66666666666667,74.33333333333333,0,0,No hypertension,0
112252,32,21-39,3.2,Male,Non-Hispanic White,28.7,Overweight (25-29.9),5.74,135.33333333333334,90,0,1,Hypertension,1
112265,61,60-79,6.1,Male,Mexican American,23.5,Healthy weight (18.5-24.9),4.7,119.33333333333333,70.33333333333333,0,0,No hypertension,0
112268,78,60-79,7.8,Male,Non-Hispanic White,34.8,Obesity class 1 (30-34.9),6.959999999999999,125.66666666666667,54,0,0,No hypertension,0
112269,71,60-79,7.1,Female,Non-Hispanic White,25.9,Overweight (25-29.9),5.18,156,83,1,1,Hypertension,1
112271,70,60-79,7,Female,Mexican American,25.5,Overweight (25-29.9),5.1,147.33333333333334,82.33333333333333,0,1,Hypertension,1
112273,21,21-39,2.1,Female,Mexican American,32.3,Obesity class 1 (30-34.9),6.459999999999999,94,62.333333333333336,0,0,No hypertension,0
112275,46,40-59,4.6,Female,Non-Hispanic Black,35.9,Obesity class 2-3 (35+),7.18,149.33333333333334,91.66666666666667,0,1,Hypertension,1
112276,61,60-79,6.1,Female,Non-Hispanic Black,30,Obesity class 1 (30-34.9),6,115,70.33333333333333,0,0,No hypertension,0
112277,37,21-39,3.7,Male,Other Hispanic,32.5,Obesity class 1 (30-34.9),6.5,128.33333333333334,86.33333333333333,1,1,Hypertension,1
112280,58,40-59,5.8,Female,Non-Hispanic Black,25.3,Overweight (25-29.9),5.0600000000000005,110.66666666666667,80,1,1,Hypertension,1
112282,50,40-59,5,Female,Non-Hispanic Black,30.6,Obesity class 1 (30-34.9),6.12,117.33333333333333,66.33333333333333,0,0,No hypertension,0
112284,30,21-39,3,Female,Non-Hispanic White,36.6,Obesity class 2-3 (35+),7.32,105.33333333333333,79,0,0,No hypertension,0
112285,65,60-79,6.5,Male,Non-Hispanic Black,46.1,Obesity class 2-3 (35+),9.22,157.33333333333334,94.66666666666667,0,1,Hypertension,1
112287,75,60-79,7.5,Female,Non-Hispanic Black,29.4,Overweight (25-29.9),5.88,150,74.33333333333333,1,1,Hypertension,1
112288,39,21-39,3.9,Female,Other Hispanic,36.2,Obesity class 2-3 (35+),7.24,113.33333333333333,65.66666666666667,0,0,No hypertension,0
112289,29,21-39,2.9,Male,Non-Hispanic White,26.5,Overweight (25-29.9),5.3,114,76,0,0,No hypertension,0
112291,65,60-79,6.5,Male,Non-Hispanic White,23.7,Healthy weight (18.5-24.9),4.74,118.33333333333333,66.33333333333333,0,0,No hypertension,0
112292,21,21-39,2.1,Male,Non-Hispanic Black,27.3,Overweight (25-29.9),5.46,113.66666666666667,62,0,0,No hypertension,0
112294,56,40-59,5.6,Male,Mexican American,28.8,Overweight (25-29.9),5.76,134,82.33333333333333,0,1,Hypertension,0
112295,49,40-59,4.9,Female,Non-Hispanic White,23.6,Healthy weight (18.5-24.9),4.720000000000001,116.33333333333333,68,0,0,No hypertension,0
112296,41,40-59,4.1,Male,Non-Hispanic Black,27.1,Overweight (25-29.9),5.42,120,80.66666666666667,0,1,Hypertension,0
112299,56,40-59,5.6,Female,Non-Hispanic White,25.8,Overweight (25-29.9),5.16,137.66666666666666,88,0,1,Hypertension,0
112300,64,60-79,6.4,Male,Non-Hispanic White,31.6,Obesity class 1 (30-34.9),6.32,135.33333333333334,77.33333333333333,1,1,Hypertension,1
112303,63,60-79,6.3,Female,Other/Multiracial,45,Obesity class 2-3 (35+),9,101.66666666666667,63,0,0,No hypertension,0
112305,67,60-79,6.7,Female,Non-Hispanic Black,53.3,Obesity class 2-3 (35+),10.66,159.5,102.5,1,1,Hypertension,1
112308,29,21-39,2.9,Female,Non-Hispanic White,21.9,Healthy weight (18.5-24.9),4.38,106,61.333333333333336,0,0,No hypertension,0
112309,39,21-39,3.9,Female,Non-Hispanic White,31.5,Obesity class 1 (30-34.9),6.3,120.33333333333333,85,0,1,Hypertension,0
112312,45,40-59,4.5,Male,Mexican American,29,Overweight (25-29.9),5.8,115.33333333333333,59.666666666666664,1,1,Hypertension,1
112313,26,21-39,2.6,Male,Non-Hispanic Black,40.8,Obesity class 2-3 (35+),8.16,109,63.666666666666664,0,0,No hypertension,0
112314,70,60-79,7,Female,Mexican American,34.4,Obesity class 1 (30-34.9),6.88,155.33333333333334,73,0,1,Hypertension,1
112315,55,40-59,5.5,Female,Non-Hispanic Black,35,Obesity class 2-3 (35+),7,170.66666666666666,96,0,1,Hypertension,1
112316,42,40-59,4.2,Female,Non-Hispanic Black,30.6,Obesity class 1 (30-34.9),6.12,124.66666666666667,85.66666666666667,0,1,Hypertension,0
112317,75,60-79,7.5,Male,Non-Hispanic White,29.9,Overweight (25-29.9),5.9799999999999995,138.33333333333334,65.66666666666667,1,1,Hypertension,1
112319,33,21-39,3.3,Female,Non-Hispanic White,25.6,Overweight (25-29.9),5.12,118.66666666666667,70.66666666666667,0,0,No hypertension,0
112320,48,40-59,4.8,Female,Non-Hispanic White,36.5,Obesity class 2-3 (35+),7.3,143.33333333333334,90.33333333333333,1,1,Hypertension,1
112321,47,40-59,4.7,Male,Non-Hispanic White,31.4,Obesity class 1 (30-34.9),6.279999999999999,138,98,1,1,Hypertension,1
112327,57,40-59,5.7,Male,Non-Hispanic White,37.4,Obesity class 2-3 (35+),7.4799999999999995,121.66666666666667,74.66666666666667,1,1,Hypertension,1
112328,55,40-59,5.5,Male,Mexican American,25.2,Overweight (25-29.9),5.04,103,66,1,1,Hypertension,1
112330,37,21-39,3.7,Female,Non-Hispanic Black,40.3,Obesity class 2-3 (35+),8.059999999999999,160.33333333333334,109.66666666666667,1,1,Hypertension,1
112331,56,40-59,5.6,Male,Non-Hispanic White,31,Obesity class 1 (30-34.9),6.2,121.33333333333333,78,0,0,No hypertension,0
112332,59,40-59,5.9,Female,Non-Hispanic White,36,Obesity class 2-3 (35+),7.2,128.66666666666666,87,1,1,Hypertension,1
112333,55,40-59,5.5,Female,Non-Hispanic Black,51.2,Obesity class 2-3 (35+),10.24,119,92.66666666666667,0,1,Hypertension,1
112335,58,40-59,5.8,Female,Other Hispanic,25,Overweight (25-29.9),5,132,70,0,1,Hypertension,0
112345,58,40-59,5.8,Male,Non-Hispanic White,21.5,Healthy weight (18.5-24.9),4.3,139.66666666666666,88.33333333333333,0,1,Hypertension,0
112350,48,40-59,4.8,Female,Non-Hispanic White,40,Obesity class 2-3 (35+),8,121.66666666666667,71.66666666666667,0,0,No hypertension,0
112354,38,21-39,3.8,Male,Non-Hispanic White,31.1,Obesity class 1 (30-34.9),6.220000000000001,131.66666666666666,83.33333333333333,1,1,Hypertension,1
112355,21,21-39,2.1,Male,Non-Hispanic White,20.8,Healthy weight (18.5-24.9),4.16,106,57.666666666666664,0,0,No hypertension,0
112356,21,21-39,2.1,Female,Non-Hispanic Black,41.9,Obesity class 2-3 (35+),8.379999999999999,105.66666666666667,67.33333333333333,0,0,No hypertension,0
112357,28,21-39,2.8,Female,Non-Hispanic Asian,24.2,Healthy weight (18.5-24.9),4.84,107.33333333333333,65,0,0,No hypertension,0
112358,29,21-39,2.9,Male,Other Hispanic,34.5,Obesity class 1 (30-34.9),6.9,126.33333333333333,88,1,1,Hypertension,1
112359,62,60-79,6.2,Male,Non-Hispanic Black,31.1,Obesity class 1 (30-34.9),6.220000000000001,152.66666666666666,95.66666666666667,0,1,Hypertension,1
112360,32,21-39,3.2,Male,Non-Hispanic Asian,25.5,Overweight (25-29.9),5.1,127.33333333333333,79.33333333333333,1,1,Hypertension,1
112361,56,40-59,5.6,Male,Mexican American,29.6,Overweight (25-29.9),5.92,141,88.66666666666667,1,1,Hypertension,1
112362,40,40-59,4,Female,Non-Hispanic Black,42.8,Obesity class 2-3 (35+),8.559999999999999,144.33333333333334,102.33333333333333,1,1,Hypertension,1
112363,59,40-59,5.9,Male,Non-Hispanic Asian,24.7,Healthy weight (18.5-24.9),4.9399999999999995,130.33333333333334,83,0,1,Hypertension,0
112365,58,40-59,5.8,Female,Other Hispanic,24.1,Healthy weight (18.5-24.9),4.82,114.33333333333333,65.33333333333333,1,1,Hypertension,1
112368,47,40-59,4.7,Male,Non-Hispanic Asian,30.2,Obesity class 1 (30-34.9),6.04,122.33333333333333,75,1,1,Hypertension,1
112370,40,40-59,4,Female,Other Hispanic,35.2,Obesity class 2-3 (35+),7.040000000000001,98.33333333333333,64,0,0,No hypertension,0
112371,23,21-39,2.3,Female,Non-Hispanic Black,19.1,Healthy weight (18.5-24.9),3.8200000000000003,113.66666666666667,63.333333333333336,0,0,No hypertension,0
112375,50,40-59,5,Male,Non-Hispanic Asian,28.8,Overweight (25-29.9),5.76,135.66666666666666,90.66666666666667,0,1,Hypertension,1
112377,44,40-59,4.4,Female,Non-Hispanic Black,43.3,Obesity class 2-3 (35+),8.66,110,76,0,0,No hypertension,0
112383,30,21-39,3,Male,Mexican American,26.2,Overweight (25-29.9),5.24,113.33333333333333,88,0,1,Hypertension,0
112385,21,21-39,2.1,Male,Non-Hispanic White,24.7,Healthy weight (18.5-24.9),4.9399999999999995,109,56.666666666666664,0,0,No hypertension,0
112386,63,60-79,6.3,Male,Non-Hispanic White,26.8,Overweight (25-29.9),5.36,108,67.66666666666667,0,0,No hypertension,0
112387,59,40-59,5.9,Male,Non-Hispanic Black,33.2,Obesity class 1 (30-34.9),6.640000000000001,150.66666666666666,78.66666666666667,1,1,Hypertension,1
112389,44,40-59,4.4,Male,Non-Hispanic Asian,29.5,Overweight (25-29.9),5.9,111,67,0,0,No hypertension,0
112394,49,40-59,4.9,Female,Non-Hispanic Asian,20.2,Healthy weight (18.5-24.9),4.04,112.66666666666667,69.66666666666667,0,0,No hypertension,0
112399,78,60-79,7.8,Female,Non-Hispanic Asian,22.4,Healthy weight (18.5-24.9),4.4799999999999995,154.66666666666666,87.66666666666667,1,1,Hypertension,1
112400,52,40-59,5.2,Female,Non-Hispanic White,34.8,Obesity class 1 (30-34.9),6.959999999999999,127.33333333333333,87.66666666666667,0,1,Hypertension,0
112402,68,60-79,6.8,Female,Non-Hispanic Black,30.4,Obesity class 1 (30-34.9),6.08,146,82.66666666666667,0,1,Hypertension,1
112403,46,40-59,4.6,Male,Mexican American,28.5,Overweight (25-29.9),5.7,125.66666666666667,66.66666666666667,0,0,No hypertension,0
112406,37,21-39,3.7,Male,Non-Hispanic White,48.3,Obesity class 2-3 (35+),9.66,129.66666666666666,90.66666666666667,0,1,Hypertension,1
112408,42,40-59,4.2,Male,Non-Hispanic Asian,19.3,Healthy weight (18.5-24.9),3.8600000000000003,108,72.66666666666667,0,0,No hypertension,0
112410,73,60-79,7.3,Female,Non-Hispanic Black,39.1,Obesity class 2-3 (35+),7.82,162.66666666666666,73.33333333333333,1,1,Hypertension,1
112412,40,40-59,4,Female,Other Hispanic,22.9,Healthy weight (18.5-24.9),4.58,119.33333333333333,76.33333333333333,0,0,No hypertension,0
112415,47,40-59,4.7,Female,Other Hispanic,37.4,Obesity class 2-3 (35+),7.4799999999999995,105.33333333333333,60.666666666666664,1,1,Hypertension,1
112419,41,40-59,4.1,Male,Non-Hispanic Asian,27,Overweight (25-29.9),5.4,121.66666666666667,77.66666666666667,0,0,No hypertension,0
112421,65,60-79,6.5,Male,Non-Hispanic Asian,25.8,Overweight (25-29.9),5.16,114.66666666666667,74.66666666666667,1,1,Hypertension,1
112422,60,60-79,6,Female,Non-Hispanic Black,47,Obesity class 2-3 (35+),9.4,195.33333333333334,78.33333333333333,1,1,Hypertension,1
112426,66,60-79,6.6,Female,Non-Hispanic Black,25.1,Overweight (25-29.9),5.0200000000000005,176.33333333333334,81,1,1,Hypertension,1
112427,52,40-59,5.2,Female,Non-Hispanic White,19.7,Healthy weight (18.5-24.9),3.94,131,75,0,1,Hypertension,0
112431,22,21-39,2.2,Female,Non-Hispanic Black,27.6,Overweight (25-29.9),5.5200000000000005,110,60.666666666666664,0,0,No hypertension,0
112432,33,21-39,3.3,Female,Non-Hispanic White,40.2,Obesity class 2-3 (35+),8.040000000000001,122,83.33333333333333,0,1,Hypertension,0
112433,57,40-59,5.7,Male,Non-Hispanic Black,23.4,Healthy weight (18.5-24.9),4.68,126.33333333333333,75.33333333333333,0,0,No hypertension,0
112434,37,21-39,3.7,Female,Non-Hispanic Black,24.1,Healthy weight (18.5-24.9),4.82,108,71.33333333333333,0,0,No hypertension,0
112435,79,60-79,7.9,Male,Non-Hispanic Black,39.2,Obesity class 2-3 (35+),7.840000000000001,140,62,1,1,Hypertension,1
112436,24,21-39,2.4,Female,Non-Hispanic White,26.9,Overweight (25-29.9),5.38,115.33333333333333,75.33333333333333,0,0,No hypertension,0
112437,76,60-79,7.6,Female,Non-Hispanic Black,21.9,Healthy weight (18.5-24.9),4.38,171,69,1,1,Hypertension,1
112438,33,21-39,3.3,Female,Non-Hispanic White,37.2,Obesity class 2-3 (35+),7.44,109.66666666666667,71,0,0,No hypertension,0
112444,57,40-59,5.7,Female,Mexican American,41.7,Obesity class 2-3 (35+),8.34,123,72,1,1,Hypertension,1
112446,55,40-59,5.5,Male,Non-Hispanic Asian,26.6,Overweight (25-29.9),5.32,110.66666666666667,68,0,0,No hypertension,0
112448,69,60-79,6.9,Male,Non-Hispanic White,44.5,Obesity class 2-3 (35+),8.9,112,66,1,1,Hypertension,1
112450,69,60-79,6.9,Female,Non-Hispanic Black,31,Obesity class 1 (30-34.9),6.2,175.33333333333334,84.33333333333333,1,1,Hypertension,1
112451,50,40-59,5,Male,Non-Hispanic Asian,27.7,Overweight (25-29.9),5.54,125.33333333333333,76.33333333333333,0,0,No hypertension,0
112452,72,60-79,7.2,Female,Non-Hispanic White,35.8,Obesity class 2-3 (35+),7.159999999999999,102.33333333333333,60.666666666666664,1,1,Hypertension,1
112454,62,60-79,6.2,Male,Non-Hispanic White,28,Overweight (25-29.9),5.6,122.33333333333333,74.66666666666667,0,0,No hypertension,0
112456,66,60-79,6.6,Male,Non-Hispanic Black,24.8,Healthy weight (18.5-24.9),4.96,146,69.33333333333333,1,1,Hypertension,1
112462,31,21-39,3.1,Male,Other/Multiracial,40,Obesity class 2-3 (35+),8,111.66666666666667,80,0,1,Hypertension,0
112464,69,60-79,6.9,Female,Non-Hispanic Black,27.4,Overweight (25-29.9),5.4799999999999995,140,73.33333333333333,1,1,Hypertension,1
112466,29,21-39,2.9,Male,Mexican American,37.9,Obesity class 2-3 (35+),7.58,116,64.33333333333333,0,0,No hypertension,0
112471,79,60-79,7.9,Female,Non-Hispanic Asian,26.9,Overweight (25-29.9),5.38,163.33333333333334,79.33333333333333,0,1,Hypertension,1
112475,73,60-79,7.3,Female,Non-Hispanic White,44.5,Obesity class 2-3 (35+),8.9,142.33333333333334,70.33333333333333,0,1,Hypertension,1
112477,34,21-39,3.4,Female,Mexican American,27,Overweight (25-29.9),5.4,98.33333333333333,65.66666666666667,0,0,No hypertension,0
112480,30,21-39,3,Male,Other Hispanic,29,Overweight (25-29.9),5.8,125,77.66666666666667,0,0,No hypertension,0
112483,59,40-59,5.9,Male,Non-Hispanic Black,24.4,Healthy weight (18.5-24.9),4.88,100.66666666666667,61,0,0,No hypertension,0
112488,61,60-79,6.1,Male,Non-Hispanic Black,40.8,Obesity class 2-3 (35+),8.16,123.33333333333333,85.66666666666667,0,1,Hypertension,0
112492,65,60-79,6.5,Male,Non-Hispanic White,30.4,Obesity class 1 (30-34.9),6.08,106.66666666666667,70,0,0,No hypertension,0
112494,56,40-59,5.6,Female,Non-Hispanic Black,26.8,Overweight (25-29.9),5.36,125.33333333333333,82.33333333333333,1,1,Hypertension,1
112497,64,60-79,6.4,Female,Other/Multiracial,26.2,Overweight (25-29.9),5.24,133.66666666666666,84.33333333333333,0,1,Hypertension,0
112499,57,40-59,5.7,Male,Non-Hispanic Asian,21.7,Healthy weight (18.5-24.9),4.34,104,68,0,0,No hypertension,0
112501,55,40-59,5.5,Female,Other Hispanic,41.8,Obesity class 2-3 (35+),8.36,119.66666666666667,73,0,0,No hypertension,0
112503,67,60-79,6.7,Female,Non-Hispanic White,37.3,Obesity class 2-3 (35+),7.459999999999999,126.66666666666667,76.33333333333333,1,1,Hypertension,1
112504,41,40-59,4.1,Male,Mexican American,31.3,Obesity class 1 (30-34.9),6.26,137.66666666666666,93.33333333333333,0,1,Hypertension,1
112506,48,40-59,4.8,Male,Non-Hispanic Black,28.7,Overweight (25-29.9),5.74,127.66666666666667,81.33333333333333,0,1,Hypertension,0
112509,35,21-39,3.5,Male,Non-Hispanic Asian,40.1,Obesity class 2-3 (35+),8.02,104.66666666666667,67.33333333333333,0,0,No hypertension,0
112510,68,60-79,6.8,Female,Non-Hispanic White,39.6,Obesity class 2-3 (35+),7.92,139.33333333333334,73.66666666666667,0,1,Hypertension,0
112511,66,60-79,6.6,Male,Other/Multiracial,25.1,Overweight (25-29.9),5.0200000000000005,151.33333333333334,79,0,1,Hypertension,1
112512,55,40-59,5.5,Female,Mexican American,28.3,Overweight (25-29.9),5.66,104.66666666666667,58.333333333333336,0,0,No hypertension,0
112514,63,60-79,6.3,Male,Non-Hispanic Black,18.5,Healthy weight (18.5-24.9),3.7,127.66666666666667,75,0,0,No hypertension,0
112515,78,60-79,7.8,Female,Non-Hispanic Black,29,Overweight (25-29.9),5.8,175,82.33333333333333,1,1,Hypertension,1
112516,55,40-59,5.5,Male,Non-Hispanic White,35.1,Obesity class 2-3 (35+),7.0200000000000005,139,85.66666666666667,1,1,Hypertension,1
112517,69,60-79,6.9,Female,Non-Hispanic Asian,22.2,Healthy weight (18.5-24.9),4.4399999999999995,151,81.66666666666667,0,1,Hypertension,1
112520,55,40-59,5.5,Male,Non-Hispanic White,36,Obesity class 2-3 (35+),7.2,125.33333333333333,84.33333333333333,0,1,Hypertension,0
112525,65,60-79,6.5,Female,Non-Hispanic Black,41.4,Obesity class 2-3 (35+),8.28,162,86.33333333333333,1,1,Hypertension,1
112530,70,60-79,7,Female,Non-Hispanic Asian,20,Healthy weight (18.5-24.9),4,147.66666666666666,81.66666666666667,0,1,Hypertension,1
112531,53,40-59,5.3,Female,Non-Hispanic Asian,22.5,Healthy weight (18.5-24.9),4.5,107.66666666666667,72,0,0,No hypertension,0
112532,63,60-79,6.3,Female,Non-Hispanic White,33.3,Obesity class 1 (30-34.9),6.659999999999999,131.33333333333334,72.66666666666667,0,1,Hypertension,0
112534,41,40-59,4.1,Male,Mexican American,36.5,Obesity class 2-3 (35+),7.3,133.33333333333334,104.33333333333333,0,1,Hypertension,1
112538,46,40-59,4.6,Female,Non-Hispanic White,22.9,Healthy weight (18.5-24.9),4.58,109,65.33333333333333,0,0,No hypertension,0
112540,26,21-39,2.6,Female,Non-Hispanic Black,25.9,Overweight (25-29.9),5.18,111,62,0,0,No hypertension,0
112542,65,60-79,6.5,Female,Non-Hispanic Black,34.4,Obesity class 1 (30-34.9),6.88,96.66666666666667,64.33333333333333,1,1,Hypertension,1
112543,55,40-59,5.5,Male,Non-Hispanic White,30.3,Obesity class 1 (30-34.9),6.0600000000000005,152.33333333333334,102.33333333333333,0,1,Hypertension,1
112544,28,21-39,2.8,Female,Mexican American,28.9,Overweight (25-29.9),5.779999999999999,101,63,0,0,No hypertension,0
112546,37,21-39,3.7,Female,Non-Hispanic White,48.8,Obesity class 2-3 (35+),9.76,111.33333333333333,82.33333333333333,0,1,Hypertension,0
112550,44,40-59,4.4,Male,Non-Hispanic White,26.4,Overweight (25-29.9),5.279999999999999,112.66666666666667,71,0,0,No hypertension,0
112551,23,21-39,2.3,Male,Other/Multiracial,22.9,Healthy weight (18.5-24.9),4.58,140,87.66666666666667,0,1,Hypertension,1
112552,60,60-79,6,Female,Non-Hispanic White,46.9,Obesity class 2-3 (35+),9.379999999999999,101.33333333333333,59.333333333333336,1,1,Hypertension,1
112553,37,21-39,3.7,Female,Non-Hispanic Black,30.1,Obesity class 1 (30-34.9),6.0200000000000005,121.66666666666667,87.66666666666667,0,1,Hypertension,0
112556,29,21-39,2.9,Female,Non-Hispanic Black,27.5,Overweight (25-29.9),5.5,91.66666666666667,65,0,0,No hypertension,0
112560,64,60-79,6.4,Female,Non-Hispanic Black,33.9,Obesity class 1 (30-34.9),6.779999999999999,124.33333333333333,71,0,0,No hypertension,0
112562,49,40-59,4.9,Female,Non-Hispanic Black,49.9,Obesity class 2-3 (35+),9.98,122,67.33333333333333,1,1,Hypertension,1
112563,44,40-59,4.4,Female,Non-Hispanic Black,31.5,Obesity class 1 (30-34.9),6.3,119,83.66666666666667,0,1,Hypertension,0
112565,50,40-59,5,Female,Other Hispanic,35.2,Obesity class 2-3 (35+),7.040000000000001,119.33333333333333,83.33333333333333,0,1,Hypertension,0
112567,76,60-79,7.6,Male,Non-Hispanic White,30.9,Obesity class 1 (30-34.9),6.18,133.66666666666666,62.333333333333336,1,1,Hypertension,1
112568,53,40-59,5.3,Male,Non-Hispanic Asian,21.1,Healthy weight (18.5-24.9),4.220000000000001,122,82.33333333333333,0,1,Hypertension,0
112571,47,40-59,4.7,Male,Non-Hispanic Black,19.2,Healthy weight (18.5-24.9),3.84,124,75.66666666666667,0,0,No hypertension,0
112574,64,60-79,6.4,Male,Other Hispanic,31.6,Obesity class 1 (30-34.9),6.32,116.33333333333333,69.33333333333333,1,1,Hypertension,1
112576,34,21-39,3.4,Female,Non-Hispanic White,23.9,Healthy weight (18.5-24.9),4.779999999999999,113,70,0,0,No hypertension,0
112578,36,21-39,3.6,Male,Other Hispanic,23.8,Healthy weight (18.5-24.9),4.76,121.33333333333333,83.33333333333333,0,1,Hypertension,0
112579,24,21-39,2.4,Female,Other Hispanic,30.8,Obesity class 1 (30-34.9),6.16,111.66666666666667,82.33333333333333,0,1,Hypertension,0
112580,58,40-59,5.8,Female,Other Hispanic,25.9,Overweight (25-29.9),5.18,138,86.33333333333333,1,1,Hypertension,1
112581,49,40-59,4.9,Female,Non-Hispanic Black,48.8,Obesity class 2-3 (35+),9.76,92.33333333333333,65,0,0,No hypertension,0
112582,49,40-59,4.9,Female,Non-Hispanic Black,23.9,Healthy weight (18.5-24.9),4.779999999999999,130.66666666666666,82,0,1,Hypertension,0
112583,60,60-79,6,Female,Non-Hispanic Black,27.3,Overweight (25-29.9),5.46,119.33333333333333,77,1,1,Hypertension,1
112585,75,60-79,7.5,Male,Other/Multiracial,32.6,Obesity class 1 (30-34.9),6.5200000000000005,126.66666666666667,64.66666666666667,1,1,Hypertension,1
112587,21,21-39,2.1,Female,Non-Hispanic Asian,19.3,Healthy weight (18.5-24.9),3.8600000000000003,104.33333333333333,71.33333333333333,0,0,No hypertension,0
112589,75,60-79,7.5,Male,Non-Hispanic Black,31,Obesity class 1 (30-34.9),6.2,123.33333333333333,49.666666666666664,1,1,Hypertension,1
112590,43,40-59,4.3,Female,Non-Hispanic Black,33.9,Obesity class 1 (30-34.9),6.779999999999999,120.33333333333333,85,0,1,Hypertension,0
112593,42,40-59,4.2,Male,Non-Hispanic Asian,34.5,Obesity class 1 (30-34.9),6.9,116,81.33333333333333,0,1,Hypertension,0
112594,56,40-59,5.6,Female,Non-Hispanic White,38.1,Obesity class 2-3 (35+),7.62,121.33333333333333,87,0,1,Hypertension,0
112596,69,60-79,6.9,Female,Mexican American,25.1,Overweight (25-29.9),5.0200000000000005,122.66666666666667,71.33333333333333,0,0,No hypertension,0
112600,62,60-79,6.2,Female,Non-Hispanic White,35.7,Obesity class 2-3 (35+),7.140000000000001,108.33333333333333,71.33333333333333,0,0,No hypertension,0
112605,35,21-39,3.5,Female,Other Hispanic,29.3,Overweight (25-29.9),5.86,96.66666666666667,66.66666666666667,0,0,No hypertension,0
112606,48,40-59,4.8,Female,Non-Hispanic White,30,Obesity class 1 (30-34.9),6,129.66666666666666,91.66666666666667,0,1,Hypertension,1
112608,44,40-59,4.4,Female,Non-Hispanic Black,42.2,Obesity class 2-3 (35+),8.440000000000001,97.66666666666667,70,0,0,No hypertension,0
112609,62,60-79,6.2,Female,Non-Hispanic Asian,36.5,Obesity class 2-3 (35+),7.3,132,85,1,1,Hypertension,1
112610,49,40-59,4.9,Male,Non-Hispanic White,35.8,Obesity class 2-3 (35+),7.159999999999999,147.66666666666666,93.33333333333333,0,1,Hypertension,1
112617,35,21-39,3.5,Male,Other/Multiracial,26,Overweight (25-29.9),5.2,119,73.66666666666667,0,0,No hypertension,0
112620,56,40-59,5.6,Female,Mexican American,44.6,Obesity class 2-3 (35+),8.92,136,75,1,1,Hypertension,1
112621,62,60-79,6.2,Female,Non-Hispanic Black,29.5,Overweight (25-29.9),5.9,122.33333333333333,81.33333333333333,0,1,Hypertension,0
112622,43,40-59,4.3,Female,Other Hispanic,30.8,Obesity class 1 (30-34.9),6.16,110.33333333333333,76.66666666666667,0,0,No hypertension,0
112630,33,21-39,3.3,Male,Non-Hispanic White,30.4,Obesity class 1 (30-34.9),6.08,132.33333333333334,86,0,1,Hypertension,0
112634,42,40-59,4.2,Male,Non-Hispanic Asian,34.2,Obesity class 1 (30-34.9),6.840000000000001,125,88,0,1,Hypertension,0
112637,57,40-59,5.7,Male,Other Hispanic,36.3,Obesity class 2-3 (35+),7.26,124,86.33333333333333,0,1,Hypertension,0
112639,79,60-79,7.9,Female,Non-Hispanic White,28.5,Overweight (25-29.9),5.7,183.33333333333334,79,1,1,Hypertension,1
112642,74,60-79,7.4,Male,Non-Hispanic Black,26.2,Overweight (25-29.9),5.24,157.33333333333334,76.33333333333333,1,1,Hypertension,1
112643,35,21-39,3.5,Female,Non-Hispanic White,24.1,Healthy weight (18.5-24.9),4.82,114.33333333333333,76.66666666666667,0,0,No hypertension,0
112644,76,60-79,7.6,Male,Non-Hispanic White,23.8,Healthy weight (18.5-24.9),4.76,129.66666666666666,76.66666666666667,0,0,No hypertension,0
112646,70,60-79,7,Male,Non-Hispanic White,27.9,Overweight (25-29.9),5.58,87,62.666666666666664,0,0,No hypertension,0
112648,33,21-39,3.3,Male,Other Hispanic,35.8,Obesity class 2-3 (35+),7.159999999999999,126.33333333333333,75,0,0,No hypertension,0
112650,43,40-59,4.3,Female,Other/Multiracial,39.5,Obesity class 2-3 (35+),7.9,133,83.33333333333333,0,1,Hypertension,0
112659,32,21-39,3.2,Male,Non-Hispanic Black,23.9,Healthy weight (18.5-24.9),4.779999999999999,109.33333333333333,64.33333333333333,0,0,No hypertension,0
112660,43,40-59,4.3,Male,Mexican American,32.5,Obesity class 1 (30-34.9),6.5,129.66666666666666,74.33333333333333,0,0,No hypertension,0
112661,45,40-59,4.5,Female,Non-Hispanic White,27.4,Overweight (25-29.9),5.4799999999999995,111.33333333333333,59,1,1,Hypertension,1
112664,45,40-59,4.5,Female,Non-Hispanic Asian,21.4,Healthy weight (18.5-24.9),4.279999999999999,117.66666666666667,77.33333333333333,0,0,No hypertension,0
112665,67,60-79,6.7,Male,Mexican American,24.3,Healthy weight (18.5-24.9),4.86,140.33333333333334,71.66666666666667,0,1,Hypertension,1
112666,36,21-39,3.6,Female,Other Hispanic,23.8,Healthy weight (18.5-24.9),4.76,112,70.66666666666667,0,0,No hypertension,0
112667,56,40-59,5.6,Male,Non-Hispanic Black,28.8,Overweight (25-29.9),5.76,128,88.33333333333333,0,1,Hypertension,0
112670,68,60-79,6.8,Female,Non-Hispanic Asian,20,Healthy weight (18.5-24.9),4,155,66.33333333333333,0,1,Hypertension,1
112673,24,21-39,2.4,Male,Mexican American,41.2,Obesity class 2-3 (35+),8.24,114,72,0,0,No hypertension,0
112675,47,40-59,4.7,Male,Non-Hispanic White,42.1,Obesity class 2-3 (35+),8.42,128.33333333333334,85.33333333333333,0,1,Hypertension,0
112677,23,21-39,2.3,Male,Other/Multiracial,38.8,Obesity class 2-3 (35+),7.76,153.66666666666666,99.66666666666667,0,1,Hypertension,1
112680,67,60-79,6.7,Male,Non-Hispanic White,26.8,Overweight (25-29.9),5.36,128,70.33333333333333,0,0,No hypertension,0
112681,71,60-79,7.1,Male,Non-Hispanic Black,20.8,Healthy weight (18.5-24.9),4.16,176,87,1,1,Hypertension,1
112683,33,21-39,3.3,Male,Non-Hispanic White,22.4,Healthy weight (18.5-24.9),4.4799999999999995,105,59.333333333333336,0,0,No hypertension,0
112684,39,21-39,3.9,Female,Non-Hispanic Asian,31.4,Obesity class 1 (30-34.9),6.279999999999999,134,95.66666666666667,1,1,Hypertension,1
112685,48,40-59,4.8,Female,Non-Hispanic Asian,34.5,Obesity class 1 (30-34.9),6.9,143.66666666666666,84.66666666666667,0,1,Hypertension,1
112687,52,40-59,5.2,Female,Non-Hispanic Black,52.8,Obesity class 2-3 (35+),10.559999999999999,147.33333333333334,84.66666666666667,1,1,Hypertension,1
112692,56,40-59,5.6,Male,Non-Hispanic Black,23.3,Healthy weight (18.5-24.9),4.66,125,65.66666666666667,0,0,No hypertension,0
112694,33,21-39,3.3,Female,Non-Hispanic White,22.3,Healthy weight (18.5-24.9),4.46,102.33333333333333,64.33333333333333,0,0,No hypertension,0
112697,21,21-39,2.1,Male,Non-Hispanic White,28.3,Overweight (25-29.9),5.66,129.66666666666666,79.66666666666667,0,0,No hypertension,0
112700,51,40-59,5.1,Female,Non-Hispanic Asian,26.4,Overweight (25-29.9),5.279999999999999,150.33333333333334,89.66666666666667,1,1,Hypertension,1
112702,25,21-39,2.5,Female,Non-Hispanic White,21.2,Healthy weight (18.5-24.9),4.24,111.66666666666667,68.66666666666667,0,0,No hypertension,0
112703,52,40-59,5.2,Male,Non-Hispanic Black,28.1,Overweight (25-29.9),5.62,151.33333333333334,86.33333333333333,1,1,Hypertension,1
112704,73,60-79,7.3,Male,Non-Hispanic White,24.3,Healthy weight (18.5-24.9),4.86,115.66666666666667,88.66666666666667,1,1,Hypertension,1
112706,37,21-39,3.7,Female,Non-Hispanic White,21.8,Healthy weight (18.5-24.9),4.36,100,59.333333333333336,0,0,No hypertension,0
112707,57,40-59,5.7,Male,Other/Multiracial,24.9,Healthy weight (18.5-24.9),4.9799999999999995,121.66666666666667,84.33333333333333,0,1,Hypertension,0
112709,24,21-39,2.4,Male,Non-Hispanic White,17.2,Underweight (<18.5),3.44,109,64.66666666666667,0,0,No hypertension,0
112712,61,60-79,6.1,Male,Non-Hispanic Black,25.6,Overweight (25-29.9),5.12,128.33333333333334,71.66666666666667,0,0,No hypertension,0
112713,78,60-79,7.8,Male,Non-Hispanic Asian,20.1,Healthy weight (18.5-24.9),4.0200000000000005,109.33333333333333,56,1,1,Hypertension,1
112714,36,21-39,3.6,Female,Non-Hispanic Asian,21,Healthy weight (18.5-24.9),4.2,119,81,0,1,Hypertension,0
112716,33,21-39,3.3,Female,Non-Hispanic Black,51.1,Obesity class 2-3 (35+),10.22,132.66666666666666,103.33333333333333,1,1,Hypertension,1
112718,59,40-59,5.9,Male,Non-Hispanic White,32,Obesity class 1 (30-34.9),6.4,115,75.66666666666667,0,0,No hypertension,0
112720,29,21-39,2.9,Female,Non-Hispanic Black,39.1,Obesity class 2-3 (35+),7.82,145,108.33333333333333,1,1,Hypertension,1
112725,58,40-59,5.8,Female,Mexican American,30.1,Obesity class 1 (30-34.9),6.0200000000000005,110.33333333333333,68,1,1,Hypertension,1
112726,59,40-59,5.9,Male,Non-Hispanic Black,26.6,Overweight (25-29.9),5.32,144,91.66666666666667,1,1,Hypertension,1
112729,26,21-39,2.6,Male,Non-Hispanic Asian,24,Healthy weight (18.5-24.9),4.8,118,62.666666666666664,0,0,No hypertension,0
112731,55,40-59,5.5,Female,Mexican American,25.7,Overweight (25-29.9),5.14,131.33333333333334,81.66666666666667,0,1,Hypertension,0
112736,63,60-79,6.3,Male,Other Hispanic,37,Obesity class 2-3 (35+),7.4,115.66666666666667,59,1,1,Hypertension,1
112738,76,60-79,7.6,Male,Non-Hispanic White,28.5,Overweight (25-29.9),5.7,96.66666666666667,43,1,1,Hypertension,1
112739,57,40-59,5.7,Female,Non-Hispanic Black,26.8,Overweight (25-29.9),5.36,106.33333333333333,68,1,1,Hypertension,1
112740,48,40-59,4.8,Female,Non-Hispanic White,44.9,Obesity class 2-3 (35+),8.98,120.33333333333333,72,0,0,No hypertension,0
112744,45,40-59,4.5,Male,Non-Hispanic White,24.1,Healthy weight (18.5-24.9),4.82,126,75.33333333333333,0,0,No hypertension,0
112747,66,60-79,6.6,Male,Non-Hispanic Asian,22.8,Healthy weight (18.5-24.9),4.5600000000000005,160.66666666666666,72.33333333333333,0,1,Hypertension,1
112749,55,40-59,5.5,Male,Non-Hispanic Black,40.8,Obesity class 2-3 (35+),8.16,149.66666666666666,97.33333333333333,1,1,Hypertension,1
112752,47,40-59,4.7,Male,Non-Hispanic Asian,29.8,Overweight (25-29.9),5.96,138.66666666666666,89.66666666666667,0,1,Hypertension,0
112760,24,21-39,2.4,Male,Other Hispanic,25.7,Overweight (25-29.9),5.14,112.66666666666667,65.33333333333333,0,0,No hypertension,0
112764,60,60-79,6,Male,Non-Hispanic Asian,29.6,Overweight (25-29.9),5.92,159,104.33333333333333,1,1,Hypertension,1
112765,32,21-39,3.2,Female,Non-Hispanic Black,35,Obesity class 2-3 (35+),7,95.66666666666667,66.66666666666667,0,0,No hypertension,0
112767,63,60-79,6.3,Female,Other Hispanic,24.7,Healthy weight (18.5-24.9),4.9399999999999995,96.66666666666667,60.666666666666664,0,0,No hypertension,0
112769,42,40-59,4.2,Male,Non-Hispanic White,25.6,Overweight (25-29.9),5.12,118.33333333333333,75.33333333333333,0,0,No hypertension,0
112770,72,60-79,7.2,Male,Non-Hispanic White,28.5,Overweight (25-29.9),5.7,139.33333333333334,65,0,1,Hypertension,0
112772,23,21-39,2.3,Male,Non-Hispanic White,33,Obesity class 1 (30-34.9),6.6,111.33333333333333,63.333333333333336,0,0,No hypertension,0
112773,42,40-59,4.2,Female,Mexican American,29.8,Overweight (25-29.9),5.96,121,76.33333333333333,1,1,Hypertension,1
112775,61,60-79,6.1,Male,Other Hispanic,37.6,Obesity class 2-3 (35+),7.5200000000000005,106,78.66666666666667,0,0,No hypertension,0
112777,28,21-39,2.8,Male,Other Hispanic,28.1,Overweight (25-29.9),5.62,97.33333333333333,63.333333333333336,0,0,No hypertension,0
112782,29,21-39,2.9,Male,Mexican American,31.3,Obesity class 1 (30-34.9),6.26,127,75,0,0,No hypertension,0
112783,55,40-59,5.5,Male,Other Hispanic,31,Obesity class 1 (30-34.9),6.2,131,76.66666666666667,1,1,Hypertension,1
112786,66,60-79,6.6,Male,Mexican American,30.2,Obesity class 1 (30-34.9),6.04,94.66666666666667,57.666666666666664,0,0,No hypertension,0
112787,42,40-59,4.2,Male,Mexican American,35.8,Obesity class 2-3 (35+),7.159999999999999,133.33333333333334,86.66666666666667,0,1,Hypertension,0
112789,27,21-39,2.7,Male,Non-Hispanic Black,34.2,Obesity class 1 (30-34.9),6.840000000000001,132,92.33333333333333,0,1,Hypertension,1
112790,44,40-59,4.4,Male,Other Hispanic,26.6,Overweight (25-29.9),5.32,122.66666666666667,81,0,1,Hypertension,0
112792,45,40-59,4.5,Male,Non-Hispanic White,21.8,Healthy weight (18.5-24.9),4.36,104.33333333333333,59.666666666666664,0,0,No hypertension,0
112797,48,40-59,4.8,Female,Non-Hispanic Black,26.9,Overweight (25-29.9),5.38,120,78.66666666666667,0,0,No hypertension,0
112798,44,40-59,4.4,Male,Non-Hispanic Black,34.5,Obesity class 1 (30-34.9),6.9,129,80,1,1,Hypertension,1
112800,28,21-39,2.8,Male,Non-Hispanic Black,24.3,Healthy weight (18.5-24.9),4.86,125.66666666666667,74,0,0,No hypertension,0
112802,71,60-79,7.1,Male,Non-Hispanic White,36.8,Obesity class 2-3 (35+),7.359999999999999,115.66666666666667,52,1,1,Hypertension,1
112803,33,21-39,3.3,Male,Non-Hispanic White,30.1,Obesity class 1 (30-34.9),6.0200000000000005,123,79.33333333333333,0,0,No hypertension,0
112815,26,21-39,2.6,Female,Other Hispanic,24.4,Healthy weight (18.5-24.9),4.88,112.33333333333333,58.666666666666664,0,0,No hypertension,0
112818,67,60-79,6.7,Female,Non-Hispanic Asian,22.3,Healthy weight (18.5-24.9),4.46,102,62,0,0,No hypertension,0
112820,59,40-59,5.9,Male,Non-Hispanic White,31.1,Obesity class 1 (30-34.9),6.220000000000001,123.33333333333333,73,0,0,No hypertension,0
112824,64,60-79,6.4,Female,Non-Hispanic White,35.1,Obesity class 2-3 (35+),7.0200000000000005,112.66666666666667,71.33333333333333,0,0,No hypertension,0
112826,22,21-39,2.2,Male,Non-Hispanic Black,23.9,Healthy weight (18.5-24.9),4.779999999999999,130.33333333333334,77.33333333333333,0,1,Hypertension,0
112828,64,60-79,6.4,Male,Non-Hispanic Asian,27.3,Overweight (25-29.9),5.46,148.33333333333334,94,0,1,Hypertension,1
112834,45,40-59,4.5,Female,Non-Hispanic White,44.8,Obesity class 2-3 (35+),8.959999999999999,122,78.66666666666667,0,0,No hypertension,0
112835,63,60-79,6.3,Male,Non-Hispanic White,32.9,Obesity class 1 (30-34.9),6.58,124.66666666666667,86.33333333333333,0,1,Hypertension,0
112839,28,21-39,2.8,Female,Non-Hispanic White,18.4,Underweight (<18.5),3.6799999999999997,104.66666666666667,63.666666666666664,0,0,No hypertension,0
112840,54,40-59,5.4,Female,Non-Hispanic Black,29.4,Overweight (25-29.9),5.88,106,56,0,0,No hypertension,0
112844,71,60-79,7.1,Male,Non-Hispanic Black,20,Healthy weight (18.5-24.9),4,101.33333333333333,65.66666666666667,0,0,No hypertension,0
112845,41,40-59,4.1,Male,Non-Hispanic White,26.1,Overweight (25-29.9),5.220000000000001,110.66666666666667,70.66666666666667,0,0,No hypertension,0
112847,23,21-39,2.3,Female,Non-Hispanic White,30.8,Obesity class 1 (30-34.9),6.16,99.33333333333333,64.66666666666667,0,0,No hypertension,0
112849,32,21-39,3.2,Female,Non-Hispanic Black,24.5,Healthy weight (18.5-24.9),4.9,110,62,0,0,No hypertension,0
112850,53,40-59,5.3,Male,Non-Hispanic White,24.6,Healthy weight (18.5-24.9),4.92,120.33333333333333,85,0,1,Hypertension,0
112853,62,60-79,6.2,Male,Other Hispanic,27.2,Overweight (25-29.9),5.4399999999999995,151.33333333333334,105.33333333333333,1,1,Hypertension,1
112855,57,40-59,5.7,Male,Non-Hispanic Asian,27.3,Overweight (25-29.9),5.46,102.33333333333333,64.33333333333333,0,0,No hypertension,0
112859,41,40-59,4.1,Male,Non-Hispanic White,33.5,Obesity class 1 (30-34.9),6.7,132,89.33333333333333,0,1,Hypertension,0
112861,48,40-59,4.8,Male,Non-Hispanic White,30.5,Obesity class 1 (30-34.9),6.1,106.66666666666667,64,1,1,Hypertension,1
112862,24,21-39,2.4,Male,Non-Hispanic Asian,30.4,Obesity class 1 (30-34.9),6.08,110.66666666666667,80.66666666666667,0,1,Hypertension,0
112863,28,21-39,2.8,Male,Other/Multiracial,29.9,Overweight (25-29.9),5.9799999999999995,136,75.33333333333333,0,1,Hypertension,0
112864,28,21-39,2.8,Female,Mexican American,24.1,Healthy weight (18.5-24.9),4.82,107.66666666666667,73.33333333333333,0,0,No hypertension,0
112865,50,40-59,5,Female,Non-Hispanic Asian,22.2,Healthy weight (18.5-24.9),4.4399999999999995,113.33333333333333,68,0,0,No hypertension,0
112866,62,60-79,6.2,Female,Non-Hispanic Black,43.2,Obesity class 2-3 (35+),8.64,144.66666666666666,79.33333333333333,1,1,Hypertension,1
112869,24,21-39,2.4,Female,Non-Hispanic White,32,Obesity class 1 (30-34.9),6.4,109,71.33333333333333,0,0,No hypertension,0
112874,57,40-59,5.7,Male,Non-Hispanic Black,34,Obesity class 1 (30-34.9),6.8,161.66666666666666,101,0,1,Hypertension,1
112877,37,21-39,3.7,Female,Non-Hispanic Black,32.5,Obesity class 1 (30-34.9),6.5,111.33333333333333,63.333333333333336,0,0,No hypertension,0
112878,71,60-79,7.1,Male,Non-Hispanic White,42.4,Obesity class 2-3 (35+),8.48,89.33333333333333,51,1,1,Hypertension,1
112881,42,40-59,4.2,Female,Non-Hispanic Black,39.5,Obesity class 2-3 (35+),7.9,127.66666666666667,89.33333333333333,0,1,Hypertension,0
112882,26,21-39,2.6,Female,Non-Hispanic White,20.7,Healthy weight (18.5-24.9),4.14,106,61.333333333333336,0,0,No hypertension,0
112883,51,40-59,5.1,Male,Non-Hispanic White,32.3,Obesity class 1 (30-34.9),6.459999999999999,134.66666666666666,94.33333333333333,0,1,Hypertension,1
112884,27,21-39,2.7,Female,Non-Hispanic Black,40.8,Obesity class 2-3 (35+),8.16,108,77.33333333333333,0,0,No hypertension,0
112886,52,40-59,5.2,Male,Non-Hispanic Asian,28,Overweight (25-29.9),5.6,109.66666666666667,63.666666666666664,0,0,No hypertension,0
112888,36,21-39,3.6,Female,Non-Hispanic Asian,30.9,Obesity class 1 (30-34.9),6.18,116.33333333333333,78.33333333333333,0,0,No hypertension,0
112889,45,40-59,4.5,Male,Other/Multiracial,48.5,Obesity class 2-3 (35+),9.7,123,72.66666666666667,1,1,Hypertension,1
112897,70,60-79,7,Female,Non-Hispanic Black,24.2,Healthy weight (18.5-24.9),4.84,164.33333333333334,66.33333333333333,0,1,Hypertension,1
112898,62,60-79,6.2,Female,Non-Hispanic Black,41,Obesity class 2-3 (35+),8.2,217,92,1,1,Hypertension,1
112901,61,60-79,6.1,Female,Non-Hispanic White,43.2,Obesity class 2-3 (35+),8.64,150.33333333333334,89.33333333333333,1,1,Hypertension,1
112902,35,21-39,3.5,Female,Non-Hispanic White,35.9,Obesity class 2-3 (35+),7.18,104,76.66666666666667,0,0,No hypertension,0
112906,29,21-39,2.9,Male,Non-Hispanic White,24.3,Healthy weight (18.5-24.9),4.86,117,79,0,0,No hypertension,0
112907,49,40-59,4.9,Male,Non-Hispanic White,30.1,Obesity class 1 (30-34.9),6.0200000000000005,115.33333333333333,77,0,0,No hypertension,0
112908,77,60-79,7.7,Male,Non-Hispanic White,32.2,Obesity class 1 (30-34.9),6.44,139,69.66666666666667,1,1,Hypertension,1
112910,53,40-59,5.3,Female,Other Hispanic,29.6,Overweight (25-29.9),5.92,106,68.33333333333333,1,1,Hypertension,1
112913,64,60-79,6.4,Female,Non-Hispanic Asian,29.7,Overweight (25-29.9),5.9399999999999995,143.66666666666666,75.66666666666667,1,1,Hypertension,1
112915,46,40-59,4.6,Male,Mexican American,33.8,Obesity class 1 (30-34.9),6.76,118.33333333333333,82.33333333333333,0,1,Hypertension,0
112919,61,60-79,6.1,Female,Non-Hispanic Black,23.3,Healthy weight (18.5-24.9),4.66,199,128,0,1,Hypertension,1
112922,58,40-59,5.8,Female,Non-Hispanic Black,41.1,Obesity class 2-3 (35+),8.22,139.33333333333334,95.33333333333333,0,1,Hypertension,1
112924,31,21-39,3.1,Male,Other Hispanic,56,Obesity class 2-3 (35+),11.2,119.66666666666667,91,0,1,Hypertension,1
112925,23,21-39,2.3,Female,Non-Hispanic White,45.5,Obesity class 2-3 (35+),9.1,105.66666666666667,75.66666666666667,0,0,No hypertension,0
112926,67,60-79,6.7,Male,Non-Hispanic White,31.5,Obesity class 1 (30-34.9),6.3,135,67.66666666666667,0,1,Hypertension,0
112927,64,60-79,6.4,Female,Non-Hispanic Black,29.2,Overweight (25-29.9),5.84,142,62,0,1,Hypertension,1
112929,48,40-59,4.8,Female,Non-Hispanic Black,47.8,Obesity class 2-3 (35+),9.559999999999999,144,91,1,1,Hypertension,1
112931,42,40-59,4.2,Female,Non-Hispanic Black,26.8,Overweight (25-29.9),5.36,116,68.33333333333333,0,0,No hypertension,0
112935,60,60-79,6,Female,Non-Hispanic Black,26.3,Overweight (25-29.9),5.26,186.33333333333334,93.33333333333333,1,1,Hypertension,1
112937,50,40-59,5,Male,Non-Hispanic White,26.5,Overweight (25-29.9),5.3,113.33333333333333,68.33333333333333,0,0,No hypertension,0
112938,64,60-79,6.4,Female,Non-Hispanic White,29.9,Overweight (25-29.9),5.9799999999999995,107.66666666666667,67.66666666666667,0,0,No hypertension,0
112939,63,60-79,6.3,Female,Mexican American,30.6,Obesity class 1 (30-34.9),6.12,149.66666666666666,74,0,1,Hypertension,1
112940,46,40-59,4.6,Male,Non-Hispanic Asian,25.1,Overweight (25-29.9),5.0200000000000005,111.66666666666667,73.33333333333333,0,0,No hypertension,0
112942,39,21-39,3.9,Male,Other Hispanic,22.8,Healthy weight (18.5-24.9),4.5600000000000005,103,72.66666666666667,0,0,No hypertension,0
112944,60,60-79,6,Male,Non-Hispanic Black,29.7,Overweight (25-29.9),5.9399999999999995,131.66666666666666,76.33333333333333,1,1,Hypertension,1
112948,30,21-39,3,Male,Non-Hispanic Asian,26,Overweight (25-29.9),5.2,120.66666666666667,66.66666666666667,0,0,No hypertension,0
112949,47,40-59,4.7,Female,Mexican American,40.6,Obesity class 2-3 (35+),8.120000000000001,140.33333333333334,91.66666666666667,1,1,Hypertension,1
112951,62,60-79,6.2,Male,Non-Hispanic White,42.4,Obesity class 2-3 (35+),8.48,123.33333333333333,70.66666666666667,1,1,Hypertension,1
112953,64,60-79,6.4,Male,Non-Hispanic White,20.4,Healthy weight (18.5-24.9),4.08,117.33333333333333,73.33333333333333,0,0,No hypertension,0
112955,54,40-59,5.4,Female,Mexican American,30.8,Obesity class 1 (30-34.9),6.16,145,91.66666666666667,0,1,Hypertension,1
112958,31,21-39,3.1,Female,Non-Hispanic Black,28.8,Overweight (25-29.9),5.76,122.66666666666667,74.33333333333333,1,1,Hypertension,1
112960,38,21-39,3.8,Female,Mexican American,29.3,Overweight (25-29.9),5.86,107,65,0,0,No hypertension,0
112961,48,40-59,4.8,Male,Non-Hispanic Asian,25.8,Overweight (25-29.9),5.16,125.66666666666667,75.33333333333333,0,0,No hypertension,0
112962,24,21-39,2.4,Female,Other Hispanic,22.6,Healthy weight (18.5-24.9),4.5200000000000005,111.66666666666667,73.33333333333333,0,0,No hypertension,0
112965,30,21-39,3,Female,Non-Hispanic Black,20.6,Healthy weight (18.5-24.9),4.12,115.66666666666667,78,0,0,No hypertension,0
112967,53,40-59,5.3,Female,Non-Hispanic Black,50.9,Obesity class 2-3 (35+),10.18,122,74.66666666666667,1,1,Hypertension,1
112968,52,40-59,5.2,Female,Other Hispanic,18.8,Healthy weight (18.5-24.9),3.7600000000000002,89.33333333333333,47.666666666666664,0,0,No hypertension,0
112970,53,40-59,5.3,Male,Other/Multiracial,18.6,Healthy weight (18.5-24.9),3.72,117,79.66666666666667,0,0,No hypertension,0
112972,26,21-39,2.6,Female,Non-Hispanic Black,42.6,Obesity class 2-3 (35+),8.52,104,66,0,0,No hypertension,0
112974,68,60-79,6.8,Female,Non-Hispanic Black,62.1,Obesity class 2-3 (35+),12.42,119.33333333333333,56,1,1,Hypertension,1
112978,75,60-79,7.5,Female,Non-Hispanic White,43.7,Obesity class 2-3 (35+),8.74,110.66666666666667,64,1,1,Hypertension,1
112981,36,21-39,3.6,Female,Non-Hispanic White,20.6,Healthy weight (18.5-24.9),4.12,94,55.333333333333336,0,0,No hypertension,0
112983,28,21-39,2.8,Female,Non-Hispanic White,34.5,Obesity class 1 (30-34.9),6.9,105.33333333333333,71,0,0,No hypertension,0
112986,22,21-39,2.2,Male,Non-Hispanic Black,27.5,Overweight (25-29.9),5.5,123,76.66666666666667,0,0,No hypertension,0
112987,47,40-59,4.7,Male,Non-Hispanic Asian,25,Overweight (25-29.9),5,120.66666666666667,75,0,0,No hypertension,0
112988,51,40-59,5.1,Male,Non-Hispanic White,24.7,Healthy weight (18.5-24.9),4.9399999999999995,130.66666666666666,81.33333333333333,0,1,Hypertension,0
112990,60,60-79,6,Male,Non-Hispanic White,24.8,Healthy weight (18.5-24.9),4.96,127,69,0,0,No hypertension,0
112994,63,60-79,6.3,Female,Non-Hispanic Black,39.4,Obesity class 2-3 (35+),7.88,135.66666666666666,85,0,1,Hypertension,0
112997,33,21-39,3.3,Male,Non-Hispanic Asian,32.3,Obesity class 1 (30-34.9),6.459999999999999,127,76.66666666666667,0,0,No hypertension,0
112999,69,60-79,6.9,Male,Non-Hispanic White,24.3,Healthy weight (18.5-24.9),4.86,128,70.66666666666667,1,1,Hypertension,1
113000,79,60-79,7.9,Male,Non-Hispanic White,27.5,Overweight (25-29.9),5.5,150,72,1,1,Hypertension,1
113007,62,60-79,6.2,Male,Non-Hispanic Asian,29.1,Overweight (25-29.9),5.82,131.66666666666666,84,0,1,Hypertension,0
113008,75,60-79,7.5,Male,Non-Hispanic Black,22.9,Healthy weight (18.5-24.9),4.58,181.33333333333334,58,0,1,Hypertension,1
113009,44,40-59,4.4,Female,Non-Hispanic Asian,35.6,Obesity class 2-3 (35+),7.12,129.33333333333334,79.33333333333333,0,0,No hypertension,0
113010,53,40-59,5.3,Male,Non-Hispanic White,36.5,Obesity class 2-3 (35+),7.3,148,94.33333333333333,1,1,Hypertension,1
113011,58,40-59,5.8,Male,Non-Hispanic White,43.6,Obesity class 2-3 (35+),8.72,138,89.33333333333333,1,1,Hypertension,1
113013,73,60-79,7.3,Female,Other Hispanic,34.2,Obesity class 1 (30-34.9),6.840000000000001,136,66.33333333333333,1,1,Hypertension,1
113014,60,60-79,6,Female,Non-Hispanic Black,40.6,Obesity class 2-3 (35+),8.120000000000001,110.33333333333333,74.66666666666667,0,0,No hypertension,0
113020,71,60-79,7.1,Female,Non-Hispanic Black,31.4,Obesity class 1 (30-34.9),6.279999999999999,101.66666666666667,57,1,1,Hypertension,1
113023,38,21-39,3.8,Female,Non-Hispanic Asian,32.8,Obesity class 1 (30-34.9),6.56,104.33333333333333,72,0,0,No hypertension,0
113026,53,40-59,5.3,Male,Non-Hispanic Asian,25.7,Overweight (25-29.9),5.14,140.33333333333334,94.33333333333333,0,1,Hypertension,1
113027,24,21-39,2.4,Female,Non-Hispanic White,20.4,Healthy weight (18.5-24.9),4.08,103.66666666666667,50.333333333333336,0,0,No hypertension,0
113028,24,21-39,2.4,Male,Mexican American,33.5,Obesity class 1 (30-34.9),6.7,115.66666666666667,80.66666666666667,0,1,Hypertension,0
113030,44,40-59,4.4,Female,Non-Hispanic Asian,26.4,Overweight (25-29.9),5.279999999999999,138.66666666666666,78,0,1,Hypertension,0
113033,28,21-39,2.8,Female,Other/Multiracial,44.1,Obesity class 2-3 (35+),8.82,106,70,0,0,No hypertension,0
113037,54,40-59,5.4,Female,Non-Hispanic White,36.1,Obesity class 2-3 (35+),7.220000000000001,125,81,0,1,Hypertension,0
113038,65,60-79,6.5,Male,Non-Hispanic Black,25,Overweight (25-29.9),5,132.66666666666666,78.33333333333333,0,1,Hypertension,0
113041,31,21-39,3.1,Female,Non-Hispanic Black,20.8,Healthy weight (18.5-24.9),4.16,106.66666666666667,67.33333333333333,0,0,No hypertension,0
113045,21,21-39,2.1,Male,Other Hispanic,21.9,Healthy weight (18.5-24.9),4.38,119.33333333333333,65.33333333333333,0,0,No hypertension,0
113046,62,60-79,6.2,Female,Non-Hispanic Black,37.1,Obesity class 2-3 (35+),7.42,126.66666666666667,81.66666666666667,1,1,Hypertension,1
113055,27,21-39,2.7,Female,Mexican American,43.4,Obesity class 2-3 (35+),8.68,93,56.666666666666664,0,0,No hypertension,0
113057,56,40-59,5.6,Female,Non-Hispanic Black,47.6,Obesity class 2-3 (35+),9.52,104,75,1,1,Hypertension,1
113059,32,21-39,3.2,Female,Non-Hispanic Asian,22.3,Healthy weight (18.5-24.9),4.46,110.33333333333333,77.33333333333333,0,0,No hypertension,0
113061,33,21-39,3.3,Female,Non-Hispanic Asian,27.4,Overweight (25-29.9),5.4799999999999995,91.33333333333333,58,0,0,No hypertension,0
113063,57,40-59,5.7,Female,Other Hispanic,20.9,Healthy weight (18.5-24.9),4.18,100.33333333333333,63.333333333333336,0,0,No hypertension,0
113064,68,60-79,6.8,Male,Non-Hispanic Black,25,Overweight (25-29.9),5,163,70.33333333333333,0,1,Hypertension,1
113066,23,21-39,2.3,Female,Other Hispanic,23.5,Healthy weight (18.5-24.9),4.7,113.66666666666667,73.33333333333333,0,0,No hypertension,0
113068,25,21-39,2.5,Female,Non-Hispanic Black,32.5,Obesity class 1 (30-34.9),6.5,98,67,0,0,No hypertension,0
113072,77,60-79,7.7,Male,Non-Hispanic White,54.6,Obesity class 2-3 (35+),10.92,114.66666666666667,62,1,1,Hypertension,1
113073,72,60-79,7.2,Male,Non-Hispanic Black,25.7,Overweight (25-29.9),5.14,139.33333333333334,76.33333333333333,1,1,Hypertension,1
113078,32,21-39,3.2,Female,Non-Hispanic White,27,Overweight (25-29.9),5.4,102.66666666666667,67,0,0,No hypertension,0
113082,47,40-59,4.7,Female,Non-Hispanic White,47.7,Obesity class 2-3 (35+),9.540000000000001,125.66666666666667,87.66666666666667,0,1,Hypertension,0
113083,43,40-59,4.3,Female,Mexican American,42.1,Obesity class 2-3 (35+),8.42,114,69.33333333333333,0,0,No hypertension,0
113088,78,60-79,7.8,Male,Non-Hispanic Black,27.4,Overweight (25-29.9),5.4799999999999995,145,72,1,1,Hypertension,1
113091,47,40-59,4.7,Female,Mexican American,24.9,Healthy weight (18.5-24.9),4.9799999999999995,107.33333333333333,65.33333333333333,0,0,No hypertension,0
113092,44,40-59,4.4,Female,Other Hispanic,37,Obesity class 2-3 (35+),7.4,129.66666666666666,84,0,1,Hypertension,0
113093,57,40-59,5.7,Female,Other/Multiracial,31.9,Obesity class 1 (30-34.9),6.38,105,66,0,0,No hypertension,0
113094,78,60-79,7.8,Female,Non-Hispanic Asian,24.4,Healthy weight (18.5-24.9),4.88,149.33333333333334,79,0,1,Hypertension,1
113098,42,40-59,4.2,Male,Non-Hispanic White,23.9,Healthy weight (18.5-24.9),4.779999999999999,114.66666666666667,68.33333333333333,0,0,No hypertension,0
113101,47,40-59,4.7,Male,Non-Hispanic Asian,23.7,Healthy weight (18.5-24.9),4.74,125.66666666666667,82.66666666666667,0,1,Hypertension,0
113104,57,40-59,5.7,Female,Non-Hispanic White,28.2,Overweight (25-29.9),5.64,137.66666666666666,66.66666666666667,0,1,Hypertension,0
113109,57,40-59,5.7,Female,Non-Hispanic Asian,28.5,Overweight (25-29.9),5.7,122.66666666666667,79.33333333333333,0,0,No hypertension,0
113110,39,21-39,3.9,Male,Other Hispanic,32.2,Obesity class 1 (30-34.9),6.44,122,73.33333333333333,0,0,No hypertension,0
113111,57,40-59,5.7,Male,Non-Hispanic Asian,32.4,Obesity class 1 (30-34.9),6.4799999999999995,117,64.66666666666667,1,1,Hypertension,1
113113,41,40-59,4.1,Female,Non-Hispanic Asian,29.2,Overweight (25-29.9),5.84,107.66666666666667,59.333333333333336,1,1,Hypertension,1
113116,68,60-79,6.8,Male,Non-Hispanic Black,37.9,Obesity class 2-3 (35+),7.58,123.33333333333333,63.333333333333336,1,1,Hypertension,1
113118,63,60-79,6.3,Female,Non-Hispanic White,27.6,Overweight (25-29.9),5.5200000000000005,123,81.66666666666667,1,1,Hypertension,1
113119,52,40-59,5.2,Male,Non-Hispanic White,31.9,Obesity class 1 (30-34.9),6.38,111.33333333333333,69.66666666666667,0,0,No hypertension,0
113120,48,40-59,4.8,Male,Non-Hispanic Black,25.4,Overweight (25-29.9),5.08,155,106.66666666666667,0,1,Hypertension,1
113122,54,40-59,5.4,Female,Other Hispanic,27.5,Overweight (25-29.9),5.5,122.66666666666667,72,0,0,No hypertension,0
113123,33,21-39,3.3,Female,Non-Hispanic White,24,Healthy weight (18.5-24.9),4.8,89,58.333333333333336,0,0,No hypertension,0
113125,44,40-59,4.4,Female,Other/Multiracial,30.9,Obesity class 1 (30-34.9),6.18,98,57,0,0,No hypertension,0
113126,55,40-59,5.5,Female,Non-Hispanic White,23.2,Healthy weight (18.5-24.9),4.64,126,82.33333333333333,0,1,Hypertension,0
113127,62,60-79,6.2,Female,Mexican American,33.3,Obesity class 1 (30-34.9),6.659999999999999,124,70.33333333333333,1,1,Hypertension,1
113128,72,60-79,7.2,Male,Non-Hispanic White,22.7,Healthy weight (18.5-24.9),4.54,109.33333333333333,63,0,0,No hypertension,0
113136,52,40-59,5.2,Female,Non-Hispanic White,37.1,Obesity class 2-3 (35+),7.42,153.33333333333334,92.66666666666667,0,1,Hypertension,1
113138,36,21-39,3.6,Male,Non-Hispanic White,33.8,Obesity class 1 (30-34.9),6.76,119.66666666666667,84.33333333333333,0,1,Hypertension,0
113141,28,21-39,2.8,Male,Non-Hispanic Black,27.9,Overweight (25-29.9),5.58,119.33333333333333,79,0,0,No hypertension,0
113142,46,40-59,4.6,Female,Mexican American,30.3,Obesity class 1 (30-34.9),6.0600000000000005,135.66666666666666,94.66666666666667,0,1,Hypertension,1
113143,28,21-39,2.8,Female,Non-Hispanic Black,48.2,Obesity class 2-3 (35+),9.64,105.33333333333333,74,0,0,No hypertension,0
113144,33,21-39,3.3,Male,Other Hispanic,36.7,Obesity class 2-3 (35+),7.340000000000001,115,74.66666666666667,0,0,No hypertension,0
113151,41,40-59,4.1,Male,Mexican American,33.7,Obesity class 1 (30-34.9),6.74,123.33333333333333,91.33333333333333,0,1,Hypertension,1
113152,65,60-79,6.5,Female,Non-Hispanic White,23.5,Healthy weight (18.5-24.9),4.7,113.33333333333333,63,1,1,Hypertension,1
113153,25,21-39,2.5,Male,Non-Hispanic White,20.9,Healthy weight (18.5-24.9),4.18,105,50.333333333333336,0,0,No hypertension,0
113154,30,21-39,3,Male,Non-Hispanic White,24.6,Healthy weight (18.5-24.9),4.92,115,73.66666666666667,0,0,No hypertension,0
113155,54,40-59,5.4,Female,Non-Hispanic White,41.7,Obesity class 2-3 (35+),8.34,161.33333333333334,87.33333333333333,1,1,Hypertension,1
113158,48,40-59,4.8,Male,Non-Hispanic White,26.9,Overweight (25-29.9),5.38,117.66666666666667,75.66666666666667,0,0,No hypertension,0
113161,46,40-59,4.6,Male,Non-Hispanic White,42.2,Obesity class 2-3 (35+),8.440000000000001,114.66666666666667,81.33333333333333,0,1,Hypertension,0
113163,72,60-79,7.2,Female,Other Hispanic,29.8,Overweight (25-29.9),5.96,140.66666666666666,82,1,1,Hypertension,1
113164,71,60-79,7.1,Male,Non-Hispanic White,33.7,Obesity class 1 (30-34.9),6.74,116,66.33333333333333,1,1,Hypertension,1
113166,54,40-59,5.4,Male,Mexican American,31,Obesity class 1 (30-34.9),6.2,132,90,1,1,Hypertension,1
113169,27,21-39,2.7,Female,Non-Hispanic White,30.5,Obesity class 1 (30-34.9),6.1,96.33333333333333,61.666666666666664,0,0,No hypertension,0
113175,71,60-79,7.1,Female,Non-Hispanic White,28.9,Overweight (25-29.9),5.779999999999999,123,62.333333333333336,0,0,No hypertension,0
113177,29,21-39,2.9,Male,Non-Hispanic White,21.7,Healthy weight (18.5-24.9),4.34,124.66666666666667,81.33333333333333,0,1,Hypertension,0
113178,46,40-59,4.6,Female,Non-Hispanic Black,46.4,Obesity class 2-3 (35+),9.28,119,59.333333333333336,0,0,No hypertension,0
113179,55,40-59,5.5,Female,Mexican American,31.7,Obesity class 1 (30-34.9),6.34,137,78.66666666666667,0,1,Hypertension,0
113182,28,21-39,2.8,Female,Mexican American,30.3,Obesity class 1 (30-34.9),6.0600000000000005,110,79,0,0,No hypertension,0
113187,22,21-39,2.2,Female,Non-Hispanic Black,18,Underweight (<18.5),3.6,114,72,0,0,No hypertension,0
113188,49,40-59,4.9,Male,Non-Hispanic White,32.6,Obesity class 1 (30-34.9),6.5200000000000005,111.33333333333333,73.66666666666667,0,0,No hypertension,0
113189,52,40-59,5.2,Male,Non-Hispanic Black,32.4,Obesity class 1 (30-34.9),6.4799999999999995,127.66666666666667,87.66666666666667,1,1,Hypertension,1
113194,46,40-59,4.6,Male,Mexican American,25.7,Overweight (25-29.9),5.14,117,76.66666666666667,0,0,No hypertension,0
113197,24,21-39,2.4,Female,Mexican American,17.2,Underweight (<18.5),3.44,103.33333333333333,67.66666666666667,0,0,No hypertension,0
113200,46,40-59,4.6,Male,Non-Hispanic White,31,Obesity class 1 (30-34.9),6.2,116.66666666666667,80.66666666666667,0,1,Hypertension,0
113201,70,60-79,7,Female,Non-Hispanic White,24.6,Healthy weight (18.5-24.9),4.92,117.33333333333333,70.66666666666667,0,0,No hypertension,0
113202,66,60-79,6.6,Female,Non-Hispanic Black,29.9,Overweight (25-29.9),5.9799999999999995,194,81,1,1,Hypertension,1
113207,54,40-59,5.4,Male,Mexican American,27.5,Overweight (25-29.9),5.5,112,63.666666666666664,0,0,No hypertension,0
113209,52,40-59,5.2,Female,Non-Hispanic Black,26.7,Overweight (25-29.9),5.34,133,89.33333333333333,0,1,Hypertension,0
113210,37,21-39,3.7,Female,Non-Hispanic Black,27.3,Overweight (25-29.9),5.46,101.66666666666667,60.333333333333336,0,0,No hypertension,0
113211,51,40-59,5.1,Male,Non-Hispanic Black,20.4,Healthy weight (18.5-24.9),4.08,102.33333333333333,61,0,0,No hypertension,0
113213,43,40-59,4.3,Female,Non-Hispanic White,28,Overweight (25-29.9),5.6,120.33333333333333,78,0,0,No hypertension,0
113215,25,21-39,2.5,Female,Non-Hispanic Black,24.3,Healthy weight (18.5-24.9),4.86,116,65.33333333333333,0,0,No hypertension,0
113222,60,60-79,6,Female,Non-Hispanic Black,25.3,Overweight (25-29.9),5.0600000000000005,151.66666666666666,83.33333333333333,0,1,Hypertension,1
113223,60,60-79,6,Female,Non-Hispanic White,25.1,Overweight (25-29.9),5.0200000000000005,138,78,1,1,Hypertension,1
113224,73,60-79,7.3,Male,Non-Hispanic Black,22.8,Healthy weight (18.5-24.9),4.5600000000000005,161.33333333333334,99,0,1,Hypertension,1
113227,38,21-39,3.8,Male,Non-Hispanic White,36.1,Obesity class 2-3 (35+),7.220000000000001,144.66666666666666,101.33333333333333,0,1,Hypertension,1
113231,62,60-79,6.2,Female,Non-Hispanic White,32.2,Obesity class 1 (30-34.9),6.44,98.66666666666667,66.66666666666667,1,1,Hypertension,1
113232,41,40-59,4.1,Male,Non-Hispanic Black,32.7,Obesity class 1 (30-34.9),6.540000000000001,139,91.66666666666667,0,1,Hypertension,1
113233,41,40-59,4.1,Female,Non-Hispanic White,40.4,Obesity class 2-3 (35+),8.08,120,74,0,0,No hypertension,0
113236,55,40-59,5.5,Female,Other/Multiracial,32.1,Obesity class 1 (30-34.9),6.42,121.66666666666667,76,0,0,No hypertension,0
113237,59,40-59,5.9,Male,Non-Hispanic White,41,Obesity class 2-3 (35+),8.2,120.33333333333333,83,0,1,Hypertension,0
113240,60,60-79,6,Female,Non-Hispanic Black,29.2,Overweight (25-29.9),5.84,139,68,0,1,Hypertension,0
113241,70,60-79,7,Female,Non-Hispanic White,23,Healthy weight (18.5-24.9),4.6,152.66666666666666,88,0,1,Hypertension,1
113242,71,60-79,7.1,Male,Non-Hispanic Black,33.7,Obesity class 1 (30-34.9),6.74,127.33333333333333,76.33333333333333,1,1,Hypertension,1
113244,61,60-79,6.1,Female,Other/Multiracial,33.4,Obesity class 1 (30-34.9),6.68,132.33333333333334,81.66666666666667,0,1,Hypertension,0
113246,77,60-79,7.7,Female,Non-Hispanic Black,26.2,Overweight (25-29.9),5.24,129,66.66666666666667,0,0,No hypertension,0
113249,43,40-59,4.3,Female,Other Hispanic,35.8,Obesity class 2-3 (35+),7.159999999999999,116.33333333333333,74.33333333333333,0,0,No hypertension,0
113250,31,21-39,3.1,Male,Non-Hispanic White,29.4,Overweight (25-29.9),5.88,111.66666666666667,61.333333333333336,0,0,No hypertension,0
113253,44,40-59,4.4,Male,Non-Hispanic White,27.7,Overweight (25-29.9),5.54,113.66666666666667,76.66666666666667,0,0,No hypertension,0
113254,66,60-79,6.6,Female,Other Hispanic,22.1,Healthy weight (18.5-24.9),4.42,113,56.333333333333336,0,0,No hypertension,0
113256,50,40-59,5,Male,Other Hispanic,31.4,Obesity class 1 (30-34.9),6.279999999999999,117,66,1,1,Hypertension,1
113257,61,60-79,6.1,Female,Non-Hispanic Black,28.6,Overweight (25-29.9),5.720000000000001,116.33333333333333,65.66666666666667,0,0,No hypertension,0
113258,53,40-59,5.3,Male,Non-Hispanic White,33.1,Obesity class 1 (30-34.9),6.62,218.66666666666666,101,1,1,Hypertension,1
113263,22,21-39,2.2,Male,Non-Hispanic White,24.5,Healthy weight (18.5-24.9),4.9,109.66666666666667,60.333333333333336,0,0,No hypertension,0
113266,44,40-59,4.4,Female,Non-Hispanic Asian,24.5,Healthy weight (18.5-24.9),4.9,109,68.66666666666667,0,0,No hypertension,0
113267,67,60-79,6.7,Female,Other Hispanic,27.3,Overweight (25-29.9),5.46,124,69.66666666666667,0,0,No hypertension,0
113268,63,60-79,6.3,Female,Non-Hispanic Black,35.3,Obesity class 2-3 (35+),7.06,150.33333333333334,100,0,1,Hypertension,1
113271,49,40-59,4.9,Female,Non-Hispanic Black,36.6,Obesity class 2-3 (35+),7.32,136.33333333333334,95.33333333333333,0,1,Hypertension,1
113274,76,60-79,7.6,Female,Non-Hispanic White,31,Obesity class 1 (30-34.9),6.2,123.66666666666667,73,0,0,No hypertension,0
113275,70,60-79,7,Male,Non-Hispanic White,23.2,Healthy weight (18.5-24.9),4.64,150.66666666666666,101.66666666666667,0,1,Hypertension,1
113276,55,40-59,5.5,Female,Non-Hispanic Asian,28.9,Overweight (25-29.9),5.779999999999999,110.66666666666667,64.66666666666667,0,0,No hypertension,0
113278,24,21-39,2.4,Female,Non-Hispanic Black,43,Obesity class 2-3 (35+),8.6,96.33333333333333,56,0,0,No hypertension,0
113279,71,60-79,7.1,Male,Non-Hispanic Black,30.7,Obesity class 1 (30-34.9),6.14,109.66666666666667,79.33333333333333,1,1,Hypertension,1
113281,52,40-59,5.2,Male,Mexican American,30.9,Obesity class 1 (30-34.9),6.18,173.66666666666666,102,0,1,Hypertension,1
113285,57,40-59,5.7,Female,Mexican American,33.3,Obesity class 1 (30-34.9),6.659999999999999,123.33333333333333,70.66666666666667,0,0,No hypertension,0
113286,75,60-79,7.5,Male,Non-Hispanic White,29.3,Overweight (25-29.9),5.86,111.66666666666667,71,0,0,No hypertension,0
113287,59,40-59,5.9,Female,Non-Hispanic White,31,Obesity class 1 (30-34.9),6.2,142.66666666666666,91,1,1,Hypertension,1
113292,59,40-59,5.9,Male,Other Hispanic,36.9,Obesity class 2-3 (35+),7.38,167.66666666666666,87,1,1,Hypertension,1
113294,46,40-59,4.6,Male,Non-Hispanic Asian,23.9,Healthy weight (18.5-24.9),4.779999999999999,128.33333333333334,75.66666666666667,0,0,No hypertension,0
113298,58,40-59,5.8,Female,Non-Hispanic Black,35.1,Obesity class 2-3 (35+),7.0200000000000005,149,82,1,1,Hypertension,1
113300,47,40-59,4.7,Female,Non-Hispanic White,37.6,Obesity class 2-3 (35+),7.5200000000000005,115,64.66666666666667,1,1,Hypertension,1
113301,62,60-79,6.2,Female,Non-Hispanic White,40.1,Obesity class 2-3 (35+),8.02,146,85.66666666666667,1,1,Hypertension,1
113305,66,60-79,6.6,Male,Non-Hispanic White,25.5,Overweight (25-29.9),5.1,123.66666666666667,73.33333333333333,0,0,No hypertension,0
113308,60,60-79,6,Male,Non-Hispanic Black,35,Obesity class 2-3 (35+),7,129,77,1,1,Hypertension,1
113310,34,21-39,3.4,Female,Non-Hispanic White,35.9,Obesity class 2-3 (35+),7.18,116.33333333333333,83.33333333333333,0,1,Hypertension,0
113311,70,60-79,7,Male,Non-Hispanic White,27.9,Overweight (25-29.9),5.58,116,72,0,0,No hypertension,0
113313,32,21-39,3.2,Male,Non-Hispanic Black,22.6,Healthy weight (18.5-24.9),4.5200000000000005,131.66666666666666,84,0,1,Hypertension,0
113314,22,21-39,2.2,Male,Non-Hispanic White,39.6,Obesity class 2-3 (35+),7.92,120.33333333333333,81.66666666666667,0,1,Hypertension,0
113316,46,40-59,4.6,Male,Non-Hispanic White,27.7,Overweight (25-29.9),5.54,140,97.66666666666667,0,1,Hypertension,1
113320,65,60-79,6.5,Female,Non-Hispanic Black,21,Healthy weight (18.5-24.9),4.2,179,73,1,1,Hypertension,1
113324,66,60-79,6.6,Male,Other/Multiracial,25.5,Overweight (25-29.9),5.1,110.33333333333333,62.666666666666664,1,1,Hypertension,1
113327,32,21-39,3.2,Male,Non-Hispanic Black,41,Obesity class 2-3 (35+),8.2,112,77,0,0,No hypertension,0
113331,43,40-59,4.3,Male,Non-Hispanic Black,26.9,Overweight (25-29.9),5.38,127.66666666666667,90.33333333333333,1,1,Hypertension,1
113332,26,21-39,2.6,Female,Non-Hispanic White,25.3,Overweight (25-29.9),5.0600000000000005,105.33333333333333,69.66666666666667,0,0,No hypertension,0
113336,61,60-79,6.1,Male,Non-Hispanic White,22.5,Healthy weight (18.5-24.9),4.5,172,98.33333333333333,0,1,Hypertension,1
113337,40,40-59,4,Female,Non-Hispanic Black,56,Obesity class 2-3 (35+),11.2,119,79.66666666666667,0,0,No hypertension,0
113340,79,60-79,7.9,Female,Non-Hispanic Asian,20.3,Healthy weight (18.5-24.9),4.0600000000000005,145,64,0,1,Hypertension,1
113341,53,40-59,5.3,Female,Non-Hispanic Asian,28.2,Overweight (25-29.9),5.64,118.33333333333333,75.33333333333333,0,0,No hypertension,0
113343,60,60-79,6,Female,Other Hispanic,35.1,Obesity class 2-3 (35+),7.0200000000000005,129.66666666666666,56.333333333333336,1,1,Hypertension,1
113344,23,21-39,2.3,Male,Non-Hispanic Asian,21.5,Healthy weight (18.5-24.9),4.3,118,74.66666666666667,0,0,No hypertension,0
113347,47,40-59,4.7,Female,Non-Hispanic Asian,29.6,Overweight (25-29.9),5.92,103.66666666666667,68.66666666666667,0,0,No hypertension,0
113349,34,21-39,3.4,Male,Non-Hispanic White,39.6,Obesity class 2-3 (35+),7.92,131,80.33333333333333,0,1,Hypertension,0
113350,26,21-39,2.6,Female,Non-Hispanic White,40.2,Obesity class 2-3 (35+),8.040000000000001,117.33333333333333,84,0,1,Hypertension,0
113355,67,60-79,6.7,Female,Other Hispanic,34.3,Obesity class 1 (30-34.9),6.859999999999999,120.33333333333333,85,1,1,Hypertension,1
113357,74,60-79,7.4,Female,Mexican American,23.7,Healthy weight (18.5-24.9),4.74,126.66666666666667,48.666666666666664,0,0,No hypertension,0
113362,74,60-79,7.4,Male,Non-Hispanic White,20.3,Healthy weight (18.5-24.9),4.0600000000000005,135.66666666666666,75.66666666666667,0,1,Hypertension,0
113363,64,60-79,6.4,Female,Other/Multiracial,30.9,Obesity class 1 (30-34.9),6.18,123.33333333333333,67.33333333333333,1,1,Hypertension,1
113364,38,21-39,3.8,Female,Other Hispanic,26.4,Overweight (25-29.9),5.279999999999999,105.66666666666667,59.333333333333336,0,0,No hypertension,0
113367,68,60-79,6.8,Male,Non-Hispanic White,37,Obesity class 2-3 (35+),7.4,123.33333333333333,72,1,1,Hypertension,1
113368,45,40-59,4.5,Male,Non-Hispanic Black,22,Healthy weight (18.5-24.9),4.4,141.66666666666666,90.66666666666667,1,1,Hypertension,1
113369,51,40-59,5.1,Male,Other Hispanic,32,Obesity class 1 (30-34.9),6.4,110.33333333333333,65,0,0,No hypertension,0
113370,67,60-79,6.7,Male,Other Hispanic,24.6,Healthy weight (18.5-24.9),4.92,149.66666666666666,80.66666666666667,1,1,Hypertension,1
113371,62,60-79,6.2,Female,Non-Hispanic Black,46.5,Obesity class 2-3 (35+),9.3,114.66666666666667,76.33333333333333,1,1,Hypertension,1
113372,62,60-79,6.2,Male,Non-Hispanic Black,33.2,Obesity class 1 (30-34.9),6.640000000000001,129.66666666666666,74,1,1,Hypertension,1
113373,33,21-39,3.3,Male,Non-Hispanic White,22.8,Healthy weight (18.5-24.9),4.5600000000000005,118.66666666666667,80.66666666666667,0,1,Hypertension,0
113374,22,21-39,2.2,Female,Non-Hispanic White,24,Healthy weight (18.5-24.9),4.8,121.33333333333333,63.333333333333336,0,0,No hypertension,0
113376,56,40-59,5.6,Female,Non-Hispanic Black,21.1,Healthy weight (18.5-24.9),4.220000000000001,114,79,1,1,Hypertension,1
113379,76,60-79,7.6,Male,Non-Hispanic Black,30.7,Obesity class 1 (30-34.9),6.14,118,61,0,0,No hypertension,0
113383,55,40-59,5.5,Female,Non-Hispanic White,41.6,Obesity class 2-3 (35+),8.32,125.33333333333333,81.33333333333333,0,1,Hypertension,0
113384,40,40-59,4,Female,Non-Hispanic Black,38.1,Obesity class 2-3 (35+),7.62,111,70.33333333333333,0,0,No hypertension,0
113385,62,60-79,6.2,Male,Mexican American,26.4,Overweight (25-29.9),5.279999999999999,133.66666666666666,80.33333333333333,0,1,Hypertension,0
113386,24,21-39,2.4,Female,Non-Hispanic Black,47.4,Obesity class 2-3 (35+),9.48,87,61.333333333333336,0,0,No hypertension,0
113391,37,21-39,3.7,Female,Mexican American,67,Obesity class 2-3 (35+),13.4,105.33333333333333,71,0,0,No hypertension,0
113392,63,60-79,6.3,Female,Non-Hispanic Black,25.2,Overweight (25-29.9),5.04,153,77.33333333333333,0,1,Hypertension,1
113394,50,40-59,5,Male,Non-Hispanic Black,24.3,Healthy weight (18.5-24.9),4.86,110.33333333333333,64.66666666666667,0,0,No hypertension,0
113396,28,21-39,2.8,Female,Non-Hispanic Black,21,Healthy weight (18.5-24.9),4.2,92,53,0,0,No hypertension,0
113397,68,60-79,6.8,Female,Non-Hispanic Black,27.3,Overweight (25-29.9),5.46,192.66666666666666,98.33333333333333,0,1,Hypertension,1
113398,49,40-59,4.9,Female,Non-Hispanic Black,27.9,Overweight (25-29.9),5.58,109.66666666666667,66.33333333333333,0,0,No hypertension,0
113399,60,60-79,6,Male,Non-Hispanic Black,29.8,Overweight (25-29.9),5.96,128.33333333333334,88,0,1,Hypertension,0
113401,21,21-39,2.1,Female,Non-Hispanic Asian,21.3,Healthy weight (18.5-24.9),4.26,105,63.666666666666664,0,0,No hypertension,0
113403,67,60-79,6.7,Female,Non-Hispanic Black,29.6,Overweight (25-29.9),5.92,119,59,1,1,Hypertension,1
113404,60,60-79,6,Male,Non-Hispanic Black,29.1,Overweight (25-29.9),5.82,112.33333333333333,74,1,1,Hypertension,1
113405,59,40-59,5.9,Female,Other Hispanic,29.5,Overweight (25-29.9),5.9,141.66666666666666,88,0,1,Hypertension,1
113406,26,21-39,2.6,Female,Non-Hispanic White,65.3,Obesity class 2-3 (35+),13.059999999999999,107.66666666666667,74.33333333333333,0,0,No hypertension,0
113407,61,60-79,6.1,Female,Non-Hispanic Black,31.9,Obesity class 1 (30-34.9),6.38,168,100.66666666666667,0,1,Hypertension,1
113413,32,21-39,3.2,Female,Non-Hispanic Black,31.4,Obesity class 1 (30-34.9),6.279999999999999,106,72.66666666666667,0,0,No hypertension,0
113415,30,21-39,3,Female,Other Hispanic,28.1,Overweight (25-29.9),5.62,94.66666666666667,56.333333333333336,0,0,No hypertension,0
113416,63,60-79,6.3,Female,Non-Hispanic Black,39.2,Obesity class 2-3 (35+),7.840000000000001,113.33333333333333,76.33333333333333,0,0,No hypertension,0
113418,29,21-39,2.9,Female,Non-Hispanic White,23.3,Healthy weight (18.5-24.9),4.66,105.33333333333333,69.33333333333333,0,0,No hypertension,0
113420,65,60-79,6.5,Female,Mexican American,32,Obesity class 1 (30-34.9),6.4,136.33333333333334,79.66666666666667,1,1,Hypertension,1
113423,22,21-39,2.2,Male,Non-Hispanic Black,17.1,Underweight (<18.5),3.4200000000000004,101.66666666666667,64.33333333333333,0,0,No hypertension,0
113425,55,40-59,5.5,Female,Other Hispanic,26,Overweight (25-29.9),5.2,86.66666666666667,55.666666666666664,0,0,No hypertension,0
113427,63,60-79,6.3,Female,Mexican American,31.8,Obesity class 1 (30-34.9),6.36,123.66666666666667,79.33333333333333,1,1,Hypertension,1
113430,63,60-79,6.3,Male,Non-Hispanic Asian,26.6,Overweight (25-29.9),5.32,122.66666666666667,80.33333333333333,1,1,Hypertension,1
113431,26,21-39,2.6,Male,Non-Hispanic Black,25.1,Overweight (25-29.9),5.0200000000000005,141,70.66666666666667,0,1,Hypertension,1
113435,21,21-39,2.1,Female,Other Hispanic,38.2,Obesity class 2-3 (35+),7.640000000000001,104.66666666666667,65.66666666666667,0,0,No hypertension,0
113436,47,40-59,4.7,Female,Non-Hispanic Black,23.5,Healthy weight (18.5-24.9),4.7,116.66666666666667,74.66666666666667,0,0,No hypertension,0
113437,62,60-79,6.2,Male,Non-Hispanic Asian,26.6,Overweight (25-29.9),5.32,140.66666666666666,85,1,1,Hypertension,1
113439,66,60-79,6.6,Male,Non-Hispanic White,26.8,Overweight (25-29.9),5.36,147.66666666666666,94,0,1,Hypertension,1
113440,58,40-59,5.8,Female,Other Hispanic,32.9,Obesity class 1 (30-34.9),6.58,111,70.33333333333333,0,0,No hypertension,0
113442,22,21-39,2.2,Male,Mexican American,41.2,Obesity class 2-3 (35+),8.24,113.33333333333333,78.66666666666667,0,0,No hypertension,0
113443,46,40-59,4.6,Male,Non-Hispanic Asian,35.3,Obesity class 2-3 (35+),7.06,124.33333333333333,89,1,1,Hypertension,1
113445,37,21-39,3.7,Female,Mexican American,26.5,Overweight (25-29.9),5.3,98,54,0,0,No hypertension,0
113446,57,40-59,5.7,Male,Non-Hispanic Black,52.8,Obesity class 2-3 (35+),10.559999999999999,130.66666666666666,92.33333333333333,0,1,Hypertension,1
113447,31,21-39,3.1,Male,Non-Hispanic Black,20.8,Healthy weight (18.5-24.9),4.16,150.33333333333334,77.33333333333333,0,1,Hypertension,1
113448,51,40-59,5.1,Female,Non-Hispanic Black,25.6,Overweight (25-29.9),5.12,113,63.666666666666664,0,0,No hypertension,0
113450,60,60-79,6,Female,Non-Hispanic Black,34.7,Obesity class 1 (30-34.9),6.94,132.33333333333334,89.33333333333333,1,1,Hypertension,1
113451,45,40-59,4.5,Female,Non-Hispanic Black,49.8,Obesity class 2-3 (35+),9.959999999999999,125.33333333333333,89.33333333333333,1,1,Hypertension,1
113453,27,21-39,2.7,Male,Non-Hispanic Asian,20.9,Healthy weight (18.5-24.9),4.18,117.66666666666667,75.66666666666667,0,0,No hypertension,0
113455,61,60-79,6.1,Male,Mexican American,32,Obesity class 1 (30-34.9),6.4,128,78,0,0,No hypertension,0
113457,73,60-79,7.3,Female,Non-Hispanic Black,30.1,Obesity class 1 (30-34.9),6.0200000000000005,127.66666666666667,72.33333333333333,1,1,Hypertension,1
113461,51,40-59,5.1,Male,Non-Hispanic Asian,26.7,Overweight (25-29.9),5.34,112.33333333333333,76,0,0,No hypertension,0
113462,38,21-39,3.8,Male,Mexican American,28.8,Overweight (25-29.9),5.76,117,75,0,0,No hypertension,0
113463,51,40-59,5.1,Female,Other Hispanic,27.7,Overweight (25-29.9),5.54,114.66666666666667,66.66666666666667,0,0,No hypertension,0
113467,63,60-79,6.3,Female,Non-Hispanic White,29.9,Overweight (25-29.9),5.9799999999999995,122.66666666666667,80,0,1,Hypertension,0
113468,22,21-39,2.2,Male,Mexican American,37.1,Obesity class 2-3 (35+),7.42,111.33333333333333,54.666666666666664,0,0,No hypertension,0
113469,36,21-39,3.6,Male,Non-Hispanic White,28.5,Overweight (25-29.9),5.7,114.66666666666667,72.33333333333333,0,0,No hypertension,0
113470,29,21-39,2.9,Female,Non-Hispanic Asian,23.7,Healthy weight (18.5-24.9),4.74,95.66666666666667,61,0,0,No hypertension,0
113472,48,40-59,4.8,Female,Non-Hispanic Black,24,Healthy weight (18.5-24.9),4.8,172.66666666666666,104.33333333333333,0,1,Hypertension,1
113478,31,21-39,3.1,Female,Non-Hispanic Black,46.9,Obesity class 2-3 (35+),9.379999999999999,101,75.33333333333333,0,0,No hypertension,0
113479,60,60-79,6,Female,Non-Hispanic White,23.8,Healthy weight (18.5-24.9),4.76,109.66666666666667,61.333333333333336,0,0,No hypertension,0
113480,41,40-59,4.1,Male,Non-Hispanic Asian,25.2,Overweight (25-29.9),5.04,111.66666666666667,69.66666666666667,0,0,No hypertension,0
113482,67,60-79,6.7,Male,Non-Hispanic White,34.5,Obesity class 1 (30-34.9),6.9,111.66666666666667,58.666666666666664,0,0,No hypertension,0
113486,27,21-39,2.7,Female,Non-Hispanic Asian,31,Obesity class 1 (30-34.9),6.2,139.66666666666666,98,0,1,Hypertension,1
113487,52,40-59,5.2,Female,Non-Hispanic Black,46.6,Obesity class 2-3 (35+),9.32,111.33333333333333,78,1,1,Hypertension,1
113491,38,21-39,3.8,Female,Non-Hispanic Asian,25.4,Overweight (25-29.9),5.08,123.66666666666667,77.66666666666667,0,0,No hypertension,0
113492,61,60-79,6.1,Male,Non-Hispanic Black,24,Healthy weight (18.5-24.9),4.8,124.66666666666667,75.66666666666667,1,1,Hypertension,1
113493,46,40-59,4.6,Male,Non-Hispanic White,25.8,Overweight (25-29.9),5.16,132.66666666666666,88.66666666666667,0,1,Hypertension,0
113494,25,21-39,2.5,Female,Non-Hispanic White,39.6,Obesity class 2-3 (35+),7.92,119.33333333333333,86.66666666666667,0,1,Hypertension,0
113499,23,21-39,2.3,Male,Non-Hispanic White,23,Healthy weight (18.5-24.9),4.6,116,64,0,0,No hypertension,0
113501,56,40-59,5.6,Male,Other Hispanic,45.1,Obesity class 2-3 (35+),9.02,125,81,0,1,Hypertension,0
113503,68,60-79,6.8,Male,Non-Hispanic White,51.5,Obesity class 2-3 (35+),10.3,155,77,1,1,Hypertension,1
113504,30,21-39,3,Female,Non-Hispanic Black,47.6,Obesity class 2-3 (35+),9.52,110.33333333333333,72,0,0,No hypertension,0
113505,29,21-39,2.9,Female,Non-Hispanic Black,29.4,Overweight (25-29.9),5.88,101.33333333333333,74.33333333333333,0,0,No hypertension,0
113509,26,21-39,2.6,Male,Non-Hispanic White,24.2,Healthy weight (18.5-24.9),4.84,132,76.33333333333333,0,1,Hypertension,0
113510,68,60-79,6.8,Female,Non-Hispanic Black,31.5,Obesity class 1 (30-34.9),6.3,137.33333333333334,76.33333333333333,1,1,Hypertension,1
113511,66,60-79,6.6,Female,Non-Hispanic Black,37,Obesity class 2-3 (35+),7.4,102,70,1,1,Hypertension,1
113514,42,40-59,4.2,Male,Other Hispanic,38.4,Obesity class 2-3 (35+),7.68,151,101.33333333333333,1,1,Hypertension,1
113516,65,60-79,6.5,Female,Non-Hispanic White,37.3,Obesity class 2-3 (35+),7.459999999999999,107.66666666666667,59.666666666666664,1,1,Hypertension,1
113519,64,60-79,6.4,Female,Non-Hispanic Asian,21,Healthy weight (18.5-24.9),4.2,153.33333333333334,79.33333333333333,0,1,Hypertension,1
113521,72,60-79,7.2,Male,Non-Hispanic White,28.2,Overweight (25-29.9),5.64,146.66666666666666,72.66666666666667,1,1,Hypertension,1
113527,40,40-59,4,Male,Mexican American,34.3,Obesity class 1 (30-34.9),6.859999999999999,140.33333333333334,95.33333333333333,0,1,Hypertension,1
113528,79,60-79,7.9,Male,Non-Hispanic White,31.7,Obesity class 1 (30-34.9),6.34,134,67.66666666666667,1,1,Hypertension,1
113531,25,21-39,2.5,Female,Other Hispanic,28.5,Overweight (25-29.9),5.7,105.33333333333333,61.666666666666664,0,0,No hypertension,0
113532,43,40-59,4.3,Female,Non-Hispanic Asian,27.1,Overweight (25-29.9),5.42,138.66666666666666,84.33333333333333,0,1,Hypertension,0
113539,42,40-59,4.2,Male,Non-Hispanic White,31.8,Obesity class 1 (30-34.9),6.36,111.66666666666667,69.33333333333333,0,0,No hypertension,0
113541,79,60-79,7.9,Male,Non-Hispanic Black,29.3,Overweight (25-29.9),5.86,124.66666666666667,71.33333333333333,1,1,Hypertension,1
113542,52,40-59,5.2,Male,Other Hispanic,28.1,Overweight (25-29.9),5.62,166.66666666666666,101.33333333333333,1,1,Hypertension,1
113547,74,60-79,7.4,Female,Non-Hispanic Black,39.8,Obesity class 2-3 (35+),7.959999999999999,139.66666666666666,71.66666666666667,1,1,Hypertension,1
113549,71,60-79,7.1,Female,Non-Hispanic White,21,Healthy weight (18.5-24.9),4.2,132,55,1,1,Hypertension,1
113550,27,21-39,2.7,Male,Other/Multiracial,25.5,Overweight (25-29.9),5.1,123,73,0,0,No hypertension,0
113551,37,21-39,3.7,Female,Mexican American,26.9,Overweight (25-29.9),5.38,123,63.666666666666664,0,0,No hypertension,0
113553,50,40-59,5,Female,Non-Hispanic White,33.6,Obesity class 1 (30-34.9),6.720000000000001,140.33333333333334,93.33333333333333,0,1,Hypertension,1
113556,23,21-39,2.3,Female,Other Hispanic,29.1,Overweight (25-29.9),5.82,117.33333333333333,72,0,0,No hypertension,0
113558,33,21-39,3.3,Male,Other Hispanic,26.2,Overweight (25-29.9),5.24,114,73,0,0,No hypertension,0
113559,63,60-79,6.3,Male,Mexican American,31.2,Obesity class 1 (30-34.9),6.24,149,84.33333333333333,0,1,Hypertension,1
113560,61,60-79,6.1,Female,Mexican American,28.5,Overweight (25-29.9),5.7,147,95.33333333333333,0,1,Hypertension,1
113562,36,21-39,3.6,Male,Non-Hispanic White,29,Overweight (25-29.9),5.8,118.66666666666667,72.33333333333333,0,0,No hypertension,0
113565,46,40-59,4.6,Female,Non-Hispanic Asian,25.2,Overweight (25-29.9),5.04,95,63.333333333333336,0,0,No hypertension,0
113569,46,40-59,4.6,Male,Non-Hispanic White,26.2,Overweight (25-29.9),5.24,126.33333333333333,80,0,1,Hypertension,0
113573,53,40-59,5.3,Female,Non-Hispanic White,30.2,Obesity class 1 (30-34.9),6.04,170.33333333333334,119.33333333333333,1,1,Hypertension,1
113574,33,21-39,3.3,Male,Non-Hispanic White,39.5,Obesity class 2-3 (35+),7.9,121.33333333333333,88.33333333333333,1,1,Hypertension,1
113575,58,40-59,5.8,Male,Non-Hispanic White,26.2,Overweight (25-29.9),5.24,141.66666666666666,92,0,1,Hypertension,1
113576,43,40-59,4.3,Male,Non-Hispanic Asian,25.7,Overweight (25-29.9),5.14,115.33333333333333,85.66666666666667,0,1,Hypertension,0
113577,42,40-59,4.2,Female,Non-Hispanic Black,38.5,Obesity class 2-3 (35+),7.7,128,82,1,1,Hypertension,1
113578,26,21-39,2.6,Male,Non-Hispanic Black,24.5,Healthy weight (18.5-24.9),4.9,97,62,0,0,No hypertension,0
113580,77,60-79,7.7,Female,Non-Hispanic Black,33.4,Obesity class 1 (30-34.9),6.68,142.66666666666666,72.33333333333333,1,1,Hypertension,1
113581,75,60-79,7.5,Female,Other Hispanic,26.1,Overweight (25-29.9),5.220000000000001,163.66666666666666,80.33333333333333,0,1,Hypertension,1
113582,55,40-59,5.5,Male,Non-Hispanic Black,24.6,Healthy weight (18.5-24.9),4.92,147,91,1,1,Hypertension,1
113583,33,21-39,3.3,Female,Non-Hispanic Asian,23.3,Healthy weight (18.5-24.9),4.66,101.66666666666667,62.333333333333336,0,0,No hypertension,0
113586,70,60-79,7,Male,Mexican American,31.5,Obesity class 1 (30-34.9),6.3,129.33333333333334,58.666666666666664,1,1,Hypertension,1
113587,60,60-79,6,Male,Non-Hispanic Black,25.8,Overweight (25-29.9),5.16,134.66666666666666,79,1,1,Hypertension,1
113588,61,60-79,6.1,Male,Mexican American,34.8,Obesity class 1 (30-34.9),6.959999999999999,134.66666666666666,81.33333333333333,1,1,Hypertension,1
113590,65,60-79,6.5,Male,Non-Hispanic White,17.5,Underweight (<18.5),3.5,128.33333333333334,76.33333333333333,0,0,No hypertension,0
113597,72,60-79,7.2,Female,Non-Hispanic White,36.6,Obesity class 2-3 (35+),7.32,117.66666666666667,65,1,1,Hypertension,1
113599,31,21-39,3.1,Male,Non-Hispanic White,36.9,Obesity class 2-3 (35+),7.38,136.66666666666666,93.66666666666667,0,1,Hypertension,1
113602,45,40-59,4.5,Male,Other Hispanic,25.7,Overweight (25-29.9),5.14,121.66666666666667,76.33333333333333,0,0,No hypertension,0
113614,30,21-39,3,Male,Non-Hispanic White,25.4,Overweight (25-29.9),5.08,116.33333333333333,73.33333333333333,0,0,No hypertension,0
113615,54,40-59,5.4,Female,Non-Hispanic White,27.2,Overweight (25-29.9),5.4399999999999995,132,88.33333333333333,0,1,Hypertension,0
113616,66,60-79,6.6,Male,Mexican American,28.7,Overweight (25-29.9),5.74,103.66666666666667,58,1,1,Hypertension,1
113620,48,40-59,4.8,Female,Non-Hispanic Asian,20.7,Healthy weight (18.5-24.9),4.14,114,72,0,0,No hypertension,0
113621,58,40-59,5.8,Female,Non-Hispanic White,24.1,Healthy weight (18.5-24.9),4.82,114,75.66666666666667,0,0,No hypertension,0
113624,45,40-59,4.5,Male,Mexican American,25.3,Overweight (25-29.9),5.0600000000000005,132.66666666666666,82.66666666666667,0,1,Hypertension,0
113627,33,21-39,3.3,Male,Non-Hispanic Black,44.3,Obesity class 2-3 (35+),8.86,127.66666666666667,93.33333333333333,0,1,Hypertension,1
113628,37,21-39,3.7,Female,Non-Hispanic White,40.5,Obesity class 2-3 (35+),8.1,103.33333333333333,72,1,1,Hypertension,1
113630,39,21-39,3.9,Male,Non-Hispanic Asian,32,Obesity class 1 (30-34.9),6.4,113.66666666666667,73,0,0,No hypertension,0
113631,64,60-79,6.4,Female,Mexican American,32.4,Obesity class 1 (30-34.9),6.4799999999999995,124.33333333333333,70,1,1,Hypertension,1
113632,50,40-59,5,Female,Non-Hispanic White,30.1,Obesity class 1 (30-34.9),6.0200000000000005,132.66666666666666,89,0,1,Hypertension,0
113633,29,21-39,2.9,Male,Non-Hispanic Asian,24.4,Healthy weight (18.5-24.9),4.88,102.66666666666667,62,0,0,No hypertension,0
113636,24,21-39,2.4,Male,Non-Hispanic Asian,20.6,Healthy weight (18.5-24.9),4.12,121.66666666666667,80.66666666666667,0,1,Hypertension,0
113637,35,21-39,3.5,Female,Other Hispanic,28.2,Overweight (25-29.9),5.64,93,65.33333333333333,0,0,No hypertension,0
113639,67,60-79,6.7,Male,Other Hispanic,29.8,Overweight (25-29.9),5.96,148.66666666666666,80,1,1,Hypertension,1
113641,24,21-39,2.4,Female,Non-Hispanic White,20.3,Healthy weight (18.5-24.9),4.0600000000000005,93.33333333333333,63.666666666666664,0,0,No hypertension,0
113642,47,40-59,4.7,Male,Non-Hispanic Asian,32.6,Obesity class 1 (30-34.9),6.5200000000000005,114,68.33333333333333,0,0,No hypertension,0
113646,47,40-59,4.7,Female,Non-Hispanic Black,43.9,Obesity class 2-3 (35+),8.78,119.66666666666667,86,1,1,Hypertension,1
113647,58,40-59,5.8,Male,Mexican American,28.4,Overweight (25-29.9),5.68,127.66666666666667,63.333333333333336,0,0,No hypertension,0
113648,61,60-79,6.1,Male,Non-Hispanic Black,27.5,Overweight (25-29.9),5.5,148.33333333333334,83.33333333333333,1,1,Hypertension,1
113649,55,40-59,5.5,Male,Non-Hispanic White,41.3,Obesity class 2-3 (35+),8.26,125.33333333333333,82.33333333333333,1,1,Hypertension,1
113651,62,60-79,6.2,Female,Non-Hispanic Asian,44.6,Obesity class 2-3 (35+),8.92,97,54,0,0,No hypertension,0
113652,26,21-39,2.6,Male,Non-Hispanic Asian,24.3,Healthy weight (18.5-24.9),4.86,119,68,0,0,No hypertension,0
113660,57,40-59,5.7,Female,Non-Hispanic Asian,23.8,Healthy weight (18.5-24.9),4.76,162.66666666666666,94.66666666666667,0,1,Hypertension,1
113661,24,21-39,2.4,Female,Non-Hispanic White,19.8,Healthy weight (18.5-24.9),3.96,100.66666666666667,71.33333333333333,0,0,No hypertension,0
113663,55,40-59,5.5,Male,Non-Hispanic Asian,24.7,Healthy weight (18.5-24.9),4.9399999999999995,155.66666666666666,77.66666666666667,0,1,Hypertension,1
113666,34,21-39,3.4,Male,Non-Hispanic White,36.7,Obesity class 2-3 (35+),7.340000000000001,118.33333333333333,83,0,1,Hypertension,0
113667,50,40-59,5,Male,Non-Hispanic Black,39.8,Obesity class 2-3 (35+),7.959999999999999,120.33333333333333,80.33333333333333,0,1,Hypertension,0
113668,75,60-79,7.5,Male,Non-Hispanic Black,32.8,Obesity class 1 (30-34.9),6.56,170.66666666666666,72.66666666666667,1,1,Hypertension,1
113669,63,60-79,6.3,Male,Mexican American,26.3,Overweight (25-29.9),5.26,123.66666666666667,69.66666666666667,0,0,No hypertension,0
113676,34,21-39,3.4,Female,Other Hispanic,25,Overweight (25-29.9),5,108,60,0,0,No hypertension,0
113678,47,40-59,4.7,Female,Non-Hispanic Black,30.6,Obesity class 1 (30-34.9),6.12,108.66666666666667,64.33333333333333,0,0,No hypertension,0
113680,36,21-39,3.6,Female,Non-Hispanic White,31.2,Obesity class 1 (30-34.9),6.24,95.66666666666667,68,0,0,No hypertension,0
113681,62,60-79,6.2,Male,Non-Hispanic Black,25.1,Overweight (25-29.9),5.0200000000000005,139.33333333333334,65.33333333333333,0,1,Hypertension,0
113682,58,40-59,5.8,Male,Mexican American,26,Overweight (25-29.9),5.2,104.66666666666667,58,0,0,No hypertension,0
113683,25,21-39,2.5,Male,Non-Hispanic Black,34.9,Obesity class 1 (30-34.9),6.9799999999999995,139.66666666666666,79.33333333333333,0,1,Hypertension,0
113684,71,60-79,7.1,Male,Non-Hispanic White,37.7,Obesity class 2-3 (35+),7.540000000000001,122.33333333333333,66,1,1,Hypertension,1
113687,45,40-59,4.5,Female,Non-Hispanic Black,34.1,Obesity class 1 (30-34.9),6.82,117.33333333333333,84,0,1,Hypertension,0
113690,24,21-39,2.4,Female,Non-Hispanic Asian,19.8,Healthy weight (18.5-24.9),3.96,103.33333333333333,62.333333333333336,0,0,No hypertension,0
113691,63,60-79,6.3,Female,Non-Hispanic White,25.4,Overweight (25-29.9),5.08,102.66666666666667,69.66666666666667,0,0,No hypertension,0
113692,23,21-39,2.3,Female,Non-Hispanic Asian,24.5,Healthy weight (18.5-24.9),4.9,113,70,0,0,No hypertension,0
113695,25,21-39,2.5,Male,Non-Hispanic White,34.4,Obesity class 1 (30-34.9),6.88,133,89.33333333333333,0,1,Hypertension,0
113696,39,21-39,3.9,Male,Non-Hispanic White,21.8,Healthy weight (18.5-24.9),4.36,107.66666666666667,61,0,0,No hypertension,0
113699,61,60-79,6.1,Female,Other Hispanic,32.4,Obesity class 1 (30-34.9),6.4799999999999995,148,76.66666666666667,1,1,Hypertension,1
113701,27,21-39,2.7,Male,Mexican American,24.7,Healthy weight (18.5-24.9),4.9399999999999995,104.66666666666667,49.333333333333336,0,0,No hypertension,0
113702,57,40-59,5.7,Male,Non-Hispanic Asian,26.3,Overweight (25-29.9),5.26,168.33333333333334,105.66666666666667,1,1,Hypertension,1
113704,43,40-59,4.3,Male,Non-Hispanic White,39,Obesity class 2-3 (35+),7.8,113.33333333333333,68.66666666666667,0,0,No hypertension,0
113706,48,40-59,4.8,Male,Non-Hispanic Black,32.4,Obesity class 1 (30-34.9),6.4799999999999995,130.66666666666666,85.33333333333333,0,1,Hypertension,0
113707,73,60-79,7.3,Male,Mexican American,26.7,Overweight (25-29.9),5.34,125.66666666666667,70,0,0,No hypertension,0
113708,30,21-39,3,Female,Other/Multiracial,19.1,Healthy weight (18.5-24.9),3.8200000000000003,109.33333333333333,76,1,1,Hypertension,1
113709,38,21-39,3.8,Male,Non-Hispanic Asian,27.9,Overweight (25-29.9),5.58,121.33333333333333,83,0,1,Hypertension,0
113714,37,21-39,3.7,Male,Other Hispanic,25.4,Overweight (25-29.9),5.08,121.33333333333333,67,0,0,No hypertension,0
113716,47,40-59,4.7,Female,Non-Hispanic Asian,24.5,Healthy weight (18.5-24.9),4.9,125.33333333333333,71,0,0,No hypertension,0
113717,51,40-59,5.1,Male,Non-Hispanic Asian,25.6,Overweight (25-29.9),5.12,109,64.66666666666667,0,0,No hypertension,0
113723,38,21-39,3.8,Male,Mexican American,28.1,Overweight (25-29.9),5.62,117.33333333333333,69.33333333333333,0,0,No hypertension,0
113727,41,40-59,4.1,Female,Other/Multiracial,21.4,Healthy weight (18.5-24.9),4.279999999999999,103,70.66666666666667,0,0,No hypertension,0
113731,26,21-39,2.6,Female,Non-Hispanic White,22.3,Healthy weight (18.5-24.9),4.46,107,53.666666666666664,0,0,No hypertension,0
113733,68,60-79,6.8,Male,Other Hispanic,33.8,Obesity class 1 (30-34.9),6.76,164.33333333333334,92.33333333333333,0,1,Hypertension,1
113734,74,60-79,7.4,Male,Non-Hispanic White,30.5,Obesity class 1 (30-34.9),6.1,155.33333333333334,80.33333333333333,0,1,Hypertension,1
113735,50,40-59,5,Male,Non-Hispanic White,30.6,Obesity class 1 (30-34.9),6.12,115.33333333333333,73.33333333333333,0,0,No hypertension,0
113736,64,60-79,6.4,Male,Mexican American,31.4,Obesity class 1 (30-34.9),6.279999999999999,127.66666666666667,57.666666666666664,0,0,No hypertension,0
113737,56,40-59,5.6,Female,Mexican American,34.7,Obesity class 1 (30-34.9),6.94,136,75,1,1,Hypertension,1
113738,55,40-59,5.5,Female,Other Hispanic,26.9,Overweight (25-29.9),5.38,109,73.33333333333333,0,0,No hypertension,0
113742,21,21-39,2.1,Female,Non-Hispanic Asian,22,Healthy weight (18.5-24.9),4.4,106.66666666666667,65,0,0,No hypertension,0
113744,41,40-59,4.1,Male,Non-Hispanic Black,35.8,Obesity class 2-3 (35+),7.159999999999999,109,66.33333333333333,0,0,No hypertension,0
113747,29,21-39,2.9,Male,Non-Hispanic White,34.9,Obesity class 1 (30-34.9),6.9799999999999995,115.66666666666667,70,0,0,No hypertension,0
113750,60,60-79,6,Male,Non-Hispanic Asian,37,Obesity class 2-3 (35+),7.4,128,75,1,1,Hypertension,1
113751,61,60-79,6.1,Male,Non-Hispanic White,31.3,Obesity class 1 (30-34.9),6.26,136.33333333333334,79.66666666666667,1,1,Hypertension,1
113754,49,40-59,4.9,Female,Non-Hispanic White,23.8,Healthy weight (18.5-24.9),4.76,127.33333333333333,92,0,1,Hypertension,1
113757,21,21-39,2.1,Male,Non-Hispanic White,26.9,Overweight (25-29.9),5.38,105.33333333333333,75,0,0,No hypertension,0
113761,25,21-39,2.5,Male,Other/Multiracial,25.5,Overweight (25-29.9),5.1,124.33333333333333,71.66666666666667,0,0,No hypertension,0
113763,25,21-39,2.5,Female,Other/Multiracial,38.7,Obesity class 2-3 (35+),7.74,105.33333333333333,72.66666666666667,0,0,No hypertension,0
113766,58,40-59,5.8,Female,Non-Hispanic White,26.2,Overweight (25-29.9),5.24,97.66666666666667,57.333333333333336,0,0,No hypertension,0
113767,23,21-39,2.3,Male,Other Hispanic,44,Obesity class 2-3 (35+),8.8,112,73,0,0,No hypertension,0
113768,66,60-79,6.6,Female,Non-Hispanic Black,15.4,Underweight (<18.5),3.08,153.33333333333334,100,1,1,Hypertension,1
113769,36,21-39,3.6,Female,Non-Hispanic White,30.3,Obesity class 1 (30-34.9),6.0600000000000005,106.33333333333333,72.33333333333333,0,0,No hypertension,0
113770,52,40-59,5.2,Male,Non-Hispanic White,28.3,Overweight (25-29.9),5.66,125.33333333333333,77.33333333333333,0,0,No hypertension,0
113773,68,60-79,6.8,Male,Non-Hispanic White,31.7,Obesity class 1 (30-34.9),6.34,140.66666666666666,80.33333333333333,0,1,Hypertension,1
113775,67,60-79,6.7,Female,Other Hispanic,23.5,Healthy weight (18.5-24.9),4.7,115,66.33333333333333,0,0,No hypertension,0
113776,53,40-59,5.3,Male,Mexican American,47.5,Obesity class 2-3 (35+),9.5,110,60.333333333333336,0,0,No hypertension,0
113777,69,60-79,6.9,Male,Non-Hispanic Black,26.7,Overweight (25-29.9),5.34,138.33333333333334,81.33333333333333,1,1,Hypertension,1
113779,21,21-39,2.1,Male,Non-Hispanic White,19.1,Healthy weight (18.5-24.9),3.8200000000000003,104.33333333333333,55.333333333333336,0,0,No hypertension,0
113785,50,40-59,5,Female,Mexican American,29.4,Overweight (25-29.9),5.88,130.66666666666666,86,1,1,Hypertension,1
113787,71,60-79,7.1,Male,Non-Hispanic White,31.7,Obesity class 1 (30-34.9),6.34,107.66666666666667,53.666666666666664,0,0,No hypertension,0
113788,25,21-39,2.5,Female,Non-Hispanic Black,39.1,Obesity class 2-3 (35+),7.82,103.33333333333333,74,0,0,No hypertension,0
113791,24,21-39,2.4,Female,Non-Hispanic White,19.1,Healthy weight (18.5-24.9),3.8200000000000003,113,71,0,0,No hypertension,0
113792,25,21-39,2.5,Female,Other Hispanic,33.7,Obesity class 1 (30-34.9),6.74,94.33333333333333,62,0,0,No hypertension,0
113799,71,60-79,7.1,Male,Non-Hispanic White,20.3,Healthy weight (18.5-24.9),4.0600000000000005,113.66666666666667,63,0,0,No hypertension,0
113801,45,40-59,4.5,Female,Non-Hispanic White,40.1,Obesity class 2-3 (35+),8.02,148.66666666666666,109.33333333333333,1,1,Hypertension,1
113803,55,40-59,5.5,Male,Non-Hispanic Black,26.1,Overweight (25-29.9),5.220000000000001,135,78.33333333333333,0,1,Hypertension,0
113807,28,21-39,2.8,Female,Other Hispanic,31.8,Obesity class 1 (30-34.9),6.36,131.33333333333334,69.66666666666667,0,1,Hypertension,0
113808,32,21-39,3.2,Female,Non-Hispanic Black,40.7,Obesity class 2-3 (35+),8.14,104.33333333333333,75.33333333333333,0,0,No hypertension,0
113810,40,40-59,4,Male,Non-Hispanic Asian,29.9,Overweight (25-29.9),5.9799999999999995,147.66666666666666,99.33333333333333,0,1,Hypertension,1
113812,32,21-39,3.2,Female,Other Hispanic,22.2,Healthy weight (18.5-24.9),4.4399999999999995,114.33333333333333,71.66666666666667,0,0,No hypertension,0
113815,71,60-79,7.1,Male,Mexican American,25.2,Overweight (25-29.9),5.04,163,75.33333333333333,0,1,Hypertension,1
113816,49,40-59,4.9,Male,Non-Hispanic White,36.9,Obesity class 2-3 (35+),7.38,135.33333333333334,98.33333333333333,0,1,Hypertension,1
113817,49,40-59,4.9,Female,Non-Hispanic Black,33.7,Obesity class 1 (30-34.9),6.74,106.66666666666667,69,0,0,No hypertension,0
113819,60,60-79,6,Male,Non-Hispanic Black,28.2,Overweight (25-29.9),5.64,133,78.66666666666667,1,1,Hypertension,1
113820,35,21-39,3.5,Female,Non-Hispanic White,39.1,Obesity class 2-3 (35+),7.82,106.33333333333333,73.66666666666667,0,0,No hypertension,0
113822,51,40-59,5.1,Female,Non-Hispanic Asian,24.1,Healthy weight (18.5-24.9),4.82,100.33333333333333,57,0,0,No hypertension,0
113824,36,21-39,3.6,Male,Other Hispanic,28.6,Overweight (25-29.9),5.720000000000001,107.33333333333333,66.33333333333333,0,0,No hypertension,0
113825,66,60-79,6.6,Female,Non-Hispanic White,26.7,Overweight (25-29.9),5.34,115.33333333333333,61,1,1,Hypertension,1
113826,70,60-79,7,Female,Non-Hispanic Black,38.9,Obesity class 2-3 (35+),7.779999999999999,158,91.33333333333333,1,1,Hypertension,1
113828,42,40-59,4.2,Female,Mexican American,31.4,Obesity class 1 (30-34.9),6.279999999999999,99.33333333333333,65,0,0,No hypertension,0
113830,31,21-39,3.1,Female,Other/Multiracial,34.7,Obesity class 1 (30-34.9),6.94,111.33333333333333,84,0,1,Hypertension,0
113834,42,40-59,4.2,Male,Non-Hispanic Asian,24.6,Healthy weight (18.5-24.9),4.92,106.33333333333333,71.66666666666667,0,0,No hypertension,0
113838,59,40-59,5.9,Male,Non-Hispanic Asian,17,Underweight (<18.5),3.4,123.66666666666667,80.66666666666667,0,1,Hypertension,0
113839,42,40-59,4.2,Male,Non-Hispanic White,28.6,Overweight (25-29.9),5.720000000000001,135.33333333333334,89,0,1,Hypertension,0
113840,62,60-79,6.2,Male,Non-Hispanic Asian,23.6,Healthy weight (18.5-24.9),4.720000000000001,131.66666666666666,81.66666666666667,0,1,Hypertension,0
113841,57,40-59,5.7,Male,Non-Hispanic White,33.1,Obesity class 1 (30-34.9),6.62,115.66666666666667,69.33333333333333,1,1,Hypertension,1
113844,41,40-59,4.1,Female,Other Hispanic,36.9,Obesity class 2-3 (35+),7.38,110,77,0,0,No hypertension,0
113846,58,40-59,5.8,Female,Non-Hispanic White,24.2,Healthy weight (18.5-24.9),4.84,112,74,0,0,No hypertension,0
113847,51,40-59,5.1,Female,Mexican American,28.5,Overweight (25-29.9),5.7,145,85,0,1,Hypertension,1
113851,67,60-79,6.7,Male,Non-Hispanic Black,37.5,Obesity class 2-3 (35+),7.5,155.33333333333334,51,1,1,Hypertension,1
113852,78,60-79,7.8,Female,Mexican American,27.9,Overweight (25-29.9),5.58,154.66666666666666,73,1,1,Hypertension,1
113854,70,60-79,7,Female,Other Hispanic,36.2,Obesity class 2-3 (35+),7.24,127.33333333333333,60.333333333333336,1,1,Hypertension,1
113856,63,60-79,6.3,Female,Non-Hispanic White,49.1,Obesity class 2-3 (35+),9.82,99.66666666666667,63.333333333333336,1,1,Hypertension,1
113857,49,40-59,4.9,Female,Non-Hispanic Asian,24.6,Healthy weight (18.5-24.9),4.92,126.66666666666667,77.33333333333333,0,0,No hypertension,0
113859,75,60-79,7.5,Male,Non-Hispanic Asian,26.5,Overweight (25-29.9),5.3,161.66666666666666,76,0,1,Hypertension,1
113860,51,40-59,5.1,Female,Non-Hispanic Asian,28.9,Overweight (25-29.9),5.779999999999999,109.66666666666667,51,1,1,Hypertension,1
113862,61,60-79,6.1,Female,Other Hispanic,18.8,Healthy weight (18.5-24.9),3.7600000000000002,106,62.666666666666664,1,1,Hypertension,1
113863,66,60-79,6.6,Female,Non-Hispanic Black,29.8,Overweight (25-29.9),5.96,98,60.666666666666664,1,1,Hypertension,1
113866,58,40-59,5.8,Female,Non-Hispanic White,21.5,Healthy weight (18.5-24.9),4.3,134,88,1,1,Hypertension,1
113868,37,21-39,3.7,Female,Non-Hispanic White,50.7,Obesity class 2-3 (35+),10.14,121.66666666666667,81.66666666666667,1,1,Hypertension,1
113870,69,60-79,6.9,Male,Non-Hispanic Asian,23.3,Healthy weight (18.5-24.9),4.66,136.66666666666666,79,1,1,Hypertension,1
113871,71,60-79,7.1,Male,Non-Hispanic Black,29.8,Overweight (25-29.9),5.96,134,76,0,1,Hypertension,0
113872,62,60-79,6.2,Male,Non-Hispanic Black,25.6,Overweight (25-29.9),5.12,141,76.33333333333333,1,1,Hypertension,1
113874,43,40-59,4.3,Male,Other Hispanic,32,Obesity class 1 (30-34.9),6.4,109,74,0,0,No hypertension,0
113880,74,60-79,7.4,Female,Non-Hispanic White,34.6,Obesity class 1 (30-34.9),6.92,140.66666666666666,81.33333333333333,0,1,Hypertension,1
113881,67,60-79,6.7,Female,Non-Hispanic Black,33,Obesity class 1 (30-34.9),6.6,151.66666666666666,70,1,1,Hypertension,1
113888,73,60-79,7.3,Male,Non-Hispanic White,25.1,Overweight (25-29.9),5.0200000000000005,130.33333333333334,77.66666666666667,0,1,Hypertension,0
113889,60,60-79,6,Male,Non-Hispanic White,34.3,Obesity class 1 (30-34.9),6.859999999999999,127,66,0,0,No hypertension,0
113891,40,40-59,4,Female,Other/Multiracial,26.9,Overweight (25-29.9),5.38,97,57,0,0,No hypertension,0
113893,64,60-79,6.4,Male,Mexican American,26.4,Overweight (25-29.9),5.279999999999999,150.33333333333334,71.66666666666667,0,1,Hypertension,1
113897,69,60-79,6.9,Male,Non-Hispanic White,25.8,Overweight (25-29.9),5.16,145.33333333333334,80.33333333333333,0,1,Hypertension,1
113899,37,21-39,3.7,Female,Other/Multiracial,33.7,Obesity class 1 (30-34.9),6.74,98.66666666666667,73.33333333333333,0,0,No hypertension,0
113900,58,40-59,5.8,Male,Non-Hispanic White,30.2,Obesity class 1 (30-34.9),6.04,122,76.33333333333333,0,0,No hypertension,0
113903,65,60-79,6.5,Female,Non-Hispanic White,23.3,Healthy weight (18.5-24.9),4.66,120.66666666666667,72,0,0,No hypertension,0
113904,73,60-79,7.3,Female,Non-Hispanic White,40.7,Obesity class 2-3 (35+),8.14,125.33333333333333,79.66666666666667,0,0,No hypertension,0
113906,33,21-39,3.3,Male,Non-Hispanic White,25.3,Overweight (25-29.9),5.0600000000000005,128.66666666666666,76,0,0,No hypertension,0
113907,49,40-59,4.9,Female,Other Hispanic,25.6,Overweight (25-29.9),5.12,128.66666666666666,76.66666666666667,1,1,Hypertension,1
113910,38,21-39,3.8,Male,Non-Hispanic Black,27.1,Overweight (25-29.9),5.42,121.33333333333333,71,0,0,No hypertension,0
113911,70,60-79,7,Female,Mexican American,27.9,Overweight (25-29.9),5.58,90.33333333333333,59.666666666666664,0,0,No hypertension,0
113912,49,40-59,4.9,Male,Non-Hispanic Black,38.4,Obesity class 2-3 (35+),7.68,120.33333333333333,89,1,1,Hypertension,1
113913,63,60-79,6.3,Female,Non-Hispanic Asian,23.9,Healthy weight (18.5-24.9),4.779999999999999,126.33333333333333,80.33333333333333,0,1,Hypertension,0
113915,36,21-39,3.6,Female,Non-Hispanic Black,42.9,Obesity class 2-3 (35+),8.58,116.66666666666667,86.33333333333333,0,1,Hypertension,0
113917,31,21-39,3.1,Male,Other Hispanic,28.4,Overweight (25-29.9),5.68,105.33333333333333,65.33333333333333,0,0,No hypertension,0
113921,55,40-59,5.5,Female,Non-Hispanic Asian,28.2,Overweight (25-29.9),5.64,172,98,1,1,Hypertension,1
113922,58,40-59,5.8,Male,Mexican American,29.9,Overweight (25-29.9),5.9799999999999995,121.33333333333333,71,0,0,No hypertension,0
113926,77,60-79,7.7,Male,Non-Hispanic White,32.4,Obesity class 1 (30-34.9),6.4799999999999995,114.33333333333333,59.333333333333336,0,0,No hypertension,0
113928,34,21-39,3.4,Female,Non-Hispanic Asian,22.4,Healthy weight (18.5-24.9),4.4799999999999995,96.66666666666667,56.333333333333336,0,0,No hypertension,0
113934,41,40-59,4.1,Male,Non-Hispanic White,27.5,Overweight (25-29.9),5.5,121.66666666666667,76.33333333333333,0,0,No hypertension,0
113941,66,60-79,6.6,Female,Non-Hispanic White,61.6,Obesity class 2-3 (35+),12.32,79.66666666666667,55,1,1,Hypertension,1
113943,62,60-79,6.2,Male,Non-Hispanic White,26.6,Overweight (25-29.9),5.32,125.66666666666667,77.66666666666667,0,0,No hypertension,0
113944,57,40-59,5.7,Male,Non-Hispanic White,31.1,Obesity class 1 (30-34.9),6.220000000000001,115.66666666666667,73.66666666666667,1,1,Hypertension,1
113945,55,40-59,5.5,Male,Non-Hispanic Asian,25.8,Overweight (25-29.9),5.16,107.33333333333333,68.33333333333333,0,0,No hypertension,0
113946,22,21-39,2.2,Female,Other/Multiracial,29.1,Overweight (25-29.9),5.82,121,82.33333333333333,0,1,Hypertension,0
113947,31,21-39,3.1,Female,Non-Hispanic Black,32.7,Obesity class 1 (30-34.9),6.540000000000001,146.66666666666666,99.66666666666667,0,1,Hypertension,1
113951,36,21-39,3.6,Female,Non-Hispanic Black,43.7,Obesity class 2-3 (35+),8.74,113,76.66666666666667,0,0,No hypertension,0
113957,51,40-59,5.1,Male,Non-Hispanic White,24.9,Healthy weight (18.5-24.9),4.9799999999999995,139.66666666666666,78.33333333333333,1,1,Hypertension,1
113958,43,40-59,4.3,Male,Non-Hispanic Black,27.2,Overweight (25-29.9),5.4399999999999995,110.33333333333333,66.33333333333333,0,0,No hypertension,0
113967,36,21-39,3.6,Male,Non-Hispanic White,20.7,Healthy weight (18.5-24.9),4.14,119,74.33333333333333,0,0,No hypertension,0
113968,77,60-79,7.7,Female,Non-Hispanic White,23.4,Healthy weight (18.5-24.9),4.68,148.33333333333334,73.66666666666667,0,1,Hypertension,1
113969,24,21-39,2.4,Female,Non-Hispanic Asian,19.1,Healthy weight (18.5-24.9),3.8200000000000003,115.66666666666667,77.33333333333333,0,0,No hypertension,0
113971,71,60-79,7.1,Male,Non-Hispanic White,27.8,Overweight (25-29.9),5.5600000000000005,126.66666666666667,72.33333333333333,1,1,Hypertension,1
113973,62,60-79,6.2,Female,Non-Hispanic Black,30.6,Obesity class 1 (30-34.9),6.12,114.33333333333333,85,1,1,Hypertension,1
113976,21,21-39,2.1,Male,Non-Hispanic Black,38.7,Obesity class 2-3 (35+),7.74,117.33333333333333,83.66666666666667,0,1,Hypertension,0
113977,60,60-79,6,Male,Non-Hispanic White,29.4,Overweight (25-29.9),5.88,120.66666666666667,69.66666666666667,0,0,No hypertension,0
113978,77,60-79,7.7,Female,Non-Hispanic White,25.5,Overweight (25-29.9),5.1,138,57.666666666666664,1,1,Hypertension,1
113979,27,21-39,2.7,Female,Mexican American,21.4,Healthy weight (18.5-24.9),4.279999999999999,116.66666666666667,66.66666666666667,0,0,No hypertension,0
113980,43,40-59,4.3,Female,Mexican American,25.3,Overweight (25-29.9),5.0600000000000005,106.33333333333333,58.333333333333336,1,1,Hypertension,1
113981,67,60-79,6.7,Female,Non-Hispanic White,36,Obesity class 2-3 (35+),7.2,118.66666666666667,68,1,1,Hypertension,1
113982,57,40-59,5.7,Male,Other Hispanic,35.4,Obesity class 2-3 (35+),7.08,160.66666666666666,95.33333333333333,1,1,Hypertension,1
113983,66,60-79,6.6,Female,Non-Hispanic White,27.3,Overweight (25-29.9),5.46,115.66666666666667,66,0,0,No hypertension,0
113984,44,40-59,4.4,Male,Mexican American,38.3,Obesity class 2-3 (35+),7.659999999999999,124.33333333333333,82,0,1,Hypertension,0
113986,66,60-79,6.6,Male,Non-Hispanic White,34,Obesity class 1 (30-34.9),6.8,92,55.333333333333336,1,1,Hypertension,1
113987,33,21-39,3.3,Male,Non-Hispanic White,24.8,Healthy weight (18.5-24.9),4.96,118,69,0,0,No hypertension,0
113992,35,21-39,3.5,Male,Non-Hispanic White,43.8,Obesity class 2-3 (35+),8.76,140.66666666666666,82,0,1,Hypertension,1
113993,72,60-79,7.2,Female,Non-Hispanic Black,32.7,Obesity class 1 (30-34.9),6.540000000000001,116,74.33333333333333,1,1,Hypertension,1
113994,43,40-59,4.3,Male,Other Hispanic,30,Obesity class 1 (30-34.9),6,107.33333333333333,52.666666666666664,0,0,No hypertension,0
113998,53,40-59,5.3,Female,Non-Hispanic White,27.6,Overweight (25-29.9),5.5200000000000005,111.66666666666667,75,0,0,No hypertension,0
114005,41,40-59,4.1,Male,Other Hispanic,27.3,Overweight (25-29.9),5.46,118.66666666666667,67.66666666666667,0,0,No hypertension,0
114015,62,60-79,6.2,Male,Non-Hispanic White,29,Overweight (25-29.9),5.8,124.66666666666667,75.33333333333333,1,1,Hypertension,1
114017,61,60-79,6.1,Male,Mexican American,35.2,Obesity class 2-3 (35+),7.040000000000001,109.66666666666667,70,0,0,No hypertension,0
114019,74,60-79,7.4,Male,Non-Hispanic White,24,Healthy weight (18.5-24.9),4.8,132.66666666666666,63,1,1,Hypertension,1
114021,63,60-79,6.3,Male,Non-Hispanic White,26.9,Overweight (25-29.9),5.38,160.66666666666666,86.33333333333333,0,1,Hypertension,1
114023,63,60-79,6.3,Male,Non-Hispanic White,30.4,Obesity class 1 (30-34.9),6.08,129.66666666666666,87.66666666666667,0,1,Hypertension,0
114027,57,40-59,5.7,Male,Non-Hispanic Black,31,Obesity class 1 (30-34.9),6.2,148.33333333333334,98.33333333333333,1,1,Hypertension,1
114028,75,60-79,7.5,Male,Non-Hispanic White,21.2,Healthy weight (18.5-24.9),4.24,135.66666666666666,79,0,1,Hypertension,0
114030,28,21-39,2.8,Female,Non-Hispanic Black,25.9,Overweight (25-29.9),5.18,118,72.33333333333333,0,0,No hypertension,0
114032,65,60-79,6.5,Female,Non-Hispanic White,31.3,Obesity class 1 (30-34.9),6.26,118.33333333333333,71.66666666666667,0,0,No hypertension,0
114034,45,40-59,4.5,Female,Non-Hispanic White,45.4,Obesity class 2-3 (35+),9.08,98,71.66666666666667,0,0,No hypertension,0
114035,34,21-39,3.4,Male,Non-Hispanic White,31.1,Obesity class 1 (30-34.9),6.220000000000001,106.66666666666667,65.66666666666667,0,0,No hypertension,0
114036,56,40-59,5.6,Female,Non-Hispanic Black,38.4,Obesity class 2-3 (35+),7.68,137,82,1,1,Hypertension,1
114038,70,60-79,7,Female,Other Hispanic,28.7,Overweight (25-29.9),5.74,129.33333333333334,65,0,0,No hypertension,0
114040,59,40-59,5.9,Female,Non-Hispanic Black,40.1,Obesity class 2-3 (35+),8.02,142,75,0,1,Hypertension,1
114042,52,40-59,5.2,Female,Mexican American,36.7,Obesity class 2-3 (35+),7.340000000000001,130,79.66666666666667,0,1,Hypertension,0
114043,75,60-79,7.5,Female,Non-Hispanic White,42,Obesity class 2-3 (35+),8.4,148,93,1,1,Hypertension,1
114045,70,60-79,7,Male,Non-Hispanic White,36.8,Obesity class 2-3 (35+),7.359999999999999,125.66666666666667,72.33333333333333,0,0,No hypertension,0
114046,40,40-59,4,Male,Non-Hispanic White,25.2,Overweight (25-29.9),5.04,130,81.66666666666667,0,1,Hypertension,0
114048,30,21-39,3,Female,Non-Hispanic White,30,Obesity class 1 (30-34.9),6,95,62,0,0,No hypertension,0
114049,66,60-79,6.6,Female,Non-Hispanic White,39.9,Obesity class 2-3 (35+),7.9799999999999995,115,71.66666666666667,1,1,Hypertension,1
114052,73,60-79,7.3,Male,Non-Hispanic White,26.7,Overweight (25-29.9),5.34,162,86,1,1,Hypertension,1
114053,26,21-39,2.6,Male,Non-Hispanic Asian,26,Overweight (25-29.9),5.2,112.66666666666667,71.33333333333333,0,0,No hypertension,0
114054,77,60-79,7.7,Male,Non-Hispanic Black,32.1,Obesity class 1 (30-34.9),6.42,132,72,0,1,Hypertension,0
114057,25,21-39,2.5,Female,Other Hispanic,27.5,Overweight (25-29.9),5.5,105.66666666666667,62.666666666666664,0,0,No hypertension,0
114059,68,60-79,6.8,Female,Non-Hispanic Black,25.6,Overweight (25-29.9),5.12,125.33333333333333,79.33333333333333,0,0,No hypertension,0
114068,32,21-39,3.2,Female,Non-Hispanic White,24.4,Healthy weight (18.5-24.9),4.88,137.66666666666666,93.33333333333333,1,1,Hypertension,1
114069,27,21-39,2.7,Female,Non-Hispanic Black,40.4,Obesity class 2-3 (35+),8.08,106.66666666666667,72,0,0,No hypertension,0
114070,35,21-39,3.5,Female,Non-Hispanic Black,30.8,Obesity class 1 (30-34.9),6.16,182.66666666666666,102.33333333333333,0,1,Hypertension,1
114071,63,60-79,6.3,Female,Non-Hispanic Black,33.8,Obesity class 1 (30-34.9),6.76,138.33333333333334,82.33333333333333,1,1,Hypertension,1
114075,24,21-39,2.4,Female,Non-Hispanic White,18.7,Healthy weight (18.5-24.9),3.7399999999999998,110.33333333333333,72,0,0,No hypertension,0
114078,32,21-39,3.2,Female,Non-Hispanic Asian,24,Healthy weight (18.5-24.9),4.8,106.66666666666667,67.33333333333333,0,0,No hypertension,0
114081,48,40-59,4.8,Male,Non-Hispanic White,37.6,Obesity class 2-3 (35+),7.5200000000000005,137.33333333333334,89,1,1,Hypertension,1
114083,76,60-79,7.6,Male,Non-Hispanic White,25.7,Overweight (25-29.9),5.14,137.33333333333334,72.33333333333333,0,1,Hypertension,0
114084,55,40-59,5.5,Female,Non-Hispanic White,27.2,Overweight (25-29.9),5.4399999999999995,138.66666666666666,75,0,1,Hypertension,0
114087,44,40-59,4.4,Male,Other Hispanic,32.1,Obesity class 1 (30-34.9),6.42,105,68,0,0,No hypertension,0
114090,56,40-59,5.6,Female,Non-Hispanic White,28.9,Overweight (25-29.9),5.779999999999999,142.66666666666666,86.66666666666667,0,1,Hypertension,1
114092,39,21-39,3.9,Male,Non-Hispanic White,30.9,Obesity class 1 (30-34.9),6.18,124,90.33333333333333,1,1,Hypertension,1
114093,44,40-59,4.4,Female,Non-Hispanic Black,26.6,Overweight (25-29.9),5.32,145,84.66666666666667,0,1,Hypertension,1
114095,42,40-59,4.2,Female,Mexican American,43.5,Obesity class 2-3 (35+),8.7,99.66666666666667,67,0,0,No hypertension,0
114096,78,60-79,7.8,Male,Non-Hispanic White,26.6,Overweight (25-29.9),5.32,143.66666666666666,61.333333333333336,0,1,Hypertension,1
114098,54,40-59,5.4,Female,Non-Hispanic Black,25.8,Overweight (25-29.9),5.16,121.33333333333333,66.66666666666667,0,0,No hypertension,0
114099,33,21-39,3.3,Female,Non-Hispanic White,22.4,Healthy weight (18.5-24.9),4.4799999999999995,125.33333333333333,88,0,1,Hypertension,0
114101,46,40-59,4.6,Male,Other Hispanic,27.9,Overweight (25-29.9),5.58,139.33333333333334,94,0,1,Hypertension,1
114105,69,60-79,6.9,Female,Non-Hispanic Black,40.4,Obesity class 2-3 (35+),8.08,109.66666666666667,68.33333333333333,1,1,Hypertension,1
114106,75,60-79,7.5,Female,Non-Hispanic White,34.4,Obesity class 1 (30-34.9),6.88,144.66666666666666,66,1,1,Hypertension,1
114108,63,60-79,6.3,Female,Non-Hispanic White,18.8,Healthy weight (18.5-24.9),3.7600000000000002,117.33333333333333,78.66666666666667,0,0,No hypertension,0
114110,26,21-39,2.6,Male,Mexican American,23.7,Healthy weight (18.5-24.9),4.74,114.33333333333333,70.66666666666667,0,0,No hypertension,0
114112,23,21-39,2.3,Female,Other Hispanic,31.2,Obesity class 1 (30-34.9),6.24,99,64,0,0,No hypertension,0
114114,49,40-59,4.9,Female,Mexican American,31.6,Obesity class 1 (30-34.9),6.32,192,99.33333333333333,0,1,Hypertension,1
114117,54,40-59,5.4,Female,Non-Hispanic White,24.6,Healthy weight (18.5-24.9),4.92,97.33333333333333,62,0,0,No hypertension,0
114118,62,60-79,6.2,Male,Non-Hispanic White,36.1,Obesity class 2-3 (35+),7.220000000000001,151,86,0,1,Hypertension,1
114122,33,21-39,3.3,Male,Non-Hispanic Black,33.2,Obesity class 1 (30-34.9),6.640000000000001,145,97.33333333333333,0,1,Hypertension,1
114123,63,60-79,6.3,Male,Non-Hispanic Black,27.9,Overweight (25-29.9),5.58,140.33333333333334,83.33333333333333,1,1,Hypertension,1
114124,36,21-39,3.6,Female,Non-Hispanic White,31.8,Obesity class 1 (30-34.9),6.36,113,78,0,0,No hypertension,0
114125,68,60-79,6.8,Female,Non-Hispanic White,34.3,Obesity class 1 (30-34.9),6.859999999999999,116,72,0,0,No hypertension,0
114128,74,60-79,7.4,Male,Non-Hispanic White,29.6,Overweight (25-29.9),5.92,125.33333333333333,65.33333333333333,1,1,Hypertension,1
114130,63,60-79,6.3,Female,Non-Hispanic Asian,20.9,Healthy weight (18.5-24.9),4.18,116.33333333333333,73,1,1,Hypertension,1
114133,57,40-59,5.7,Male,Non-Hispanic White,25.5,Overweight (25-29.9),5.1,156,96.33333333333333,0,1,Hypertension,1
114135,21,21-39,2.1,Female,Non-Hispanic Black,23.5,Healthy weight (18.5-24.9),4.7,101,54.333333333333336,0,0,No hypertension,0
114136,30,21-39,3,Male,Other Hispanic,29.7,Overweight (25-29.9),5.9399999999999995,121,77,0,0,No hypertension,0
114141,60,60-79,6,Male,Non-Hispanic Asian,24,Healthy weight (18.5-24.9),4.8,145.66666666666666,85,0,1,Hypertension,1
114143,43,40-59,4.3,Male,Non-Hispanic Black,31,Obesity class 1 (30-34.9),6.2,171.33333333333334,117.33333333333333,0,1,Hypertension,1
114145,54,40-59,5.4,Male,Non-Hispanic Asian,22.8,Healthy weight (18.5-24.9),4.5600000000000005,108.66666666666667,66,0,0,No hypertension,0
114147,56,40-59,5.6,Female,Non-Hispanic White,27.3,Overweight (25-29.9),5.46,120.66666666666667,71.33333333333333,0,0,No hypertension,0
114148,78,60-79,7.8,Female,Non-Hispanic White,35.5,Obesity class 2-3 (35+),7.1,150,81.66666666666667,1,1,Hypertension,1
114149,49,40-59,4.9,Male,Other/Multiracial,31.9,Obesity class 1 (30-34.9),6.38,123.33333333333333,75.33333333333333,0,0,No hypertension,0
114153,27,21-39,2.7,Male,Other Hispanic,17.4,Underweight (<18.5),3.4799999999999995,121.66666666666667,67.66666666666667,0,0,No hypertension,0
114161,62,60-79,6.2,Male,Non-Hispanic White,37.5,Obesity class 2-3 (35+),7.5,122.33333333333333,78.66666666666667,0,0,No hypertension,0
114162,68,60-79,6.8,Male,Non-Hispanic Black,33.9,Obesity class 1 (30-34.9),6.779999999999999,128,72,1,1,Hypertension,1
114163,64,60-79,6.4,Female,Non-Hispanic White,27,Overweight (25-29.9),5.4,122.33333333333333,81.66666666666667,0,1,Hypertension,0
114165,50,40-59,5,Male,Non-Hispanic White,27,Overweight (25-29.9),5.4,122.33333333333333,83.33333333333333,0,1,Hypertension,0
114168,25,21-39,2.5,Male,Non-Hispanic White,27.7,Overweight (25-29.9),5.54,114,87.33333333333333,0,1,Hypertension,0
114169,71,60-79,7.1,Male,Non-Hispanic Black,23.7,Healthy weight (18.5-24.9),4.74,145.66666666666666,73.66666666666667,1,1,Hypertension,1
114172,54,40-59,5.4,Male,Non-Hispanic White,31.2,Obesity class 1 (30-34.9),6.24,103.33333333333333,73,0,0,No hypertension,0
114173,55,40-59,5.5,Male,Non-Hispanic White,27.2,Overweight (25-29.9),5.4399999999999995,140,72,0,1,Hypertension,1
114178,51,40-59,5.1,Male,Non-Hispanic Black,29.1,Overweight (25-29.9),5.82,113,73.33333333333333,0,0,No hypertension,0
114179,69,60-79,6.9,Male,Non-Hispanic Black,37.4,Obesity class 2-3 (35+),7.4799999999999995,148,88.66666666666667,1,1,Hypertension,1
114181,60,60-79,6,Female,Non-Hispanic White,36.6,Obesity class 2-3 (35+),7.32,141.33333333333334,89.66666666666667,1,1,Hypertension,1
114182,67,60-79,6.7,Female,Non-Hispanic Black,40.3,Obesity class 2-3 (35+),8.059999999999999,164,92.66666666666667,1,1,Hypertension,1
114183,36,21-39,3.6,Female,Non-Hispanic White,22.4,Healthy weight (18.5-24.9),4.4799999999999995,106.33333333333333,62.333333333333336,0,0,No hypertension,0
114184,79,60-79,7.9,Female,Non-Hispanic White,29.1,Overweight (25-29.9),5.82,158.66666666666666,75,1,1,Hypertension,1
114185,72,60-79,7.2,Female,Other Hispanic,23.5,Healthy weight (18.5-24.9),4.7,112,51.333333333333336,0,0,No hypertension,0
114186,76,60-79,7.6,Male,Other/Multiracial,19.9,Healthy weight (18.5-24.9),3.9799999999999995,122.66666666666667,60.333333333333336,0,0,No hypertension,0
114187,24,21-39,2.4,Female,Non-Hispanic White,17.7,Underweight (<18.5),3.54,98,51,0,0,No hypertension,0
114188,45,40-59,4.5,Male,Mexican American,24.3,Healthy weight (18.5-24.9),4.86,148.66666666666666,91.66666666666667,0,1,Hypertension,1
114189,73,60-79,7.3,Male,Non-Hispanic White,33,Obesity class 1 (30-34.9),6.6,134.66666666666666,65.33333333333333,0,1,Hypertension,0
114194,42,40-59,4.2,Male,Other/Multiracial,23.1,Healthy weight (18.5-24.9),4.62,123,80,0,1,Hypertension,0
114195,46,40-59,4.6,Female,Non-Hispanic Black,24.9,Healthy weight (18.5-24.9),4.9799999999999995,142.66666666666666,86,1,1,Hypertension,1
114197,58,40-59,5.8,Female,Other Hispanic,29.5,Overweight (25-29.9),5.9,122.66666666666667,76.33333333333333,1,1,Hypertension,1
114199,34,21-39,3.4,Female,Non-Hispanic White,33,Obesity class 1 (30-34.9),6.6,102.66666666666667,69.66666666666667,0,0,No hypertension,0
114203,61,60-79,6.1,Male,Non-Hispanic Black,21.9,Healthy weight (18.5-24.9),4.38,107,67.66666666666667,1,1,Hypertension,1
114211,30,21-39,3,Male,Non-Hispanic Black,23.6,Healthy weight (18.5-24.9),4.720000000000001,110,68,0,0,No hypertension,0
114212,66,60-79,6.6,Female,Non-Hispanic Asian,23.7,Healthy weight (18.5-24.9),4.74,142,72.33333333333333,0,1,Hypertension,1
114213,79,60-79,7.9,Male,Non-Hispanic White,31.4,Obesity class 1 (30-34.9),6.279999999999999,138.33333333333334,91.66666666666667,1,1,Hypertension,1
114219,63,60-79,6.3,Female,Other Hispanic,28.3,Overweight (25-29.9),5.66,120.66666666666667,78.66666666666667,1,1,Hypertension,1
114220,22,21-39,2.2,Male,Non-Hispanic Black,22.2,Healthy weight (18.5-24.9),4.4399999999999995,120.33333333333333,66,0,0,No hypertension,0
114222,42,40-59,4.2,Female,Mexican American,25,Overweight (25-29.9),5,125,79.33333333333333,0,0,No hypertension,0
114225,25,21-39,2.5,Female,Non-Hispanic Asian,27.7,Overweight (25-29.9),5.54,117.66666666666667,80.66666666666667,0,1,Hypertension,0
114227,28,21-39,2.8,Female,Non-Hispanic Black,19.1,Healthy weight (18.5-24.9),3.8200000000000003,98,56.666666666666664,0,0,No hypertension,0
114228,22,21-39,2.2,Male,Non-Hispanic White,32.5,Obesity class 1 (30-34.9),6.5,112.66666666666667,66.66666666666667,0,0,No hypertension,0
114229,46,40-59,4.6,Female,Non-Hispanic Black,52.4,Obesity class 2-3 (35+),10.48,141,101.66666666666667,0,1,Hypertension,1
114231,57,40-59,5.7,Female,Non-Hispanic Asian,26,Overweight (25-29.9),5.2,118.66666666666667,72.66666666666667,0,0,No hypertension,0
114235,69,60-79,6.9,Female,Non-Hispanic Black,48.2,Obesity class 2-3 (35+),9.64,110.33333333333333,61.666666666666664,1,1,Hypertension,1
114236,38,21-39,3.8,Male,Mexican American,37.2,Obesity class 2-3 (35+),7.44,135.66666666666666,86.66666666666667,0,1,Hypertension,0
114237,52,40-59,5.2,Female,Non-Hispanic Asian,25.5,Overweight (25-29.9),5.1,129.66666666666666,77.33333333333333,1,1,Hypertension,1
114240,76,60-79,7.6,Female,Non-Hispanic White,31.3,Obesity class 1 (30-34.9),6.26,109.66666666666667,63.333333333333336,1,1,Hypertension,1
114243,78,60-79,7.8,Female,Non-Hispanic White,29.1,Overweight (25-29.9),5.82,162.33333333333334,69,1,1,Hypertension,1
114244,24,21-39,2.4,Male,Mexican American,32.1,Obesity class 1 (30-34.9),6.42,110,61,0,0,No hypertension,0
114247,75,60-79,7.5,Male,Non-Hispanic White,26.4,Overweight (25-29.9),5.279999999999999,126.66666666666667,63,1,1,Hypertension,1
114248,69,60-79,6.9,Male,Non-Hispanic Asian,21.8,Healthy weight (18.5-24.9),4.36,125,63.333333333333336,1,1,Hypertension,1
114251,60,60-79,6,Male,Other Hispanic,28.8,Overweight (25-29.9),5.76,123.33333333333333,78,0,0,No hypertension,0
114257,41,40-59,4.1,Male,Mexican American,26.4,Overweight (25-29.9),5.279999999999999,130.66666666666666,80,0,1,Hypertension,0
114259,34,21-39,3.4,Male,Non-Hispanic Black,33.6,Obesity class 1 (30-34.9),6.720000000000001,122.66666666666667,77.66666666666667,1,1,Hypertension,1
114260,41,40-59,4.1,Male,Non-Hispanic Black,20.3,Healthy weight (18.5-24.9),4.0600000000000005,162,101,1,1,Hypertension,1
114261,64,60-79,6.4,Female,Non-Hispanic White,31.3,Obesity class 1 (30-34.9),6.26,150,70,1,1,Hypertension,1
114268,62,60-79,6.2,Female,Non-Hispanic Black,34.9,Obesity class 1 (30-34.9),6.9799999999999995,118,67.33333333333333,1,1,Hypertension,1
114269,75,60-79,7.5,Female,Non-Hispanic Asian,32.6,Obesity class 1 (30-34.9),6.5200000000000005,137.66666666666666,75.66666666666667,1,1,Hypertension,1
114272,27,21-39,2.7,Female,Non-Hispanic Black,20.5,Healthy weight (18.5-24.9),4.1,119,80.33333333333333,0,1,Hypertension,0
114273,52,40-59,5.2,Male,Mexican American,27.1,Overweight (25-29.9),5.42,153,101.33333333333333,1,1,Hypertension,1
114274,54,40-59,5.4,Female,Mexican American,30.8,Obesity class 1 (30-34.9),6.16,96.66666666666667,64.33333333333333,0,0,No hypertension,0
114276,42,40-59,4.2,Male,Non-Hispanic White,30.9,Obesity class 1 (30-34.9),6.18,116.66666666666667,74,0,0,No hypertension,0
114287,49,40-59,4.9,Female,Non-Hispanic Black,28.1,Overweight (25-29.9),5.62,120,76,0,0,No hypertension,0
114291,42,40-59,4.2,Male,Non-Hispanic Black,31.2,Obesity class 1 (30-34.9),6.24,127.66666666666667,83.66666666666667,0,1,Hypertension,0
114293,54,40-59,5.4,Male,Other Hispanic,32.6,Obesity class 1 (30-34.9),6.5200000000000005,114.66666666666667,73.66666666666667,1,1,Hypertension,1
114294,28,21-39,2.8,Female,Non-Hispanic White,36.5,Obesity class 2-3 (35+),7.3,105,72.33333333333333,0,0,No hypertension,0
114303,42,40-59,4.2,Male,Non-Hispanic Black,21.9,Healthy weight (18.5-24.9),4.38,116.33333333333333,72.33333333333333,0,0,No hypertension,0
114305,64,60-79,6.4,Female,Non-Hispanic White,31.7,Obesity class 1 (30-34.9),6.34,151.66666666666666,95.33333333333333,0,1,Hypertension,1
114307,61,60-79,6.1,Male,Non-Hispanic Black,19.5,Healthy weight (18.5-24.9),3.9,130.66666666666666,82,1,1,Hypertension,1
114311,58,40-59,5.8,Male,Non-Hispanic Black,19.7,Healthy weight (18.5-24.9),3.94,126,70.66666666666667,1,1,Hypertension,1
114312,33,21-39,3.3,Female,Mexican American,25.2,Overweight (25-29.9),5.04,95.66666666666667,54.333333333333336,0,0,No hypertension,0
114314,21,21-39,2.1,Female,Mexican American,37.8,Obesity class 2-3 (35+),7.56,105.33333333333333,74.33333333333333,0,0,No hypertension,0
114320,55,40-59,5.5,Female,Non-Hispanic White,31.7,Obesity class 1 (30-34.9),6.34,120.33333333333333,81,1,1,Hypertension,1
114323,70,60-79,7,Female,Non-Hispanic White,24.9,Healthy weight (18.5-24.9),4.9799999999999995,115,57.333333333333336,0,0,No hypertension,0
114324,70,60-79,7,Female,Mexican American,26.8,Overweight (25-29.9),5.36,112,65.66666666666667,0,0,No hypertension,0
114327,39,21-39,3.9,Female,Non-Hispanic White,34.7,Obesity class 1 (30-34.9),6.94,135,90,0,1,Hypertension,1
114329,28,21-39,2.8,Male,Mexican American,32.7,Obesity class 1 (30-34.9),6.540000000000001,121.66666666666667,91.66666666666667,1,1,Hypertension,1
114331,63,60-79,6.3,Female,Non-Hispanic Asian,24.8,Healthy weight (18.5-24.9),4.96,134.33333333333334,81,0,1,Hypertension,0
114333,21,21-39,2.1,Female,Non-Hispanic White,26.5,Overweight (25-29.9),5.3,107.66666666666667,70.66666666666667,0,0,No hypertension,0
114334,51,40-59,5.1,Female,Non-Hispanic White,20.4,Healthy weight (18.5-24.9),4.08,111.33333333333333,68.66666666666667,0,0,No hypertension,0
114336,43,40-59,4.3,Male,Non-Hispanic Black,31.5,Obesity class 1 (30-34.9),6.3,141,91.66666666666667,0,1,Hypertension,1
114337,62,60-79,6.2,Female,Non-Hispanic Black,33.2,Obesity class 1 (30-34.9),6.640000000000001,131.33333333333334,88.66666666666667,1,1,Hypertension,1
114338,40,40-59,4,Female,Non-Hispanic White,28.4,Overweight (25-29.9),5.68,110,74.33333333333333,0,0,No hypertension,0
114339,33,21-39,3.3,Male,Non-Hispanic Black,20,Healthy weight (18.5-24.9),4,135.33333333333334,90.66666666666667,0,1,Hypertension,1
114340,30,21-39,3,Male,Other Hispanic,34.9,Obesity class 1 (30-34.9),6.9799999999999995,109.33333333333333,78.33333333333333,0,0,No hypertension,0
114342,23,21-39,2.3,Female,Non-Hispanic White,23.5,Healthy weight (18.5-24.9),4.7,91.33333333333333,60.333333333333336,0,0,No hypertension,0
114345,37,21-39,3.7,Female,Mexican American,32.5,Obesity class 1 (30-34.9),6.5,99.66666666666667,57.666666666666664,0,0,No hypertension,0
114346,74,60-79,7.4,Female,Non-Hispanic White,30.6,Obesity class 1 (30-34.9),6.12,135.33333333333334,79.66666666666667,0,1,Hypertension,0
114349,63,60-79,6.3,Female,Non-Hispanic Black,27.9,Overweight (25-29.9),5.58,129,77,0,0,No hypertension,0
114351,74,60-79,7.4,Female,Non-Hispanic Black,38.8,Obesity class 2-3 (35+),7.76,123.33333333333333,65,1,1,Hypertension,1
114353,59,40-59,5.9,Male,Non-Hispanic White,28.3,Overweight (25-29.9),5.66,119.33333333333333,83,1,1,Hypertension,1
114354,37,21-39,3.7,Male,Other Hispanic,31.6,Obesity class 1 (30-34.9),6.32,129,82,0,1,Hypertension,0
114360,28,21-39,2.8,Female,Non-Hispanic White,21.3,Healthy weight (18.5-24.9),4.26,105,66.66666666666667,0,0,No hypertension,0
114361,21,21-39,2.1,Male,Non-Hispanic Asian,32.2,Obesity class 1 (30-34.9),6.44,123.66666666666667,77.33333333333333,0,0,No hypertension,0
114364,71,60-79,7.1,Male,Other/Multiracial,22.5,Healthy weight (18.5-24.9),4.5,129.33333333333334,76.66666666666667,0,0,No hypertension,0
114366,79,60-79,7.9,Female,Mexican American,25.3,Overweight (25-29.9),5.0600000000000005,165.33333333333334,82,1,1,Hypertension,1
114367,54,40-59,5.4,Female,Non-Hispanic Asian,29.7,Overweight (25-29.9),5.9399999999999995,130,75,0,1,Hypertension,0
114369,56,40-59,5.6,Female,Non-Hispanic Asian,19.7,Healthy weight (18.5-24.9),3.94,98,68.33333333333333,0,0,No hypertension,0
114372,45,40-59,4.5,Male,Non-Hispanic White,22.5,Healthy weight (18.5-24.9),4.5,141.66666666666666,81.66666666666667,0,1,Hypertension,1
114374,25,21-39,2.5,Male,Non-Hispanic White,27.4,Overweight (25-29.9),5.4799999999999995,134.66666666666666,73,0,1,Hypertension,0
114375,31,21-39,3.1,Female,Other/Multiracial,52.3,Obesity class 2-3 (35+),10.459999999999999,127,81,0,1,Hypertension,0
114376,33,21-39,3.3,Male,Non-Hispanic White,22.3,Healthy weight (18.5-24.9),4.46,123.66666666666667,70,0,0,No hypertension,0
114377,41,40-59,4.1,Female,Mexican American,24.3,Healthy weight (18.5-24.9),4.86,103.66666666666667,63.333333333333336,0,0,No hypertension,0
114379,33,21-39,3.3,Male,Non-Hispanic White,23.9,Healthy weight (18.5-24.9),4.779999999999999,125.66666666666667,71.66666666666667,0,0,No hypertension,0
114380,47,40-59,4.7,Male,Non-Hispanic White,28.3,Overweight (25-29.9),5.66,110,73.66666666666667,0,0,No hypertension,0
114387,30,21-39,3,Female,Non-Hispanic White,25.9,Overweight (25-29.9),5.18,107.66666666666667,72.66666666666667,0,0,No hypertension,0
114388,52,40-59,5.2,Female,Other Hispanic,25.2,Overweight (25-29.9),5.04,150.66666666666666,92.66666666666667,0,1,Hypertension,1
114389,63,60-79,6.3,Male,Non-Hispanic White,35.8,Obesity class 2-3 (35+),7.159999999999999,108.66666666666667,67.66666666666667,1,1,Hypertension,1
114391,47,40-59,4.7,Male,Mexican American,23.1,Healthy weight (18.5-24.9),4.62,99.33333333333333,61,0,0,No hypertension,0
114393,23,21-39,2.3,Male,Non-Hispanic White,27.9,Overweight (25-29.9),5.58,118.66666666666667,74.66666666666667,0,0,No hypertension,0
114403,54,40-59,5.4,Female,Non-Hispanic Black,19.5,Healthy weight (18.5-24.9),3.9,121.66666666666667,73,0,0,No hypertension,0
114404,60,60-79,6,Male,Non-Hispanic Black,31.5,Obesity class 1 (30-34.9),6.3,155,85.66666666666667,1,1,Hypertension,1
114405,36,21-39,3.6,Female,Mexican American,28.2,Overweight (25-29.9),5.64,98.66666666666667,57.333333333333336,0,0,No hypertension,0
114406,60,60-79,6,Female,Mexican American,33,Obesity class 1 (30-34.9),6.6,137.33333333333334,83,1,1,Hypertension,1
114407,66,60-79,6.6,Male,Mexican American,30.1,Obesity class 1 (30-34.9),6.0200000000000005,135.33333333333334,77.33333333333333,1,1,Hypertension,1
114410,68,60-79,6.8,Male,Other/Multiracial,24.9,Healthy weight (18.5-24.9),4.9799999999999995,127.66666666666667,60,1,1,Hypertension,1
114412,45,40-59,4.5,Female,Mexican American,21.5,Healthy weight (18.5-24.9),4.3,109.66666666666667,62,0,0,No hypertension,0
114413,59,40-59,5.9,Female,Non-Hispanic White,25.2,Overweight (25-29.9),5.04,101.33333333333333,68,1,1,Hypertension,1
114414,72,60-79,7.2,Male,Non-Hispanic White,21.3,Healthy weight (18.5-24.9),4.26,157.33333333333334,82.66666666666667,0,1,Hypertension,1
114415,36,21-39,3.6,Male,Mexican American,27.4,Overweight (25-29.9),5.4799999999999995,118.66666666666667,63,0,0,No hypertension,0
114417,42,40-59,4.2,Male,Non-Hispanic Black,35.9,Obesity class 2-3 (35+),7.18,149,93,0,1,Hypertension,1
114419,47,40-59,4.7,Male,Other Hispanic,32.4,Obesity class 1 (30-34.9),6.4799999999999995,141.66666666666666,98,1,1,Hypertension,1
114420,77,60-79,7.7,Female,Non-Hispanic White,20.8,Healthy weight (18.5-24.9),4.16,144.66666666666666,79.33333333333333,0,1,Hypertension,1
114422,38,21-39,3.8,Female,Mexican American,36.9,Obesity class 2-3 (35+),7.38,116,85.33333333333333,0,1,Hypertension,0
114423,63,60-79,6.3,Female,Non-Hispanic Asian,21.5,Healthy weight (18.5-24.9),4.3,133.33333333333334,74.66666666666667,0,1,Hypertension,0
114425,43,40-59,4.3,Female,Other Hispanic,31.1,Obesity class 1 (30-34.9),6.220000000000001,103.66666666666667,63.666666666666664,0,0,No hypertension,0
114427,48,40-59,4.8,Female,Non-Hispanic Black,36.3,Obesity class 2-3 (35+),7.26,160.66666666666666,96.33333333333333,0,1,Hypertension,1
114429,69,60-79,6.9,Female,Non-Hispanic Black,26.6,Overweight (25-29.9),5.32,166,80.66666666666667,1,1,Hypertension,1
114430,36,21-39,3.6,Female,Non-Hispanic White,24.3,Healthy weight (18.5-24.9),4.86,110.66666666666667,70.33333333333333,0,0,No hypertension,0
114431,55,40-59,5.5,Female,Non-Hispanic Asian,27.8,Overweight (25-29.9),5.5600000000000005,124,83.66666666666667,1,1,Hypertension,1
114434,54,40-59,5.4,Female,Non-Hispanic Black,35.7,Obesity class 2-3 (35+),7.140000000000001,205.66666666666666,107.66666666666667,0,1,Hypertension,1
114438,48,40-59,4.8,Male,Non-Hispanic Asian,26.5,Overweight (25-29.9),5.3,97.33333333333333,59.666666666666664,0,0,No hypertension,0
114444,68,60-79,6.8,Male,Non-Hispanic White,30.2,Obesity class 1 (30-34.9),6.04,107,64.33333333333333,0,0,No hypertension,0
114445,69,60-79,6.9,Female,Non-Hispanic Black,35.9,Obesity class 2-3 (35+),7.18,135,82.66666666666667,0,1,Hypertension,0
114446,49,40-59,4.9,Male,Non-Hispanic White,27.6,Overweight (25-29.9),5.5200000000000005,126.33333333333333,85,0,1,Hypertension,0
114448,40,40-59,4,Female,Non-Hispanic White,26.5,Overweight (25-29.9),5.3,119.33333333333333,77,0,0,No hypertension,0
114449,48,40-59,4.8,Female,Other/Multiracial,32.8,Obesity class 1 (30-34.9),6.56,120.33333333333333,84.66666666666667,0,1,Hypertension,0
114450,65,60-79,6.5,Male,Non-Hispanic White,43.3,Obesity class 2-3 (35+),8.66,128.33333333333334,70,1,1,Hypertension,1
114453,39,21-39,3.9,Female,Non-Hispanic Black,28.5,Overweight (25-29.9),5.7,147.33333333333334,98.66666666666667,0,1,Hypertension,1
114456,65,60-79,6.5,Male,Non-Hispanic Asian,26.8,Overweight (25-29.9),5.36,144.66666666666666,93,1,1,Hypertension,1
114458,45,40-59,4.5,Male,Non-Hispanic Asian,19.4,Healthy weight (18.5-24.9),3.88,108,68,0,0,No hypertension,0
114461,69,60-79,6.9,Female,Other/Multiracial,35,Obesity class 2-3 (35+),7,137,83.66666666666667,0,1,Hypertension,0
114462,74,60-79,7.4,Female,Non-Hispanic White,45.7,Obesity class 2-3 (35+),9.14,106,65,0,0,No hypertension,0
114466,27,21-39,2.7,Female,Other Hispanic,33.6,Obesity class 1 (30-34.9),6.720000000000001,95.66666666666667,66,0,0,No hypertension,0
114467,52,40-59,5.2,Male,Mexican American,25.1,Overweight (25-29.9),5.0200000000000005,117,80,1,1,Hypertension,1
114470,31,21-39,3.1,Male,Non-Hispanic Asian,22.6,Healthy weight (18.5-24.9),4.5200000000000005,112.66666666666667,73.66666666666667,0,0,No hypertension,0
114472,29,21-39,2.9,Male,Non-Hispanic Black,37.1,Obesity class 2-3 (35+),7.42,109.33333333333333,78.66666666666667,0,0,No hypertension,0
114473,73,60-79,7.3,Male,Non-Hispanic White,21.9,Healthy weight (18.5-24.9),4.38,125.66666666666667,62.666666666666664,0,0,No hypertension,0
114475,60,60-79,6,Male,Non-Hispanic White,26.7,Overweight (25-29.9),5.34,141.33333333333334,89,1,1,Hypertension,1
114477,22,21-39,2.2,Female,Non-Hispanic White,50,Obesity class 2-3 (35+),10,114.33333333333333,79.33333333333333,0,0,No hypertension,0
114478,30,21-39,3,Female,Mexican American,17,Underweight (<18.5),3.4,111,60.666666666666664,0,0,No hypertension,0
114481,50,40-59,5,Male,Non-Hispanic White,27.9,Overweight (25-29.9),5.58,133.33333333333334,85,1,1,Hypertension,1
114483,69,60-79,6.9,Female,Non-Hispanic White,35.8,Obesity class 2-3 (35+),7.159999999999999,128.33333333333334,74.33333333333333,1,1,Hypertension,1
114487,55,40-59,5.5,Male,Other Hispanic,33.5,Obesity class 1 (30-34.9),6.7,163.33333333333334,99.66666666666667,1,1,Hypertension,1
114491,63,60-79,6.3,Male,Non-Hispanic Black,28.6,Overweight (25-29.9),5.720000000000001,145.33333333333334,73.66666666666667,0,1,Hypertension,1
114493,45,40-59,4.5,Female,Non-Hispanic White,38.7,Obesity class 2-3 (35+),7.74,122.66666666666667,91.66666666666667,1,1,Hypertension,1
114497,56,40-59,5.6,Male,Non-Hispanic White,34.4,Obesity class 1 (30-34.9),6.88,128.66666666666666,82.33333333333333,0,1,Hypertension,0
114498,43,40-59,4.3,Male,Non-Hispanic Asian,23.6,Healthy weight (18.5-24.9),4.720000000000001,120.66666666666667,79.33333333333333,0,0,No hypertension,0
114499,65,60-79,6.5,Female,Mexican American,26.3,Overweight (25-29.9),5.26,129,78.66666666666667,0,0,No hypertension,0
114500,67,60-79,6.7,Male,Non-Hispanic White,23.5,Healthy weight (18.5-24.9),4.7,96.33333333333333,64.66666666666667,0,0,No hypertension,0
114505,41,40-59,4.1,Female,Non-Hispanic Asian,24.6,Healthy weight (18.5-24.9),4.92,108,64,0,0,No hypertension,0
114507,46,40-59,4.6,Female,Mexican American,32.6,Obesity class 1 (30-34.9),6.5200000000000005,123.66666666666667,78,0,0,No hypertension,0
114510,32,21-39,3.2,Female,Other Hispanic,42.5,Obesity class 2-3 (35+),8.5,107.33333333333333,79.33333333333333,0,0,No hypertension,0
114512,30,21-39,3,Female,Non-Hispanic Black,36.2,Obesity class 2-3 (35+),7.24,119.33333333333333,86.33333333333333,0,1,Hypertension,0
114514,29,21-39,2.9,Male,Non-Hispanic Black,34,Obesity class 1 (30-34.9),6.8,96.66666666666667,67.33333333333333,0,0,No hypertension,0
114519,50,40-59,5,Male,Non-Hispanic Asian,26.4,Overweight (25-29.9),5.279999999999999,125.66666666666667,85,0,1,Hypertension,0
114520,43,40-59,4.3,Female,Non-Hispanic Black,44.3,Obesity class 2-3 (35+),8.86,131.66666666666666,86,0,1,Hypertension,0
114527,55,40-59,5.5,Female,Other Hispanic,26.9,Overweight (25-29.9),5.38,112,74,0,0,No hypertension,0
114529,78,60-79,7.8,Female,Non-Hispanic White,33.3,Obesity class 1 (30-34.9),6.659999999999999,115.66666666666667,67.66666666666667,1,1,Hypertension,1
114530,52,40-59,5.2,Female,Non-Hispanic Asian,26.4,Overweight (25-29.9),5.279999999999999,142,74.66666666666667,1,1,Hypertension,1
114531,29,21-39,2.9,Female,Non-Hispanic Black,28.4,Overweight (25-29.9),5.68,101.33333333333333,58,1,1,Hypertension,1
114532,68,60-79,6.8,Female,Non-Hispanic White,24.1,Healthy weight (18.5-24.9),4.82,136.66666666666666,55,1,1,Hypertension,1
114533,23,21-39,2.3,Female,Non-Hispanic White,27.7,Overweight (25-29.9),5.54,100,60.666666666666664,0,0,No hypertension,0
114539,69,60-79,6.9,Female,Non-Hispanic Black,27.9,Overweight (25-29.9),5.58,115.66666666666667,69.66666666666667,1,1,Hypertension,1
114540,70,60-79,7,Male,Other Hispanic,25.1,Overweight (25-29.9),5.0200000000000005,183.33333333333334,69,0,1,Hypertension,1
114542,45,40-59,4.5,Female,Non-Hispanic White,23.9,Healthy weight (18.5-24.9),4.779999999999999,136.66666666666666,81.33333333333333,0,1,Hypertension,0
114543,32,21-39,3.2,Male,Non-Hispanic White,26.6,Overweight (25-29.9),5.32,115.33333333333333,73.66666666666667,0,0,No hypertension,0
114546,45,40-59,4.5,Female,Mexican American,38.6,Obesity class 2-3 (35+),7.720000000000001,137,89.66666666666667,0,1,Hypertension,0
114547,64,60-79,6.4,Male,Non-Hispanic White,32.8,Obesity class 1 (30-34.9),6.56,117.33333333333333,67.33333333333333,1,1,Hypertension,1
114548,46,40-59,4.6,Male,Non-Hispanic White,26.4,Overweight (25-29.9),5.279999999999999,123.33333333333333,70,0,0,No hypertension,0
114553,43,40-59,4.3,Female,Non-Hispanic Black,21.7,Healthy weight (18.5-24.9),4.34,127.33333333333333,81,0,1,Hypertension,0
114555,45,40-59,4.5,Female,Non-Hispanic Asian,19.4,Healthy weight (18.5-24.9),3.88,121.66666666666667,79.33333333333333,1,1,Hypertension,1
114559,33,21-39,3.3,Female,Non-Hispanic White,23.5,Healthy weight (18.5-24.9),4.7,105,59.333333333333336,0,0,No hypertension,0
114560,46,40-59,4.6,Male,Mexican American,26.4,Overweight (25-29.9),5.279999999999999,105,60.333333333333336,0,0,No hypertension,0
114573,45,40-59,4.5,Male,Other Hispanic,24.3,Healthy weight (18.5-24.9),4.86,117,68.66666666666667,0,0,No hypertension,0
114575,29,21-39,2.9,Female,Non-Hispanic Asian,26.9,Overweight (25-29.9),5.38,118.33333333333333,77.33333333333333,0,0,No hypertension,0
114578,41,40-59,4.1,Female,Non-Hispanic Black,26.7,Overweight (25-29.9),5.34,124,81,0,1,Hypertension,0
114579,71,60-79,7.1,Male,Other Hispanic,31.8,Obesity class 1 (30-34.9),6.36,126,74.66666666666667,0,0,No hypertension,0
114585,55,40-59,5.5,Female,Non-Hispanic White,32.8,Obesity class 1 (30-34.9),6.56,118.33333333333333,81.33333333333333,0,1,Hypertension,0
114586,64,60-79,6.4,Female,Non-Hispanic White,37.3,Obesity class 2-3 (35+),7.459999999999999,131,89.33333333333333,0,1,Hypertension,0
114590,33,21-39,3.3,Female,Mexican American,28.8,Overweight (25-29.9),5.76,106,61.333333333333336,0,0,No hypertension,0
114591,61,60-79,6.1,Female,Non-Hispanic White,34,Obesity class 1 (30-34.9),6.8,120,68,1,1,Hypertension,1
114594,41,40-59,4.1,Male,Non-Hispanic White,27.2,Overweight (25-29.9),5.4399999999999995,101,64.33333333333333,0,0,No hypertension,0
114595,25,21-39,2.5,Female,Other/Multiracial,29.4,Overweight (25-29.9),5.88,100,67,0,0,No hypertension,0
114596,78,60-79,7.8,Male,Other Hispanic,26.8,Overweight (25-29.9),5.36,159.33333333333334,92,1,1,Hypertension,1
114601,40,40-59,4,Female,Non-Hispanic Asian,21.6,Healthy weight (18.5-24.9),4.32,108.66666666666667,68,0,0,No hypertension,0
114606,55,40-59,5.5,Female,Non-Hispanic Black,15.5,Underweight (<18.5),3.1,106.66666666666667,69.66666666666667,0,0,No hypertension,0
114608,49,40-59,4.9,Male,Mexican American,35.2,Obesity class 2-3 (35+),7.040000000000001,130.33333333333334,96.66666666666667,1,1,Hypertension,1
114610,38,21-39,3.8,Male,Mexican American,25.6,Overweight (25-29.9),5.12,103,59,0,0,No hypertension,0
114611,61,60-79,6.1,Female,Non-Hispanic White,28,Overweight (25-29.9),5.6,137,85.66666666666667,1,1,Hypertension,1
114612,40,40-59,4,Female,Non-Hispanic Black,27.2,Overweight (25-29.9),5.4399999999999995,126.66666666666667,80.33333333333333,1,1,Hypertension,1
114614,37,21-39,3.7,Male,Non-Hispanic Asian,35.2,Obesity class 2-3 (35+),7.040000000000001,115.66666666666667,73.66666666666667,0,0,No hypertension,0
114616,63,60-79,6.3,Male,Non-Hispanic White,29,Overweight (25-29.9),5.8,119.33333333333333,67.66666666666667,1,1,Hypertension,1
114620,51,40-59,5.1,Female,Non-Hispanic White,31.5,Obesity class 1 (30-34.9),6.3,127.33333333333333,84,0,1,Hypertension,0
114621,30,21-39,3,Male,Non-Hispanic Black,23.9,Healthy weight (18.5-24.9),4.779999999999999,118.33333333333333,72.33333333333333,0,0,No hypertension,0
114622,72,60-79,7.2,Male,Non-Hispanic White,30.1,Obesity class 1 (30-34.9),6.0200000000000005,126.66666666666667,70.33333333333333,1,1,Hypertension,1
114624,43,40-59,4.3,Male,Non-Hispanic Black,35.7,Obesity class 2-3 (35+),7.140000000000001,118.66666666666667,83.66666666666667,0,1,Hypertension,0
114626,53,40-59,5.3,Female,Non-Hispanic Black,38.2,Obesity class 2-3 (35+),7.640000000000001,145.33333333333334,94.66666666666667,0,1,Hypertension,1
114631,37,21-39,3.7,Female,Non-Hispanic White,26.7,Overweight (25-29.9),5.34,103,63,0,0,No hypertension,0
114632,49,40-59,4.9,Female,Non-Hispanic White,42.3,Obesity class 2-3 (35+),8.459999999999999,162.33333333333334,113,0,1,Hypertension,1
114633,35,21-39,3.5,Female,Other Hispanic,26.9,Overweight (25-29.9),5.38,93.33333333333333,55.666666666666664,0,0,No hypertension,0
114634,32,21-39,3.2,Female,Non-Hispanic White,22.6,Healthy weight (18.5-24.9),4.5200000000000005,109.66666666666667,67.33333333333333,0,0,No hypertension,0
114636,50,40-59,5,Male,Other Hispanic,33.1,Obesity class 1 (30-34.9),6.62,137.66666666666666,91.33333333333333,0,1,Hypertension,1
114637,59,40-59,5.9,Female,Mexican American,37.4,Obesity class 2-3 (35+),7.4799999999999995,120.33333333333333,75.33333333333333,1,1,Hypertension,1
114638,43,40-59,4.3,Male,Other Hispanic,43.7,Obesity class 2-3 (35+),8.74,123,78.66666666666667,1,1,Hypertension,1
114640,33,21-39,3.3,Female,Non-Hispanic White,29.8,Overweight (25-29.9),5.96,101.66666666666667,58,0,0,No hypertension,0
114641,26,21-39,2.6,Female,Non-Hispanic Asian,17.7,Underweight (<18.5),3.54,100,66.33333333333333,0,0,No hypertension,0
114643,50,40-59,5,Male,Non-Hispanic Asian,23,Healthy weight (18.5-24.9),4.6,127.33333333333333,83.33333333333333,0,1,Hypertension,0
114645,45,40-59,4.5,Female,Mexican American,37.4,Obesity class 2-3 (35+),7.4799999999999995,114.66666666666667,73,1,1,Hypertension,1
114646,40,40-59,4,Female,Other Hispanic,35.6,Obesity class 2-3 (35+),7.12,104,71,0,0,No hypertension,0
114647,44,40-59,4.4,Female,Non-Hispanic Black,39.7,Obesity class 2-3 (35+),7.94,119.33333333333333,82,1,1,Hypertension,1
114650,62,60-79,6.2,Male,Non-Hispanic Asian,24.3,Healthy weight (18.5-24.9),4.86,142,82.66666666666667,1,1,Hypertension,1
114651,31,21-39,3.1,Female,Mexican American,46.7,Obesity class 2-3 (35+),9.34,134.33333333333334,91,0,1,Hypertension,1
114652,23,21-39,2.3,Male,Non-Hispanic White,22.5,Healthy weight (18.5-24.9),4.5,119.66666666666667,62.333333333333336,0,0,No hypertension,0
114653,57,40-59,5.7,Male,Non-Hispanic White,27.2,Overweight (25-29.9),5.4399999999999995,134.33333333333334,86.33333333333333,0,1,Hypertension,0
114658,46,40-59,4.6,Male,Non-Hispanic White,22.7,Healthy weight (18.5-24.9),4.54,120.33333333333333,72.66666666666667,0,0,No hypertension,0
114661,63,60-79,6.3,Male,Non-Hispanic Black,20.7,Healthy weight (18.5-24.9),4.14,163.66666666666666,96.33333333333333,0,1,Hypertension,1
114663,67,60-79,6.7,Male,Non-Hispanic Black,25.9,Overweight (25-29.9),5.18,155.66666666666666,69.33333333333333,0,1,Hypertension,1
114664,60,60-79,6,Male,Mexican American,26.6,Overweight (25-29.9),5.32,136.66666666666666,72.66666666666667,0,1,Hypertension,0
114669,38,21-39,3.8,Female,Non-Hispanic Asian,23.7,Healthy weight (18.5-24.9),4.74,115,76.33333333333333,0,0,No hypertension,0
114672,40,40-59,4,Male,Non-Hispanic Asian,22.4,Healthy weight (18.5-24.9),4.4799999999999995,104,71,0,0,No hypertension,0
114673,49,40-59,4.9,Male,Non-Hispanic Asian,25.2,Overweight (25-29.9),5.04,131.33333333333334,78,0,1,Hypertension,0
114676,55,40-59,5.5,Male,Non-Hispanic Asian,23.6,Healthy weight (18.5-24.9),4.720000000000001,147.33333333333334,81.66666666666667,1,1,Hypertension,1
114677,41,40-59,4.1,Female,Non-Hispanic Black,41.7,Obesity class 2-3 (35+),8.34,113,84.66666666666667,0,1,Hypertension,0
114682,56,40-59,5.6,Female,Non-Hispanic Black,32.2,Obesity class 1 (30-34.9),6.44,144.66666666666666,88.66666666666667,0,1,Hypertension,1
114683,22,21-39,2.2,Male,Non-Hispanic Asian,30.8,Obesity class 1 (30-34.9),6.16,112,79,0,0,No hypertension,0
114687,54,40-59,5.4,Female,Non-Hispanic White,27.8,Overweight (25-29.9),5.5600000000000005,140.33333333333334,89.66666666666667,1,1,Hypertension,1
114688,28,21-39,2.8,Female,Non-Hispanic Black,22.7,Healthy weight (18.5-24.9),4.54,98,61.333333333333336,0,0,No hypertension,0
114690,41,40-59,4.1,Female,Non-Hispanic Black,26.1,Overweight (25-29.9),5.220000000000001,131,83,0,1,Hypertension,0
114691,34,21-39,3.4,Female,Non-Hispanic Black,44.1,Obesity class 2-3 (35+),8.82,90,55.333333333333336,0,0,No hypertension,0
114692,41,40-59,4.1,Male,Other Hispanic,39.9,Obesity class 2-3 (35+),7.9799999999999995,124,83.33333333333333,0,1,Hypertension,0
114693,48,40-59,4.8,Female,Non-Hispanic White,40.7,Obesity class 2-3 (35+),8.14,118.33333333333333,82.33333333333333,1,1,Hypertension,1
114696,36,21-39,3.6,Male,Non-Hispanic White,36.5,Obesity class 2-3 (35+),7.3,131.66666666666666,91.33333333333333,0,1,Hypertension,1
114698,60,60-79,6,Male,Non-Hispanic Black,28,Overweight (25-29.9),5.6,131,77,0,1,Hypertension,0
114699,74,60-79,7.4,Male,Non-Hispanic Asian,21.9,Healthy weight (18.5-24.9),4.38,121,62.333333333333336,0,0,No hypertension,0
114700,70,60-79,7,Male,Non-Hispanic White,24.5,Healthy weight (18.5-24.9),4.9,132,66,1,1,Hypertension,1
114701,38,21-39,3.8,Female,Non-Hispanic White,31.6,Obesity class 1 (30-34.9),6.32,107,71,0,0,No hypertension,0
114703,63,60-79,6.3,Male,Mexican American,28.5,Overweight (25-29.9),5.7,130.66666666666666,70.33333333333333,1,1,Hypertension,1
114705,39,21-39,3.9,Male,Non-Hispanic Asian,27.2,Overweight (25-29.9),5.4399999999999995,107.66666666666667,71.33333333333333,0,0,No hypertension,0
114708,51,40-59,5.1,Male,Non-Hispanic White,28.7,Overweight (25-29.9),5.74,123,82.33333333333333,0,1,Hypertension,0
114709,34,21-39,3.4,Female,Mexican American,26.1,Overweight (25-29.9),5.220000000000001,116,72.33333333333333,0,0,No hypertension,0
114712,39,21-39,3.9,Female,Other/Multiracial,65.1,Obesity class 2-3 (35+),13.02,126.66666666666667,89,0,1,Hypertension,0
114723,43,40-59,4.3,Female,Non-Hispanic White,25.9,Overweight (25-29.9),5.18,140,95.33333333333333,0,1,Hypertension,1
114724,65,60-79,6.5,Female,Non-Hispanic Black,30.8,Obesity class 1 (30-34.9),6.16,114.33333333333333,76.66666666666667,0,0,No hypertension,0
114728,40,40-59,4,Female,Non-Hispanic Black,33,Obesity class 1 (30-34.9),6.6,105,71,0,0,No hypertension,0
114729,66,60-79,6.6,Female,Non-Hispanic Asian,25.5,Overweight (25-29.9),5.1,114.33333333333333,63.666666666666664,1,1,Hypertension,1
114738,63,60-79,6.3,Male,Mexican American,27.7,Overweight (25-29.9),5.54,124,73.33333333333333,0,0,No hypertension,0
114739,61,60-79,6.1,Female,Non-Hispanic White,36.2,Obesity class 2-3 (35+),7.24,144.33333333333334,82,1,1,Hypertension,1
114741,27,21-39,2.7,Male,Mexican American,35.3,Obesity class 2-3 (35+),7.06,129.66666666666666,78,0,0,No hypertension,0
114744,75,60-79,7.5,Female,Non-Hispanic Black,25.4,Overweight (25-29.9),5.08,164.66666666666666,77.33333333333333,0,1,Hypertension,1
114745,58,40-59,5.8,Male,Non-Hispanic White,26.8,Overweight (25-29.9),5.36,117,64,0,0,No hypertension,0
114746,33,21-39,3.3,Male,Non-Hispanic White,29.6,Overweight (25-29.9),5.92,133.33333333333334,83,1,1,Hypertension,1
114747,34,21-39,3.4,Male,Non-Hispanic Black,21.8,Healthy weight (18.5-24.9),4.36,119,76.33333333333333,0,0,No hypertension,0
114753,21,21-39,2.1,Female,Other Hispanic,52,Obesity class 2-3 (35+),10.4,101.66666666666667,71.66666666666667,0,0,No hypertension,0
114754,57,40-59,5.7,Female,Non-Hispanic Black,48.4,Obesity class 2-3 (35+),9.68,173.66666666666666,88.66666666666667,1,1,Hypertension,1
114756,38,21-39,3.8,Male,Non-Hispanic Black,27,Overweight (25-29.9),5.4,165.33333333333334,111.33333333333333,0,1,Hypertension,1
114757,64,60-79,6.4,Female,Non-Hispanic Black,26.4,Overweight (25-29.9),5.279999999999999,118,73.33333333333333,0,0,No hypertension,0
114759,25,21-39,2.5,Female,Non-Hispanic Asian,20.7,Healthy weight (18.5-24.9),4.14,102.33333333333333,70,0,0,No hypertension,0
114762,21,21-39,2.1,Male,Other/Multiracial,22,Healthy weight (18.5-24.9),4.4,127.66666666666667,69.33333333333333,0,0,No hypertension,0
114765,50,40-59,5,Male,Other Hispanic,30.2,Obesity class 1 (30-34.9),6.04,117.33333333333333,79,1,1,Hypertension,1
114769,61,60-79,6.1,Female,Non-Hispanic Black,22.1,Healthy weight (18.5-24.9),4.42,150.33333333333334,86.33333333333333,0,1,Hypertension,1
114772,35,21-39,3.5,Female,Non-Hispanic Asian,22.2,Healthy weight (18.5-24.9),4.4399999999999995,109.33333333333333,73.66666666666667,0,0,No hypertension,0
114773,79,60-79,7.9,Male,Non-Hispanic Black,30.7,Obesity class 1 (30-34.9),6.14,151.33333333333334,71,1,1,Hypertension,1
114774,22,21-39,2.2,Female,Mexican American,28.6,Overweight (25-29.9),5.720000000000001,89,49,0,0,No hypertension,0
114775,44,40-59,4.4,Female,Mexican American,23,Healthy weight (18.5-24.9),4.6,122.66666666666667,75,0,0,No hypertension,0
114777,46,40-59,4.6,Male,Non-Hispanic Black,40.2,Obesity class 2-3 (35+),8.040000000000001,124,74.33333333333333,0,0,No hypertension,0
114782,24,21-39,2.4,Male,Non-Hispanic White,22.8,Healthy weight (18.5-24.9),4.5600000000000005,134,71.66666666666667,0,1,Hypertension,0
114789,57,40-59,5.7,Male,Non-Hispanic White,37.2,Obesity class 2-3 (35+),7.44,100.33333333333333,53.333333333333336,1,1,Hypertension,1
114790,31,21-39,3.1,Female,Non-Hispanic White,55.9,Obesity class 2-3 (35+),11.18,115.66666666666667,83.33333333333333,1,1,Hypertension,1
114791,59,40-59,5.9,Female,Other Hispanic,31.8,Obesity class 1 (30-34.9),6.36,182.66666666666666,97.33333333333333,0,1,Hypertension,1
114793,61,60-79,6.1,Female,Non-Hispanic Asian,19,Healthy weight (18.5-24.9),3.8,129.66666666666666,75.66666666666667,0,0,No hypertension,0
114797,78,60-79,7.8,Male,Other Hispanic,28.2,Overweight (25-29.9),5.64,164,73,0,1,Hypertension,1
114798,55,40-59,5.5,Female,Non-Hispanic Asian,20.6,Healthy weight (18.5-24.9),4.12,122,74.66666666666667,0,0,No hypertension,0
114799,63,60-79,6.3,Male,Mexican American,33.5,Obesity class 1 (30-34.9),6.7,147.66666666666666,96.66666666666667,0,1,Hypertension,1
114801,70,60-79,7,Male,Non-Hispanic Black,55.2,Obesity class 2-3 (35+),11.040000000000001,123,72,1,1,Hypertension,1
114802,41,40-59,4.1,Female,Mexican American,31.6,Obesity class 1 (30-34.9),6.32,106.66666666666667,72.66666666666667,0,0,No hypertension,0
114803,35,21-39,3.5,Female,Non-Hispanic Asian,26.1,Overweight (25-29.9),5.220000000000001,118.66666666666667,80,0,1,Hypertension,0
114809,33,21-39,3.3,Female,Non-Hispanic White,29.3,Overweight (25-29.9),5.86,107.33333333333333,70.66666666666667,0,0,No hypertension,0
114819,21,21-39,2.1,Female,Other Hispanic,21.6,Healthy weight (18.5-24.9),4.32,94,59.666666666666664,0,0,No hypertension,0
114821,60,60-79,6,Female,Non-Hispanic Asian,27.5,Overweight (25-29.9),5.5,128.33333333333334,78.66666666666667,0,0,No hypertension,0
114822,63,60-79,6.3,Female,Non-Hispanic Black,38.6,Obesity class 2-3 (35+),7.720000000000001,149.66666666666666,76,1,1,Hypertension,1
114825,47,40-59,4.7,Male,Non-Hispanic Black,26.1,Overweight (25-29.9),5.220000000000001,115,76.66666666666667,0,0,No hypertension,0
114826,76,60-79,7.6,Female,Non-Hispanic White,29.7,Overweight (25-29.9),5.9399999999999995,141.33333333333334,65,1,1,Hypertension,1
114831,50,40-59,5,Male,Non-Hispanic Black,45.2,Obesity class 2-3 (35+),9.040000000000001,133,77.33333333333333,1,1,Hypertension,1
114834,21,21-39,2.1,Male,Non-Hispanic Black,25.5,Overweight (25-29.9),5.1,108.33333333333333,60,0,0,No hypertension,0
114835,56,40-59,5.6,Female,Non-Hispanic White,27.5,Overweight (25-29.9),5.5,125.33333333333333,70.66666666666667,0,0,No hypertension,0
114843,54,40-59,5.4,Female,Non-Hispanic Black,36.6,Obesity class 2-3 (35+),7.32,106,72,0,0,No hypertension,0
114845,65,60-79,6.5,Female,Non-Hispanic White,31.9,Obesity class 1 (30-34.9),6.38,138,68.33333333333333,1,1,Hypertension,1
114848,39,21-39,3.9,Female,Non-Hispanic Black,27.5,Overweight (25-29.9),5.5,124,86,1,1,Hypertension,1
114849,66,60-79,6.6,Female,Non-Hispanic Black,58.7,Obesity class 2-3 (35+),11.74,210.33333333333334,95,0,1,Hypertension,1
114850,47,40-59,4.7,Female,Non-Hispanic White,32.4,Obesity class 1 (30-34.9),6.4799999999999995,128.33333333333334,80.66666666666667,0,1,Hypertension,0
114851,23,21-39,2.3,Male,Other Hispanic,25,Overweight (25-29.9),5,149.66666666666666,92.33333333333333,0,1,Hypertension,1
114852,24,21-39,2.4,Male,Non-Hispanic White,32.2,Obesity class 1 (30-34.9),6.44,104,57.666666666666664,0,0,No hypertension,0
114853,65,60-79,6.5,Male,Other Hispanic,31.9,Obesity class 1 (30-34.9),6.38,191,102.66666666666667,0,1,Hypertension,1
114858,45,40-59,4.5,Male,Non-Hispanic White,22.7,Healthy weight (18.5-24.9),4.54,123.33333333333333,66.66666666666667,0,0,No hypertension,0
114859,68,60-79,6.8,Male,Non-Hispanic White,33.4,Obesity class 1 (30-34.9),6.68,124,77.33333333333333,1,1,Hypertension,1
114862,64,60-79,6.4,Male,Non-Hispanic Black,33.7,Obesity class 1 (30-34.9),6.74,147.33333333333334,89,1,1,Hypertension,1
114863,69,60-79,6.9,Female,Non-Hispanic Black,33.6,Obesity class 1 (30-34.9),6.720000000000001,128.66666666666666,65.33333333333333,1,1,Hypertension,1
114864,21,21-39,2.1,Female,Non-Hispanic White,41.6,Obesity class 2-3 (35+),8.32,98.66666666666667,73.33333333333333,0,0,No hypertension,0
114865,41,40-59,4.1,Male,Non-Hispanic Black,28.7,Overweight (25-29.9),5.74,128.66666666666666,82.66666666666667,0,1,Hypertension,0
114868,39,21-39,3.9,Female,Non-Hispanic Asian,24.3,Healthy weight (18.5-24.9),4.86,152.33333333333334,103.66666666666667,0,1,Hypertension,1
114870,34,21-39,3.4,Female,Non-Hispanic Black,27.3,Overweight (25-29.9),5.46,122,81.33333333333333,0,1,Hypertension,0
114871,28,21-39,2.8,Male,Non-Hispanic White,41.6,Obesity class 2-3 (35+),8.32,107,72.66666666666667,0,0,No hypertension,0
114872,40,40-59,4,Male,Other Hispanic,27.5,Overweight (25-29.9),5.5,122.33333333333333,85.33333333333333,0,1,Hypertension,0
114877,33,21-39,3.3,Male,Mexican American,32.6,Obesity class 1 (30-34.9),6.5200000000000005,109.66666666666667,57.666666666666664,0,0,No hypertension,0
114879,55,40-59,5.5,Male,Non-Hispanic Asian,23.7,Healthy weight (18.5-24.9),4.74,132.33333333333334,78.66666666666667,0,1,Hypertension,0
114880,38,21-39,3.8,Female,Non-Hispanic Asian,22.5,Healthy weight (18.5-24.9),4.5,106.33333333333333,62.333333333333336,0,0,No hypertension,0
114883,64,60-79,6.4,Female,Mexican American,27.9,Overweight (25-29.9),5.58,161.66666666666666,82.33333333333333,0,1,Hypertension,1
114884,66,60-79,6.6,Female,Other Hispanic,32.4,Obesity class 1 (30-34.9),6.4799999999999995,143,79.66666666666667,1,1,Hypertension,1
114889,39,21-39,3.9,Female,Other Hispanic,33.3,Obesity class 1 (30-34.9),6.659999999999999,131.66666666666666,97.66666666666667,0,1,Hypertension,1
114893,53,40-59,5.3,Male,Non-Hispanic Black,25.4,Overweight (25-29.9),5.08,123.66666666666667,85.66666666666667,0,1,Hypertension,0
114894,62,60-79,6.2,Male,Non-Hispanic Black,29,Overweight (25-29.9),5.8,135,82,0,1,Hypertension,0
114895,48,40-59,4.8,Female,Non-Hispanic Asian,26.4,Overweight (25-29.9),5.279999999999999,102.33333333333333,56.333333333333336,0,0,No hypertension,0
114897,79,60-79,7.9,Female,Non-Hispanic Black,19,Healthy weight (18.5-24.9),3.8,173.66666666666666,69.66666666666667,1,1,Hypertension,1
114898,78,60-79,7.8,Male,Non-Hispanic Black,26.2,Overweight (25-29.9),5.24,152.33333333333334,93.66666666666667,1,1,Hypertension,1
114901,57,40-59,5.7,Female,Non-Hispanic White,28.3,Overweight (25-29.9),5.66,111.66666666666667,74,0,0,No hypertension,0
114902,73,60-79,7.3,Female,Non-Hispanic White,34,Obesity class 1 (30-34.9),6.8,106.66666666666667,79.33333333333333,1,1,Hypertension,1
114903,74,60-79,7.4,Female,Mexican American,34.4,Obesity class 1 (30-34.9),6.88,157.66666666666666,75.66666666666667,1,1,Hypertension,1
114906,23,21-39,2.3,Male,Non-Hispanic White,21.7,Healthy weight (18.5-24.9),4.34,125,53.666666666666664,0,0,No hypertension,0
114907,36,21-39,3.6,Female,Mexican American,36.8,Obesity class 2-3 (35+),7.359999999999999,118.33333333333333,71.33333333333333,0,0,No hypertension,0
114908,54,40-59,5.4,Female,Non-Hispanic White,46.2,Obesity class 2-3 (35+),9.24,126.33333333333333,77.66666666666667,1,1,Hypertension,1
114910,29,21-39,2.9,Female,Non-Hispanic White,22.7,Healthy weight (18.5-24.9),4.54,118.33333333333333,63,0,0,No hypertension,0
114911,43,40-59,4.3,Female,Non-Hispanic White,20.3,Healthy weight (18.5-24.9),4.0600000000000005,107.66666666666667,67,0,0,No hypertension,0
114912,27,21-39,2.7,Male,Non-Hispanic White,28.8,Overweight (25-29.9),5.76,113.66666666666667,63.666666666666664,0,0,No hypertension,0
114913,54,40-59,5.4,Female,Non-Hispanic Black,30,Obesity class 1 (30-34.9),6,135.66666666666666,80.33333333333333,1,1,Hypertension,1
114915,44,40-59,4.4,Female,Non-Hispanic White,28.1,Overweight (25-29.9),5.62,107.33333333333333,69,0,0,No hypertension,0
114916,56,40-59,5.6,Female,Non-Hispanic Black,26.4,Overweight (25-29.9),5.279999999999999,167.66666666666666,97,0,1,Hypertension,1
114919,58,40-59,5.8,Female,Non-Hispanic Black,38.2,Obesity class 2-3 (35+),7.640000000000001,157.33333333333334,87.66666666666667,0,1,Hypertension,1
114922,64,60-79,6.4,Male,Non-Hispanic Black,34.1,Obesity class 1 (30-34.9),6.82,130,74.33333333333333,1,1,Hypertension,1
114924,64,60-79,6.4,Female,Non-Hispanic White,31.4,Obesity class 1 (30-34.9),6.279999999999999,96,62.333333333333336,0,0,No hypertension,0
114926,61,60-79,6.1,Female,Non-Hispanic White,33.7,Obesity class 1 (30-34.9),6.74,109.33333333333333,78.33333333333333,1,1,Hypertension,1
114928,23,21-39,2.3,Male,Non-Hispanic White,19.8,Healthy weight (18.5-24.9),3.96,101.33333333333333,53.666666666666664,0,0,No hypertension,0
114931,40,40-59,4,Female,Mexican American,33.3,Obesity class 1 (30-34.9),6.659999999999999,83.33333333333333,52.333333333333336,1,1,Hypertension,1
114933,31,21-39,3.1,Male,Other/Multiracial,24.5,Healthy weight (18.5-24.9),4.9,109,70.33333333333333,0,0,No hypertension,0
114934,50,40-59,5,Male,Non-Hispanic White,25.8,Overweight (25-29.9),5.16,123,88.66666666666667,0,1,Hypertension,0
114935,56,40-59,5.6,Female,Non-Hispanic White,23.2,Healthy weight (18.5-24.9),4.64,89,45.333333333333336,0,0,No hypertension,0
114937,58,40-59,5.8,Male,Mexican American,35.9,Obesity class 2-3 (35+),7.18,160.33333333333334,92.66666666666667,1,1,Hypertension,1
114940,39,21-39,3.9,Male,Non-Hispanic White,31.8,Obesity class 1 (30-34.9),6.36,127.66666666666667,88,1,1,Hypertension,1
114941,59,40-59,5.9,Female,Non-Hispanic White,43.2,Obesity class 2-3 (35+),8.64,124.66666666666667,85,0,1,Hypertension,0
114942,34,21-39,3.4,Male,Non-Hispanic White,24.3,Healthy weight (18.5-24.9),4.86,115.33333333333333,80,0,1,Hypertension,0
114944,37,21-39,3.7,Male,Non-Hispanic White,36.2,Obesity class 2-3 (35+),7.24,127,90.66666666666667,0,1,Hypertension,1
114950,78,60-79,7.8,Male,Non-Hispanic Black,30.5,Obesity class 1 (30-34.9),6.1,130,84.33333333333333,0,1,Hypertension,0
114953,29,21-39,2.9,Male,Non-Hispanic Black,28.8,Overweight (25-29.9),5.76,118,74,0,0,No hypertension,0
114954,32,21-39,3.2,Female,Other Hispanic,18.9,Healthy weight (18.5-24.9),3.78,95.66666666666667,61.666666666666664,0,0,No hypertension,0
114955,40,40-59,4,Male,Non-Hispanic Black,41.3,Obesity class 2-3 (35+),8.26,114,78,0,0,No hypertension,0
114958,59,40-59,5.9,Male,Non-Hispanic White,40.6,Obesity class 2-3 (35+),8.120000000000001,137,83,1,1,Hypertension,1
114962,61,60-79,6.1,Male,Non-Hispanic White,38.6,Obesity class 2-3 (35+),7.720000000000001,119.33333333333333,65.66666666666667,1,1,Hypertension,1
114963,74,60-79,7.4,Male,Other Hispanic,24.2,Healthy weight (18.5-24.9),4.84,154.66666666666666,84.33333333333333,0,1,Hypertension,1
114966,22,21-39,2.2,Male,Non-Hispanic Black,26.1,Overweight (25-29.9),5.220000000000001,118,77,0,0,No hypertension,0
114970,34,21-39,3.4,Female,Non-Hispanic White,44.7,Obesity class 2-3 (35+),8.940000000000001,107,79,0,0,No hypertension,0
114978,22,21-39,2.2,Female,Non-Hispanic White,27.8,Overweight (25-29.9),5.5600000000000005,101.33333333333333,61,0,0,No hypertension,0
114982,69,60-79,6.9,Male,Non-Hispanic Black,32.8,Obesity class 1 (30-34.9),6.56,117.33333333333333,79.66666666666667,0,0,No hypertension,0
114984,31,21-39,3.1,Female,Other/Multiracial,30.2,Obesity class 1 (30-34.9),6.04,102,71.33333333333333,0,0,No hypertension,0
114986,42,40-59,4.2,Female,Non-Hispanic White,57.3,Obesity class 2-3 (35+),11.459999999999999,112.66666666666667,77,1,1,Hypertension,1
114988,60,60-79,6,Male,Mexican American,25.6,Overweight (25-29.9),5.12,127.66666666666667,70,0,0,No hypertension,0
114989,56,40-59,5.6,Male,Non-Hispanic White,30.4,Obesity class 1 (30-34.9),6.08,120,78,0,0,No hypertension,0
114990,28,21-39,2.8,Female,Non-Hispanic Black,34.9,Obesity class 1 (30-34.9),6.9799999999999995,121.33333333333333,83.66666666666667,0,1,Hypertension,0
114993,36,21-39,3.6,Female,Non-Hispanic White,43.9,Obesity class 2-3 (35+),8.78,114.66666666666667,78.33333333333333,0,0,No hypertension,0
114994,33,21-39,3.3,Male,Non-Hispanic White,30.8,Obesity class 1 (30-34.9),6.16,136,79.66666666666667,0,1,Hypertension,0
114995,62,60-79,6.2,Female,Mexican American,28,Overweight (25-29.9),5.6,116.66666666666667,58.666666666666664,0,0,No hypertension,0
114996,55,40-59,5.5,Female,Non-Hispanic Black,22.9,Healthy weight (18.5-24.9),4.58,164.66666666666666,95.33333333333333,0,1,Hypertension,1
114997,41,40-59,4.1,Male,Non-Hispanic White,25.6,Overweight (25-29.9),5.12,117,71.66666666666667,0,0,No hypertension,0
115003,48,40-59,4.8,Female,Non-Hispanic White,28.1,Overweight (25-29.9),5.62,118.66666666666667,63.333333333333336,0,0,No hypertension,0
115004,23,21-39,2.3,Female,Non-Hispanic White,25.1,Overweight (25-29.9),5.0200000000000005,109,65.33333333333333,0,0,No hypertension,0
115005,52,40-59,5.2,Male,Mexican American,26.1,Overweight (25-29.9),5.220000000000001,135.33333333333334,93.33333333333333,0,1,Hypertension,1
115006,29,21-39,2.9,Female,Non-Hispanic White,21,Healthy weight (18.5-24.9),4.2,86.66666666666667,53.333333333333336,0,0,No hypertension,0
115007,72,60-79,7.2,Female,Non-Hispanic White,33.5,Obesity class 1 (30-34.9),6.7,126.33333333333333,67.33333333333333,1,1,Hypertension,1
115012,72,60-79,7.2,Female,Other/Multiracial,32,Obesity class 1 (30-34.9),6.4,130.66666666666666,68.33333333333333,1,1,Hypertension,1
115013,57,40-59,5.7,Male,Non-Hispanic Black,27.1,Overweight (25-29.9),5.42,131.33333333333334,80.66666666666667,0,1,Hypertension,0
115015,73,60-79,7.3,Female,Non-Hispanic White,26.4,Overweight (25-29.9),5.279999999999999,101.66666666666667,63.666666666666664,1,1,Hypertension,1
115021,21,21-39,2.1,Male,Mexican American,45.3,Obesity class 2-3 (35+),9.059999999999999,117.66666666666667,62.666666666666664,0,0,No hypertension,0
115023,35,21-39,3.5,Female,Non-Hispanic White,29.4,Overweight (25-29.9),5.88,101.33333333333333,68,0,0,No hypertension,0
115028,38,21-39,3.8,Female,Mexican American,43,Obesity class 2-3 (35+),8.6,125,80.33333333333333,0,1,Hypertension,0
115030,68,60-79,6.8,Female,Mexican American,31.2,Obesity class 1 (30-34.9),6.24,116.33333333333333,71.66666666666667,0,0,No hypertension,0
115034,29,21-39,2.9,Female,Non-Hispanic White,33,Obesity class 1 (30-34.9),6.6,120.33333333333333,84.33333333333333,0,1,Hypertension,0
115035,40,40-59,4,Male,Non-Hispanic White,30.5,Obesity class 1 (30-34.9),6.1,131.66666666666666,89.33333333333333,0,1,Hypertension,0
115036,54,40-59,5.4,Female,Non-Hispanic White,23.6,Healthy weight (18.5-24.9),4.720000000000001,152.33333333333334,84,0,1,Hypertension,1
115037,26,21-39,2.6,Male,Non-Hispanic Black,21.2,Healthy weight (18.5-24.9),4.24,113,57.666666666666664,0,0,No hypertension,0
115039,69,60-79,6.9,Male,Non-Hispanic Asian,27.2,Overweight (25-29.9),5.4399999999999995,130.33333333333334,76,0,1,Hypertension,0
115042,45,40-59,4.5,Male,Non-Hispanic Black,40,Obesity class 2-3 (35+),8,93.33333333333333,60.666666666666664,0,0,No hypertension,0
115044,25,21-39,2.5,Male,Non-Hispanic Black,23.9,Healthy weight (18.5-24.9),4.779999999999999,113,59,0,0,No hypertension,0
115046,52,40-59,5.2,Male,Non-Hispanic Black,26,Overweight (25-29.9),5.2,105,66.66666666666667,0,0,No hypertension,0
115047,62,60-79,6.2,Female,Non-Hispanic Black,27.9,Overweight (25-29.9),5.58,128,66.33333333333333,1,1,Hypertension,1
115055,38,21-39,3.8,Female,Mexican American,25.1,Overweight (25-29.9),5.0200000000000005,135.66666666666666,95,0,1,Hypertension,1
115056,56,40-59,5.6,Male,Non-Hispanic White,26.1,Overweight (25-29.9),5.220000000000001,122.66666666666667,71.66666666666667,0,0,No hypertension,0
115057,69,60-79,6.9,Female,Non-Hispanic Black,51.9,Obesity class 2-3 (35+),10.379999999999999,125.33333333333333,81.66666666666667,1,1,Hypertension,1
115058,63,60-79,6.3,Male,Non-Hispanic Black,15.4,Underweight (<18.5),3.08,183,80.33333333333333,0,1,Hypertension,1
115060,21,21-39,2.1,Female,Mexican American,52.8,Obesity class 2-3 (35+),10.559999999999999,107.33333333333333,79,0,0,No hypertension,0
115063,56,40-59,5.6,Male,Non-Hispanic Black,35.5,Obesity class 2-3 (35+),7.1,147.66666666666666,84.66666666666667,1,1,Hypertension,1
115064,45,40-59,4.5,Female,Other/Multiracial,42.4,Obesity class 2-3 (35+),8.48,109,68.33333333333333,1,1,Hypertension,1
115066,64,60-79,6.4,Male,Non-Hispanic White,29.7,Overweight (25-29.9),5.9399999999999995,133.33333333333334,84,0,1,Hypertension,0
115069,23,21-39,2.3,Female,Non-Hispanic Black,21.6,Healthy weight (18.5-24.9),4.32,97.33333333333333,66.66666666666667,0,0,No hypertension,0
115070,39,21-39,3.9,Female,Non-Hispanic White,17.7,Underweight (<18.5),3.54,107.66666666666667,63,0,0,No hypertension,0
115074,54,40-59,5.4,Male,Non-Hispanic White,21.6,Healthy weight (18.5-24.9),4.32,129,70.66666666666667,0,0,No hypertension,0
115077,29,21-39,2.9,Female,Mexican American,35.7,Obesity class 2-3 (35+),7.140000000000001,113,67.33333333333333,0,0,No hypertension,0
115082,63,60-79,6.3,Female,Non-Hispanic Asian,25.2,Overweight (25-29.9),5.04,157,74.33333333333333,1,1,Hypertension,1
115083,73,60-79,7.3,Female,Non-Hispanic White,26.8,Overweight (25-29.9),5.36,158.66666666666666,77.33333333333333,0,1,Hypertension,1
115085,63,60-79,6.3,Male,Non-Hispanic White,25.8,Overweight (25-29.9),5.16,137.66666666666666,72.66666666666667,0,1,Hypertension,0
115089,59,40-59,5.9,Female,Other/Multiracial,22.7,Healthy weight (18.5-24.9),4.54,95,66.33333333333333,0,0,No hypertension,0
115090,56,40-59,5.6,Male,Non-Hispanic Asian,38,Obesity class 2-3 (35+),7.6,111,74.33333333333333,1,1,Hypertension,1
115091,62,60-79,6.2,Male,Non-Hispanic Asian,25.3,Overweight (25-29.9),5.0600000000000005,171,99.66666666666667,0,1,Hypertension,1
115094,28,21-39,2.8,Female,Non-Hispanic Black,27.5,Overweight (25-29.9),5.5,110.33333333333333,67.66666666666667,0,0,No hypertension,0
115095,50,40-59,5,Male,Mexican American,29.8,Overweight (25-29.9),5.96,121.33333333333333,81.66666666666667,0,1,Hypertension,0
115097,64,60-79,6.4,Female,Non-Hispanic Black,24.7,Healthy weight (18.5-24.9),4.9399999999999995,149.33333333333334,80,1,1,Hypertension,1
115099,38,21-39,3.8,Female,Mexican American,32.9,Obesity class 1 (30-34.9),6.58,97.33333333333333,69.33333333333333,0,0,No hypertension,0
115100,60,60-79,6,Male,Non-Hispanic Black,32.5,Obesity class 1 (30-34.9),6.5,181.33333333333334,99,0,1,Hypertension,1
115103,32,21-39,3.2,Male,Non-Hispanic White,25.8,Overweight (25-29.9),5.16,117,76,0,0,No hypertension,0
115105,22,21-39,2.2,Female,Non-Hispanic Black,31.6,Obesity class 1 (30-34.9),6.32,102.33333333333333,72,0,0,No hypertension,0
115120,60,60-79,6,Male,Non-Hispanic White,40.3,Obesity class 2-3 (35+),8.059999999999999,103,77.66666666666667,1,1,Hypertension,1
115122,41,40-59,4.1,Female,Mexican American,30.1,Obesity class 1 (30-34.9),6.0200000000000005,112.33333333333333,71.66666666666667,0,0,No hypertension,0
115126,59,40-59,5.9,Male,Non-Hispanic White,22.7,Healthy weight (18.5-24.9),4.54,112.66666666666667,60.333333333333336,1,1,Hypertension,1
115127,49,40-59,4.9,Male,Other/Multiracial,26.5,Overweight (25-29.9),5.3,124.33333333333333,67.33333333333333,0,0,No hypertension,0
115133,55,40-59,5.5,Female,Non-Hispanic Black,32.2,Obesity class 1 (30-34.9),6.44,130,83.66666666666667,0,1,Hypertension,0
115138,48,40-59,4.8,Male,Non-Hispanic Black,42.9,Obesity class 2-3 (35+),8.58,178.66666666666666,92.66666666666667,1,1,Hypertension,1
115140,70,60-79,7,Male,Non-Hispanic Asian,25.1,Overweight (25-29.9),5.0200000000000005,125.66666666666667,62.333333333333336,1,1,Hypertension,1
115141,45,40-59,4.5,Female,Non-Hispanic White,28.5,Overweight (25-29.9),5.7,105.66666666666667,65.33333333333333,0,0,No hypertension,0
115143,79,60-79,7.9,Male,Non-Hispanic Black,35.2,Obesity class 2-3 (35+),7.040000000000001,217,135,0,1,Hypertension,1
115144,56,40-59,5.6,Male,Mexican American,22.4,Healthy weight (18.5-24.9),4.4799999999999995,114,84,1,1,Hypertension,1
115147,65,60-79,6.5,Female,Other Hispanic,23.8,Healthy weight (18.5-24.9),4.76,158,66,1,1,Hypertension,1
115150,75,60-79,7.5,Female,Non-Hispanic Black,26.8,Overweight (25-29.9),5.36,155,73.66666666666667,0,1,Hypertension,1
115151,60,60-79,6,Male,Non-Hispanic White,35.5,Obesity class 2-3 (35+),7.1,118.66666666666667,77.66666666666667,1,1,Hypertension,1
115155,26,21-39,2.6,Female,Non-Hispanic Black,19.6,Healthy weight (18.5-24.9),3.9200000000000004,93,59,0,0,No hypertension,0
115156,61,60-79,6.1,Male,Non-Hispanic Asian,28,Overweight (25-29.9),5.6,115,69,1,1,Hypertension,1
115160,65,60-79,6.5,Male,Non-Hispanic Black,21.1,Healthy weight (18.5-24.9),4.220000000000001,169.33333333333334,73,0,1,Hypertension,1
115161,69,60-79,6.9,Male,Non-Hispanic Black,23.8,Healthy weight (18.5-24.9),4.76,169.33333333333334,80.66666666666667,0,1,Hypertension,1
115164,45,40-59,4.5,Male,Other/Multiracial,40.9,Obesity class 2-3 (35+),8.18,131.66666666666666,75.66666666666667,0,1,Hypertension,0
115168,46,40-59,4.6,Male,Non-Hispanic White,39.1,Obesity class 2-3 (35+),7.82,115.33333333333333,69.66666666666667,1,1,Hypertension,1
115170,66,60-79,6.6,Male,Non-Hispanic Black,31.9,Obesity class 1 (30-34.9),6.38,141.33333333333334,99.33333333333333,0,1,Hypertension,1
115171,77,60-79,7.7,Male,Non-Hispanic Asian,23.4,Healthy weight (18.5-24.9),4.68,131,60,0,1,Hypertension,0
115181,45,40-59,4.5,Male,Non-Hispanic White,32.2,Obesity class 1 (30-34.9),6.44,129.33333333333334,81.33333333333333,0,1,Hypertension,0
115185,55,40-59,5.5,Female,Other Hispanic,30.6,Obesity class 1 (30-34.9),6.12,124.66666666666667,74.33333333333333,1,1,Hypertension,1
115186,29,21-39,2.9,Female,Non-Hispanic Black,19.8,Healthy weight (18.5-24.9),3.96,97,63,0,0,No hypertension,0
115187,63,60-79,6.3,Male,Mexican American,26.3,Overweight (25-29.9),5.26,123,67.33333333333333,0,0,No hypertension,0
115189,70,60-79,7,Male,Non-Hispanic White,25.6,Overweight (25-29.9),5.12,124.33333333333333,69,0,0,No hypertension,0
115190,62,60-79,6.2,Male,Non-Hispanic Black,31.6,Obesity class 1 (30-34.9),6.32,153.33333333333334,90.33333333333333,0,1,Hypertension,1
115192,67,60-79,6.7,Female,Non-Hispanic White,34.2,Obesity class 1 (30-34.9),6.840000000000001,119,76.33333333333333,0,0,No hypertension,0
115193,29,21-39,2.9,Female,Non-Hispanic White,17.1,Underweight (<18.5),3.4200000000000004,111,77,1,1,Hypertension,1
115196,55,40-59,5.5,Female,Non-Hispanic White,30.8,Obesity class 1 (30-34.9),6.16,147.33333333333334,85.33333333333333,1,1,Hypertension,1
115203,60,60-79,6,Male,Other/Multiracial,29.1,Overweight (25-29.9),5.82,131.33333333333334,75.66666666666667,1,1,Hypertension,1
115205,31,21-39,3.1,Female,Non-Hispanic White,24.7,Healthy weight (18.5-24.9),4.9399999999999995,111,75,0,0,No hypertension,0
115206,65,60-79,6.5,Male,Non-Hispanic White,29.2,Overweight (25-29.9),5.84,127,66,1,1,Hypertension,1
115210,66,60-79,6.6,Male,Other Hispanic,30.9,Obesity class 1 (30-34.9),6.18,144,77.33333333333333,0,1,Hypertension,1
115212,62,60-79,6.2,Female,Non-Hispanic Black,32.1,Obesity class 1 (30-34.9),6.42,102.33333333333333,71.33333333333333,0,0,No hypertension,0
115213,74,60-79,7.4,Female,Other Hispanic,25.4,Overweight (25-29.9),5.08,182.66666666666666,81,1,1,Hypertension,1
115215,72,60-79,7.2,Female,Non-Hispanic Black,29.7,Overweight (25-29.9),5.9399999999999995,162.33333333333334,88,1,1,Hypertension,1
115217,72,60-79,7.2,Female,Non-Hispanic White,32,Obesity class 1 (30-34.9),6.4,119.66666666666667,57.666666666666664,1,1,Hypertension,1
115218,69,60-79,6.9,Male,Non-Hispanic Black,23,Healthy weight (18.5-24.9),4.6,123.66666666666667,67,1,1,Hypertension,1
115219,35,21-39,3.5,Female,Non-Hispanic White,34.7,Obesity class 1 (30-34.9),6.94,118,78.66666666666667,0,0,No hypertension,0
115220,21,21-39,2.1,Male,Non-Hispanic Black,29.6,Overweight (25-29.9),5.92,109,85,0,1,Hypertension,0
115225,70,60-79,7,Female,Non-Hispanic White,23.3,Healthy weight (18.5-24.9),4.66,138,79.33333333333333,0,1,Hypertension,0
115226,77,60-79,7.7,Male,Non-Hispanic White,24.1,Healthy weight (18.5-24.9),4.82,144.66666666666666,71.33333333333333,1,1,Hypertension,1
115230,49,40-59,4.9,Male,Non-Hispanic White,20.6,Healthy weight (18.5-24.9),4.12,110.66666666666667,66.33333333333333,0,0,No hypertension,0
115231,64,60-79,6.4,Female,Non-Hispanic Black,37.9,Obesity class 2-3 (35+),7.58,104.33333333333333,51.333333333333336,1,1,Hypertension,1
115232,64,60-79,6.4,Male,Non-Hispanic Black,22.8,Healthy weight (18.5-24.9),4.5600000000000005,143.66666666666666,69.33333333333333,1,1,Hypertension,1
115235,45,40-59,4.5,Female,Non-Hispanic Black,33.9,Obesity class 1 (30-34.9),6.779999999999999,105.66666666666667,69.33333333333333,1,1,Hypertension,1
115236,51,40-59,5.1,Male,Other Hispanic,31,Obesity class 1 (30-34.9),6.2,109,66.33333333333333,0,0,No hypertension,0
115238,47,40-59,4.7,Female,Other/Multiracial,21.8,Healthy weight (18.5-24.9),4.36,104.66666666666667,64.66666666666667,0,0,No hypertension,0
115242,56,40-59,5.6,Female,Non-Hispanic White,39.2,Obesity class 2-3 (35+),7.840000000000001,110.66666666666667,56.666666666666664,0,0,No hypertension,0
115243,34,21-39,3.4,Female,Non-Hispanic White,36.4,Obesity class 2-3 (35+),7.279999999999999,106,70,0,0,No hypertension,0
115244,34,21-39,3.4,Male,Non-Hispanic Asian,27.9,Overweight (25-29.9),5.58,119,75,0,0,No hypertension,0
115245,39,21-39,3.9,Female,Other Hispanic,30.2,Obesity class 1 (30-34.9),6.04,121.66666666666667,79.33333333333333,1,1,Hypertension,1
115249,57,40-59,5.7,Female,Other Hispanic,32.9,Obesity class 1 (30-34.9),6.58,124.66666666666667,78.33333333333333,0,0,No hypertension,0
115250,26,21-39,2.6,Male,Non-Hispanic White,21.2,Healthy weight (18.5-24.9),4.24,119.66666666666667,59,0,0,No hypertension,0
115252,40,40-59,4,Female,Non-Hispanic White,27.6,Overweight (25-29.9),5.5200000000000005,102,49.333333333333336,0,0,No hypertension,0
115253,39,21-39,3.9,Female,Non-Hispanic Black,49.3,Obesity class 2-3 (35+),9.86,126.66666666666667,89.66666666666667,0,1,Hypertension,0
115254,66,60-79,6.6,Male,Non-Hispanic Black,27.4,Overweight (25-29.9),5.4799999999999995,168,51.333333333333336,0,1,Hypertension,1
115255,40,40-59,4,Male,Non-Hispanic White,28.4,Overweight (25-29.9),5.68,147.33333333333334,102,0,1,Hypertension,1
115257,39,21-39,3.9,Female,Non-Hispanic White,23.3,Healthy weight (18.5-24.9),4.66,136.33333333333334,99.33333333333333,1,1,Hypertension,1
115258,23,21-39,2.3,Female,Other Hispanic,33.1,Obesity class 1 (30-34.9),6.62,94.33333333333333,69,0,0,No hypertension,0
115261,57,40-59,5.7,Female,Other/Multiracial,31.7,Obesity class 1 (30-34.9),6.34,175.66666666666666,84.66666666666667,1,1,Hypertension,1
115263,78,60-79,7.8,Male,Non-Hispanic White,23.3,Healthy weight (18.5-24.9),4.66,119.33333333333333,58.333333333333336,1,1,Hypertension,1
115269,36,21-39,3.6,Female,Non-Hispanic Black,42.7,Obesity class 2-3 (35+),8.540000000000001,113,78.66666666666667,0,0,No hypertension,0
115270,41,40-59,4.1,Female,Mexican American,37.3,Obesity class 2-3 (35+),7.459999999999999,124.66666666666667,86.66666666666667,0,1,Hypertension,0
115272,58,40-59,5.8,Male,Non-Hispanic White,41.1,Obesity class 2-3 (35+),8.22,117,76,0,0,No hypertension,0
115273,73,60-79,7.3,Male,Other Hispanic,33.9,Obesity class 1 (30-34.9),6.779999999999999,149.33333333333334,84,1,1,Hypertension,1
115277,56,40-59,5.6,Female,Non-Hispanic Black,49.8,Obesity class 2-3 (35+),9.959999999999999,109.66666666666667,72,1,1,Hypertension,1
115279,73,60-79,7.3,Male,Non-Hispanic White,29.2,Overweight (25-29.9),5.84,119.66666666666667,79.33333333333333,1,1,Hypertension,1
115280,25,21-39,2.5,Male,Non-Hispanic Asian,22.6,Healthy weight (18.5-24.9),4.5200000000000005,111.33333333333333,68.66666666666667,0,0,No hypertension,0
115281,51,40-59,5.1,Female,Non-Hispanic Black,34,Obesity class 1 (30-34.9),6.8,137.66666666666666,84.66666666666667,1,1,Hypertension,1
115283,55,40-59,5.5,Male,Non-Hispanic Asian,22.3,Healthy weight (18.5-24.9),4.46,120.33333333333333,76.33333333333333,0,0,No hypertension,0
115284,28,21-39,2.8,Male,Non-Hispanic Black,23.8,Healthy weight (18.5-24.9),4.76,112.33333333333333,70,0,0,No hypertension,0
115287,72,60-79,7.2,Male,Non-Hispanic White,26.4,Overweight (25-29.9),5.279999999999999,107.66666666666667,61.333333333333336,0,0,No hypertension,0
115288,56,40-59,5.6,Female,Non-Hispanic Black,36.1,Obesity class 2-3 (35+),7.220000000000001,125,68.33333333333333,1,1,Hypertension,1
115289,33,21-39,3.3,Female,Non-Hispanic White,23.1,Healthy weight (18.5-24.9),4.62,109,78.33333333333333,0,0,No hypertension,0
115290,60,60-79,6,Male,Non-Hispanic White,23.8,Healthy weight (18.5-24.9),4.76,165,99,1,1,Hypertension,1
115292,62,60-79,6.2,Male,Non-Hispanic White,29.9,Overweight (25-29.9),5.9799999999999995,143.33333333333334,82,0,1,Hypertension,1
115294,34,21-39,3.4,Female,Non-Hispanic White,20,Healthy weight (18.5-24.9),4,125.66666666666667,90,0,1,Hypertension,1
115295,41,40-59,4.1,Male,Non-Hispanic Black,37.3,Obesity class 2-3 (35+),7.459999999999999,125.66666666666667,75.66666666666667,0,0,No hypertension,0
115300,42,40-59,4.2,Female,Other Hispanic,32.5,Obesity class 1 (30-34.9),6.5,104.33333333333333,67.66666666666667,0,0,No hypertension,0
115303,50,40-59,5,Female,Other/Multiracial,48.4,Obesity class 2-3 (35+),9.68,122.33333333333333,66.33333333333333,1,1,Hypertension,1
115305,54,40-59,5.4,Female,Mexican American,33.5,Obesity class 1 (30-34.9),6.7,119,70.66666666666667,0,0,No hypertension,0
115307,29,21-39,2.9,Female,Non-Hispanic White,31.3,Obesity class 1 (30-34.9),6.26,108.66666666666667,79,0,0,No hypertension,0
115308,41,40-59,4.1,Male,Non-Hispanic Asian,32.5,Obesity class 1 (30-34.9),6.5,108,65.33333333333333,0,0,No hypertension,0
115309,71,60-79,7.1,Male,Non-Hispanic Asian,22.4,Healthy weight (18.5-24.9),4.4799999999999995,133.66666666666666,61.333333333333336,0,1,Hypertension,0
115310,58,40-59,5.8,Female,Non-Hispanic Black,30.7,Obesity class 1 (30-34.9),6.14,106.66666666666667,70.66666666666667,1,1,Hypertension,1
115312,71,60-79,7.1,Male,Other/Multiracial,27.8,Overweight (25-29.9),5.5600000000000005,101.33333333333333,65.66666666666667,1,1,Hypertension,1
115313,59,40-59,5.9,Female,Non-Hispanic Black,38.9,Obesity class 2-3 (35+),7.779999999999999,136,82,0,1,Hypertension,0
115314,51,40-59,5.1,Female,Non-Hispanic Black,37.5,Obesity class 2-3 (35+),7.5,120,79.66666666666667,0,0,No hypertension,0
115316,46,40-59,4.6,Female,Non-Hispanic Asian,23.6,Healthy weight (18.5-24.9),4.720000000000001,124.66666666666667,78.33333333333333,0,0,No hypertension,0
115317,39,21-39,3.9,Male,Other Hispanic,26.9,Overweight (25-29.9),5.38,116.66666666666667,69,0,0,No hypertension,0
115323,43,40-59,4.3,Female,Other Hispanic,19.9,Healthy weight (18.5-24.9),3.9799999999999995,101.66666666666667,62.666666666666664,0,0,No hypertension,0
115325,27,21-39,2.7,Female,Other Hispanic,33.6,Obesity class 1 (30-34.9),6.720000000000001,90.66666666666667,59,0,0,No hypertension,0
115326,23,21-39,2.3,Male,Non-Hispanic Black,25.8,Overweight (25-29.9),5.16,132,74.33333333333333,0,1,Hypertension,0
115328,54,40-59,5.4,Male,Non-Hispanic Black,31,Obesity class 1 (30-34.9),6.2,150.66666666666666,97,1,1,Hypertension,1
115331,50,40-59,5,Female,Non-Hispanic White,31.4,Obesity class 1 (30-34.9),6.279999999999999,122.66666666666667,84.33333333333333,1,1,Hypertension,1
115332,51,40-59,5.1,Female,Non-Hispanic White,19.1,Healthy weight (18.5-24.9),3.8200000000000003,83.66666666666667,54.333333333333336,0,0,No hypertension,0
115333,26,21-39,2.6,Male,Non-Hispanic White,27.4,Overweight (25-29.9),5.4799999999999995,101,55.333333333333336,0,0,No hypertension,0
115334,73,60-79,7.3,Male,Non-Hispanic Black,27.1,Overweight (25-29.9),5.42,138.33333333333334,83.66666666666667,0,1,Hypertension,0
115335,35,21-39,3.5,Male,Non-Hispanic White,22.4,Healthy weight (18.5-24.9),4.4799999999999995,131,89.33333333333333,0,1,Hypertension,0
115337,47,40-59,4.7,Male,Other/Multiracial,32.1,Obesity class 1 (30-34.9),6.42,130.33333333333334,82,0,1,Hypertension,0
115338,49,40-59,4.9,Female,Non-Hispanic White,26.4,Overweight (25-29.9),5.279999999999999,93.66666666666667,59,0,0,No hypertension,0
115342,36,21-39,3.6,Male,Mexican American,27.4,Overweight (25-29.9),5.4799999999999995,116,76.66666666666667,0,0,No hypertension,0
115346,39,21-39,3.9,Female,Other/Multiracial,30.7,Obesity class 1 (30-34.9),6.14,105.66666666666667,68.33333333333333,0,0,No hypertension,0
115348,70,60-79,7,Male,Non-Hispanic Black,26.3,Overweight (25-29.9),5.26,137.66666666666666,78.33333333333333,0,1,Hypertension,0
115350,23,21-39,2.3,Female,Other Hispanic,34.2,Obesity class 1 (30-34.9),6.840000000000001,100,71,0,0,No hypertension,0
115351,76,60-79,7.6,Female,Other Hispanic,32,Obesity class 1 (30-34.9),6.4,142.66666666666666,76,0,1,Hypertension,1
115354,34,21-39,3.4,Female,Non-Hispanic White,40.7,Obesity class 2-3 (35+),8.14,91.66666666666667,59.333333333333336,0,0,No hypertension,0
115355,46,40-59,4.6,Male,Non-Hispanic White,29.1,Overweight (25-29.9),5.82,119,76.33333333333333,0,0,No hypertension,0
115356,21,21-39,2.1,Female,Non-Hispanic Black,30.4,Obesity class 1 (30-34.9),6.08,109,80.66666666666667,0,1,Hypertension,0
115359,30,21-39,3,Male,Non-Hispanic Black,18.3,Underweight (<18.5),3.66,119.33333333333333,61,0,0,No hypertension,0
115362,23,21-39,2.3,Male,Other/Multiracial,29,Overweight (25-29.9),5.8,112.66666666666667,54.666666666666664,0,0,No hypertension,0
115363,60,60-79,6,Female,Non-Hispanic White,27.5,Overweight (25-29.9),5.5,101,70,0,0,No hypertension,0
115365,38,21-39,3.8,Female,Non-Hispanic White,23.2,Healthy weight (18.5-24.9),4.64,95.66666666666667,63.666666666666664,0,0,No hypertension,0
115369,44,40-59,4.4,Female,Non-Hispanic Black,35.1,Obesity class 2-3 (35+),7.0200000000000005,126,80.33333333333333,1,1,Hypertension,1
115371,74,60-79,7.4,Female,Non-Hispanic White,28.9,Overweight (25-29.9),5.779999999999999,118,65,0,0,No hypertension,0
115374,42,40-59,4.2,Female,Non-Hispanic White,20.4,Healthy weight (18.5-24.9),4.08,100.66666666666667,62,0,0,No hypertension,0
115375,36,21-39,3.6,Male,Non-Hispanic White,22.3,Healthy weight (18.5-24.9),4.46,110.66666666666667,58.666666666666664,0,0,No hypertension,0
115376,63,60-79,6.3,Male,Non-Hispanic Black,23.4,Healthy weight (18.5-24.9),4.68,104.66666666666667,67.33333333333333,0,0,No hypertension,0
115379,21,21-39,2.1,Male,Non-Hispanic White,40.2,Obesity class 2-3 (35+),8.040000000000001,129,91.33333333333333,0,1,Hypertension,1
115380,48,40-59,4.8,Male,Non-Hispanic Black,30.6,Obesity class 1 (30-34.9),6.12,145.66666666666666,88.66666666666667,1,1,Hypertension,1
115382,37,21-39,3.7,Male,Non-Hispanic White,21.9,Healthy weight (18.5-24.9),4.38,118,59.333333333333336,0,0,No hypertension,0
115383,54,40-59,5.4,Male,Non-Hispanic Black,28.9,Overweight (25-29.9),5.779999999999999,113.33333333333333,70.33333333333333,0,0,No hypertension,0
115386,40,40-59,4,Female,Other/Multiracial,42.1,Obesity class 2-3 (35+),8.42,109,77.33333333333333,0,0,No hypertension,0
115387,34,21-39,3.4,Male,Non-Hispanic White,31.9,Obesity class 1 (30-34.9),6.38,117.66666666666667,82.33333333333333,0,1,Hypertension,0
115390,45,40-59,4.5,Female,Non-Hispanic White,23.5,Healthy weight (18.5-24.9),4.7,99.33333333333333,68,0,0,No hypertension,0
115393,64,60-79,6.4,Female,Non-Hispanic White,20.3,Healthy weight (18.5-24.9),4.0600000000000005,148.33333333333334,83.66666666666667,0,1,Hypertension,1
115394,49,40-59,4.9,Male,Non-Hispanic Black,34.4,Obesity class 1 (30-34.9),6.88,107,60.333333333333336,0,0,No hypertension,0
115396,68,60-79,6.8,Male,Non-Hispanic White,28.2,Overweight (25-29.9),5.64,141,88.66666666666667,0,1,Hypertension,1
115398,38,21-39,3.8,Female,Non-Hispanic Black,49.6,Obesity class 2-3 (35+),9.92,113,79,0,0,No hypertension,0
115401,32,21-39,3.2,Male,Non-Hispanic Black,30.6,Obesity class 1 (30-34.9),6.12,130.66666666666666,83.33333333333333,0,1,Hypertension,0
115402,63,60-79,6.3,Female,Mexican American,31.6,Obesity class 1 (30-34.9),6.32,115.33333333333333,67.66666666666667,0,0,No hypertension,0
115406,21,21-39,2.1,Female,Non-Hispanic Black,25.9,Overweight (25-29.9),5.18,115,70.66666666666667,0,0,No hypertension,0
115407,73,60-79,7.3,Female,Other Hispanic,28.5,Overweight (25-29.9),5.7,125,76.33333333333333,1,1,Hypertension,1
115409,37,21-39,3.7,Male,Non-Hispanic White,36,Obesity class 2-3 (35+),7.2,149.33333333333334,93.33333333333333,1,1,Hypertension,1
115410,21,21-39,2.1,Female,Non-Hispanic Black,25.7,Overweight (25-29.9),5.14,120.33333333333333,75,0,0,No hypertension,0
115411,35,21-39,3.5,Male,Non-Hispanic White,26.6,Overweight (25-29.9),5.32,132.33333333333334,71,0,1,Hypertension,0
115416,64,60-79,6.4,Female,Non-Hispanic Asian,23.9,Healthy weight (18.5-24.9),4.779999999999999,150.33333333333334,85.33333333333333,0,1,Hypertension,1
115417,65,60-79,6.5,Male,Non-Hispanic White,27.5,Overweight (25-29.9),5.5,138,81,1,1,Hypertension,1
115418,39,21-39,3.9,Female,Non-Hispanic Black,30.3,Obesity class 1 (30-34.9),6.0600000000000005,161.33333333333334,100.33333333333333,0,1,Hypertension,1
115421,63,60-79,6.3,Female,Non-Hispanic Black,30.2,Obesity class 1 (30-34.9),6.04,154,85,0,1,Hypertension,1
115423,22,21-39,2.2,Male,Non-Hispanic Black,22.9,Healthy weight (18.5-24.9),4.58,113.66666666666667,65.66666666666667,0,0,No hypertension,0
115426,75,60-79,7.5,Female,Non-Hispanic Asian,23.1,Healthy weight (18.5-24.9),4.62,155.33333333333334,75.66666666666667,1,1,Hypertension,1
115428,52,40-59,5.2,Male,Non-Hispanic Black,26.1,Overweight (25-29.9),5.220000000000001,145,87.33333333333333,0,1,Hypertension,1
115431,28,21-39,2.8,Male,Non-Hispanic White,24.5,Healthy weight (18.5-24.9),4.9,113.33333333333333,59.666666666666664,0,0,No hypertension,0
115437,79,60-79,7.9,Male,Non-Hispanic White,25.2,Overweight (25-29.9),5.04,151,73.33333333333333,1,1,Hypertension,1
115438,40,40-59,4,Male,Non-Hispanic White,26.7,Overweight (25-29.9),5.34,114.66666666666667,77,0,0,No hypertension,0
115441,79,60-79,7.9,Female,Other/Multiracial,23.7,Healthy weight (18.5-24.9),4.74,130.66666666666666,57.666666666666664,1,1,Hypertension,1
115443,39,21-39,3.9,Female,Mexican American,34.7,Obesity class 1 (30-34.9),6.94,107.33333333333333,68.33333333333333,0,0,No hypertension,0
115444,30,21-39,3,Female,Non-Hispanic Black,48.9,Obesity class 2-3 (35+),9.78,118.33333333333333,83.66666666666667,0,1,Hypertension,0
115445,61,60-79,6.1,Male,Non-Hispanic White,30.9,Obesity class 1 (30-34.9),6.18,128,83.33333333333333,1,1,Hypertension,1
115446,51,40-59,5.1,Male,Non-Hispanic Asian,24.2,Healthy weight (18.5-24.9),4.84,113.66666666666667,72,0,0,No hypertension,0
115450,26,21-39,2.6,Female,Other/Multiracial,33.3,Obesity class 1 (30-34.9),6.659999999999999,95.33333333333333,60,0,0,No hypertension,0
115454,73,60-79,7.3,Female,Non-Hispanic Asian,27.8,Overweight (25-29.9),5.5600000000000005,127.33333333333333,74,1,1,Hypertension,1
115455,41,40-59,4.1,Female,Non-Hispanic Black,22.9,Healthy weight (18.5-24.9),4.58,145.33333333333334,89,1,1,Hypertension,1
115458,63,60-79,6.3,Female,Mexican American,24.5,Healthy weight (18.5-24.9),4.9,125.33333333333333,70.66666666666667,1,1,Hypertension,1
115459,76,60-79,7.6,Male,Non-Hispanic White,32,Obesity class 1 (30-34.9),6.4,146,67,1,1,Hypertension,1
115465,31,21-39,3.1,Male,Other Hispanic,27.8,Overweight (25-29.9),5.5600000000000005,127,78,0,0,No hypertension,0
115466,61,60-79,6.1,Female,Non-Hispanic Asian,29,Overweight (25-29.9),5.8,121.33333333333333,69,1,1,Hypertension,1
115467,34,21-39,3.4,Female,Other Hispanic,28.3,Overweight (25-29.9),5.66,95.66666666666667,64.33333333333333,0,0,No hypertension,0
115468,69,60-79,6.9,Male,Non-Hispanic White,35.7,Obesity class 2-3 (35+),7.140000000000001,97.33333333333333,58,0,0,No hypertension,0
115469,57,40-59,5.7,Male,Non-Hispanic White,42.7,Obesity class 2-3 (35+),8.540000000000001,118.33333333333333,76,0,0,No hypertension,0
115470,50,40-59,5,Male,Mexican American,30.8,Obesity class 1 (30-34.9),6.16,147.66666666666666,95.33333333333333,0,1,Hypertension,1
115472,46,40-59,4.6,Female,Non-Hispanic Asian,30,Obesity class 1 (30-34.9),6,128,90.66666666666667,0,1,Hypertension,1
115474,62,60-79,6.2,Male,Mexican American,25.6,Overweight (25-29.9),5.12,114.33333333333333,76,0,0,No hypertension,0
115478,74,60-79,7.4,Female,Non-Hispanic White,35.7,Obesity class 2-3 (35+),7.140000000000001,99,55.666666666666664,0,0,No hypertension,0
115479,55,40-59,5.5,Female,Non-Hispanic Asian,20.4,Healthy weight (18.5-24.9),4.08,104,59.666666666666664,0,0,No hypertension,0
115480,26,21-39,2.6,Male,Other/Multiracial,40.2,Obesity class 2-3 (35+),8.040000000000001,137.33333333333334,85,0,1,Hypertension,0
115485,54,40-59,5.4,Female,Non-Hispanic Black,26.3,Overweight (25-29.9),5.26,134.33333333333334,64.33333333333333,1,1,Hypertension,1
115487,28,21-39,2.8,Male,Non-Hispanic White,27.7,Overweight (25-29.9),5.54,111,65.66666666666667,0,0,No hypertension,0
115489,52,40-59,5.2,Male,Non-Hispanic White,27.6,Overweight (25-29.9),5.5200000000000005,155.66666666666666,83.33333333333333,0,1,Hypertension,1
115490,56,40-59,5.6,Male,Non-Hispanic White,31.7,Obesity class 1 (30-34.9),6.34,132,73,1,1,Hypertension,1
115494,62,60-79,6.2,Male,Other Hispanic,35.5,Obesity class 2-3 (35+),7.1,121,63,0,0,No hypertension,0
115495,60,60-79,6,Female,Non-Hispanic Black,32.3,Obesity class 1 (30-34.9),6.459999999999999,112.66666666666667,60.666666666666664,1,1,Hypertension,1
115498,68,60-79,6.8,Female,Non-Hispanic White,30,Obesity class 1 (30-34.9),6,119,60.666666666666664,0,0,No hypertension,0
115499,28,21-39,2.8,Female,Non-Hispanic Asian,26.3,Overweight (25-29.9),5.26,84.33333333333333,55.666666666666664,0,0,No hypertension,0
115503,72,60-79,7.2,Male,Non-Hispanic Black,33.9,Obesity class 1 (30-34.9),6.779999999999999,143,85.66666666666667,1,1,Hypertension,1
115504,70,60-79,7,Male,Non-Hispanic Black,35.6,Obesity class 2-3 (35+),7.12,110,60.666666666666664,1,1,Hypertension,1
115509,43,40-59,4.3,Male,Other Hispanic,26.7,Overweight (25-29.9),5.34,113.33333333333333,74,0,0,No hypertension,0
115510,22,21-39,2.2,Female,Mexican American,23.7,Healthy weight (18.5-24.9),4.74,109.33333333333333,65.66666666666667,0,0,No hypertension,0
115511,38,21-39,3.8,Male,Non-Hispanic Black,28.8,Overweight (25-29.9),5.76,139,87.66666666666667,0,1,Hypertension,0
115515,59,40-59,5.9,Female,Non-Hispanic Black,44.9,Obesity class 2-3 (35+),8.98,123.66666666666667,84,1,1,Hypertension,1
115518,63,60-79,6.3,Female,Non-Hispanic Black,34.5,Obesity class 1 (30-34.9),6.9,185.66666666666666,89.66666666666667,1,1,Hypertension,1
115520,38,21-39,3.8,Female,Non-Hispanic White,19.5,Healthy weight (18.5-24.9),3.9,109,71,0,0,No hypertension,0
115521,70,60-79,7,Female,Non-Hispanic White,27.9,Overweight (25-29.9),5.58,110.66666666666667,58,1,1,Hypertension,1
115524,51,40-59,5.1,Male,Non-Hispanic Black,30.4,Obesity class 1 (30-34.9),6.08,133.66666666666666,87,0,1,Hypertension,0
115531,60,60-79,6,Male,Non-Hispanic White,41.9,Obesity class 2-3 (35+),8.379999999999999,120.33333333333333,69.66666666666667,1,1,Hypertension,1
115532,36,21-39,3.6,Female,Mexican American,41.8,Obesity class 2-3 (35+),8.36,113.66666666666667,68.66666666666667,0,0,No hypertension,0
115534,71,60-79,7.1,Female,Non-Hispanic White,28.9,Overweight (25-29.9),5.779999999999999,129.33333333333334,66.33333333333333,0,0,No hypertension,0
115538,48,40-59,4.8,Female,Mexican American,34.1,Obesity class 1 (30-34.9),6.82,108.66666666666667,60.333333333333336,0,0,No hypertension,0
115542,56,40-59,5.6,Male,Non-Hispanic Black,23.5,Healthy weight (18.5-24.9),4.7,146,69.33333333333333,0,1,Hypertension,1
115546,56,40-59,5.6,Female,Non-Hispanic Asian,25.7,Overweight (25-29.9),5.14,124.33333333333333,68,1,1,Hypertension,1
115547,64,60-79,6.4,Female,Other Hispanic,37.5,Obesity class 2-3 (35+),7.5,157.66666666666666,68.33333333333333,1,1,Hypertension,1
115554,58,40-59,5.8,Female,Non-Hispanic White,21.8,Healthy weight (18.5-24.9),4.36,129.66666666666666,67,1,1,Hypertension,1
115560,54,40-59,5.4,Female,Non-Hispanic White,35.9,Obesity class 2-3 (35+),7.18,109,70.66666666666667,1,1,Hypertension,1
115563,32,21-39,3.2,Female,Non-Hispanic White,26.2,Overweight (25-29.9),5.24,108.66666666666667,72,0,0,No hypertension,0
115569,48,40-59,4.8,Male,Mexican American,31.3,Obesity class 1 (30-34.9),6.26,127,81.66666666666667,0,1,Hypertension,0
115573,49,40-59,4.9,Male,Non-Hispanic White,32.9,Obesity class 1 (30-34.9),6.58,134,81.66666666666667,0,1,Hypertension,0
115574,41,40-59,4.1,Male,Non-Hispanic Asian,28.3,Overweight (25-29.9),5.66,110.33333333333333,72.33333333333333,0,0,No hypertension,0
115575,69,60-79,6.9,Female,Non-Hispanic Black,34.8,Obesity class 1 (30-34.9),6.959999999999999,91.33333333333333,62.333333333333336,1,1,Hypertension,1
115577,49,40-59,4.9,Female,Non-Hispanic Asian,21.8,Healthy weight (18.5-24.9),4.36,112,63.666666666666664,0,0,No hypertension,0
115578,40,40-59,4,Female,Non-Hispanic Black,32.7,Obesity class 1 (30-34.9),6.540000000000001,110,73.33333333333333,0,0,No hypertension,0
115579,56,40-59,5.6,Female,Non-Hispanic Black,42.1,Obesity class 2-3 (35+),8.42,114.66666666666667,75.33333333333333,0,0,No hypertension,0
115580,65,60-79,6.5,Male,Non-Hispanic Black,27.7,Overweight (25-29.9),5.54,118,74,0,0,No hypertension,0
115581,65,60-79,6.5,Male,Non-Hispanic Black,24.9,Healthy weight (18.5-24.9),4.9799999999999995,126,86.66666666666667,1,1,Hypertension,1
115583,63,60-79,6.3,Male,Mexican American,36.6,Obesity class 2-3 (35+),7.32,116,75.33333333333333,1,1,Hypertension,1
115585,71,60-79,7.1,Male,Non-Hispanic White,28.9,Overweight (25-29.9),5.779999999999999,122,62.666666666666664,0,0,No hypertension,0
115587,61,60-79,6.1,Female,Non-Hispanic White,20.8,Healthy weight (18.5-24.9),4.16,140.66666666666666,83.66666666666667,1,1,Hypertension,1
115588,75,60-79,7.5,Male,Non-Hispanic White,26.6,Overweight (25-29.9),5.32,142.66666666666666,62.666666666666664,0,1,Hypertension,1
115590,32,21-39,3.2,Male,Other/Multiracial,29,Overweight (25-29.9),5.8,117.33333333333333,80.66666666666667,0,1,Hypertension,0
115591,55,40-59,5.5,Male,Non-Hispanic White,23.8,Healthy weight (18.5-24.9),4.76,122.33333333333333,77.33333333333333,1,1,Hypertension,1
115592,60,60-79,6,Male,Non-Hispanic White,25.5,Overweight (25-29.9),5.1,142,84.66666666666667,0,1,Hypertension,1
115596,57,40-59,5.7,Female,Non-Hispanic Asian,24.4,Healthy weight (18.5-24.9),4.88,121.33333333333333,67.33333333333333,1,1,Hypertension,1
115598,27,21-39,2.7,Male,Non-Hispanic Asian,24.3,Healthy weight (18.5-24.9),4.86,126,72,0,0,No hypertension,0
115599,49,40-59,4.9,Male,Non-Hispanic Black,26.8,Overweight (25-29.9),5.36,118.66666666666667,72.66666666666667,0,0,No hypertension,0
115600,77,60-79,7.7,Male,Other Hispanic,31.8,Obesity class 1 (30-34.9),6.36,143.33333333333334,75,1,1,Hypertension,1
115601,22,21-39,2.2,Female,Non-Hispanic Black,28,Overweight (25-29.9),5.6,121.66666666666667,59,0,0,No hypertension,0
115603,60,60-79,6,Female,Non-Hispanic Black,29.8,Overweight (25-29.9),5.96,112,63.666666666666664,1,1,Hypertension,1
115604,68,60-79,6.8,Male,Non-Hispanic White,35,Obesity class 2-3 (35+),7,112.66666666666667,53.666666666666664,0,0,No hypertension,0
115605,55,40-59,5.5,Female,Non-Hispanic Black,30.7,Obesity class 1 (30-34.9),6.14,124.33333333333333,68.66666666666667,1,1,Hypertension,1
115606,64,60-79,6.4,Male,Non-Hispanic Asian,23.7,Healthy weight (18.5-24.9),4.74,158,92.33333333333333,1,1,Hypertension,1
115608,55,40-59,5.5,Male,Non-Hispanic White,23.7,Healthy weight (18.5-24.9),4.74,110.33333333333333,69.66666666666667,0,0,No hypertension,0
115609,39,21-39,3.9,Female,Non-Hispanic Asian,22,Healthy weight (18.5-24.9),4.4,105.33333333333333,74,0,0,No hypertension,0
115611,59,40-59,5.9,Female,Non-Hispanic Black,31.3,Obesity class 1 (30-34.9),6.26,112.33333333333333,69,1,1,Hypertension,1
115613,64,60-79,6.4,Female,Non-Hispanic Black,19.7,Healthy weight (18.5-24.9),3.94,114.66666666666667,70.66666666666667,1,1,Hypertension,1
115614,40,40-59,4,Female,Non-Hispanic Asian,22.4,Healthy weight (18.5-24.9),4.4799999999999995,125,75.66666666666667,0,0,No hypertension,0
115615,47,40-59,4.7,Female,Mexican American,19.7,Healthy weight (18.5-24.9),3.94,123.66666666666667,77.66666666666667,0,0,No hypertension,0
115617,59,40-59,5.9,Male,Non-Hispanic Black,25.4,Overweight (25-29.9),5.08,119,81,0,1,Hypertension,0
115621,50,40-59,5,Female,Non-Hispanic White,26.6,Overweight (25-29.9),5.32,111.33333333333333,69,0,0,No hypertension,0
115629,60,60-79,6,Male,Non-Hispanic White,25.2,Overweight (25-29.9),5.04,105.33333333333333,68,0,0,No hypertension,0
115632,43,40-59,4.3,Male,Non-Hispanic White,41.8,Obesity class 2-3 (35+),8.36,132,87,0,1,Hypertension,0
115634,32,21-39,3.2,Male,Non-Hispanic Asian,23.5,Healthy weight (18.5-24.9),4.7,124.66666666666667,78.33333333333333,0,0,No hypertension,0
115636,64,60-79,6.4,Male,Non-Hispanic White,28.7,Overweight (25-29.9),5.74,140,82.33333333333333,1,1,Hypertension,1
115639,68,60-79,6.8,Female,Non-Hispanic White,24.1,Healthy weight (18.5-24.9),4.82,119.66666666666667,58,0,0,No hypertension,0
115643,41,40-59,4.1,Male,Non-Hispanic Asian,28.6,Overweight (25-29.9),5.720000000000001,156,106,0,1,Hypertension,1
115644,63,60-79,6.3,Female,Non-Hispanic Black,37,Obesity class 2-3 (35+),7.4,133.33333333333334,75.33333333333333,1,1,Hypertension,1
115645,21,21-39,2.1,Female,Non-Hispanic White,31.4,Obesity class 1 (30-34.9),6.279999999999999,103.33333333333333,70,0,0,No hypertension,0
115646,27,21-39,2.7,Male,Non-Hispanic Black,37.6,Obesity class 2-3 (35+),7.5200000000000005,104.66666666666667,74,0,0,No hypertension,0
115647,73,60-79,7.3,Female,Other Hispanic,30.8,Obesity class 1 (30-34.9),6.16,133,65,1,1,Hypertension,1
115649,68,60-79,6.8,Male,Non-Hispanic Black,24.7,Healthy weight (18.5-24.9),4.9399999999999995,138.66666666666666,79.33333333333333,0,1,Hypertension,0
115651,22,21-39,2.2,Male,Non-Hispanic White,26.4,Overweight (25-29.9),5.279999999999999,128.33333333333334,71,0,0,No hypertension,0
115656,71,60-79,7.1,Female,Mexican American,34.5,Obesity class 1 (30-34.9),6.9,126.33333333333333,78.66666666666667,0,0,No hypertension,0
115659,72,60-79,7.2,Female,Non-Hispanic Asian,30,Obesity class 1 (30-34.9),6,152,84.33333333333333,1,1,Hypertension,1
115661,79,60-79,7.9,Male,Non-Hispanic Black,27.3,Overweight (25-29.9),5.46,108,56.333333333333336,1,1,Hypertension,1
115662,74,60-79,7.4,Male,Non-Hispanic Asian,22.6,Healthy weight (18.5-24.9),4.5200000000000005,123.33333333333333,68.66666666666667,0,0,No hypertension,0
115663,66,60-79,6.6,Male,Other Hispanic,27.8,Overweight (25-29.9),5.5600000000000005,125.66666666666667,65.33333333333333,1,1,Hypertension,1
115666,56,40-59,5.6,Male,Mexican American,42.6,Obesity class 2-3 (35+),8.52,122.33333333333333,81.33333333333333,0,1,Hypertension,0
115668,34,21-39,3.4,Female,Mexican American,39.6,Obesity class 2-3 (35+),7.92,110.33333333333333,69.33333333333333,0,0,No hypertension,0
115669,59,40-59,5.9,Female,Non-Hispanic White,41.8,Obesity class 2-3 (35+),8.36,109.66666666666667,60.666666666666664,1,1,Hypertension,1
115670,73,60-79,7.3,Female,Non-Hispanic White,30.8,Obesity class 1 (30-34.9),6.16,105.66666666666667,61.666666666666664,0,0,No hypertension,0
115671,67,60-79,6.7,Female,Non-Hispanic Black,34.9,Obesity class 1 (30-34.9),6.9799999999999995,154.33333333333334,74,1,1,Hypertension,1
115674,65,60-79,6.5,Male,Non-Hispanic White,43.6,Obesity class 2-3 (35+),8.72,151,78.33333333333333,1,1,Hypertension,1
115675,23,21-39,2.3,Female,Non-Hispanic White,43.4,Obesity class 2-3 (35+),8.68,93,47.333333333333336,0,0,No hypertension,0
115676,75,60-79,7.5,Female,Non-Hispanic White,30.1,Obesity class 1 (30-34.9),6.0200000000000005,132,79,0,1,Hypertension,0
115678,48,40-59,4.8,Male,Non-Hispanic Black,22.7,Healthy weight (18.5-24.9),4.54,146.33333333333334,86,0,1,Hypertension,1
115679,56,40-59,5.6,Female,Non-Hispanic White,48.1,Obesity class 2-3 (35+),9.620000000000001,130.66666666666666,65,1,1,Hypertension,1
115680,28,21-39,2.8,Female,Non-Hispanic White,38.9,Obesity class 2-3 (35+),7.779999999999999,120.66666666666667,83,0,1,Hypertension,0
115683,51,40-59,5.1,Female,Other Hispanic,28.2,Overweight (25-29.9),5.64,117.33333333333333,65.66666666666667,0,0,No hypertension,0
115686,41,40-59,4.1,Male,Non-Hispanic Black,47.7,Obesity class 2-3 (35+),9.540000000000001,118.33333333333333,93.66666666666667,0,1,Hypertension,1
115687,28,21-39,2.8,Male,Non-Hispanic Black,28,Overweight (25-29.9),5.6,127,81.33333333333333,0,1,Hypertension,0
115697,48,40-59,4.8,Male,Non-Hispanic Asian,28.9,Overweight (25-29.9),5.779999999999999,127.33333333333333,82.33333333333333,0,1,Hypertension,0
115705,65,60-79,6.5,Male,Non-Hispanic Black,28,Overweight (25-29.9),5.6,147.66666666666666,93.66666666666667,1,1,Hypertension,1
115710,53,40-59,5.3,Male,Non-Hispanic White,29.6,Overweight (25-29.9),5.92,134.66666666666666,81,0,1,Hypertension,0
115711,66,60-79,6.6,Female,Non-Hispanic White,27.7,Overweight (25-29.9),5.54,111.66666666666667,66.66666666666667,1,1,Hypertension,1
115714,61,60-79,6.1,Male,Non-Hispanic Asian,26.7,Overweight (25-29.9),5.34,125.66666666666667,78.66666666666667,0,0,No hypertension,0
115715,62,60-79,6.2,Male,Mexican American,30.9,Obesity class 1 (30-34.9),6.18,149.33333333333334,84,0,1,Hypertension,1
115718,69,60-79,6.9,Male,Mexican American,28,Overweight (25-29.9),5.6,133,57,0,1,Hypertension,0
115728,41,40-59,4.1,Female,Non-Hispanic Asian,21.9,Healthy weight (18.5-24.9),4.38,115,73.66666666666667,0,0,No hypertension,0
115732,63,60-79,6.3,Male,Non-Hispanic White,33.8,Obesity class 1 (30-34.9),6.76,132.66666666666666,66,1,1,Hypertension,1
115736,62,60-79,6.2,Female,Other Hispanic,31.4,Obesity class 1 (30-34.9),6.279999999999999,137,80.33333333333333,1,1,Hypertension,1
115737,70,60-79,7,Female,Non-Hispanic White,38.6,Obesity class 2-3 (35+),7.720000000000001,110.66666666666667,66.33333333333333,1,1,Hypertension,1
115739,67,60-79,6.7,Female,Non-Hispanic White,31.8,Obesity class 1 (30-34.9),6.36,131.33333333333334,93.33333333333333,0,1,Hypertension,1
115740,66,60-79,6.6,Male,Non-Hispanic Black,32.2,Obesity class 1 (30-34.9),6.44,169,108.33333333333333,1,1,Hypertension,1
115742,41,40-59,4.1,Female,Non-Hispanic Black,57.7,Obesity class 2-3 (35+),11.540000000000001,115.66666666666667,74.33333333333333,0,0,No hypertension,0
115743,74,60-79,7.4,Female,Non-Hispanic Black,27,Overweight (25-29.9),5.4,112,59.666666666666664,1,1,Hypertension,1
115744,67,60-79,6.7,Male,Non-Hispanic Black,28.9,Overweight (25-29.9),5.779999999999999,156.66666666666666,93.33333333333333,1,1,Hypertension,1
115746,70,60-79,7,Female,Non-Hispanic Black,34.6,Obesity class 1 (30-34.9),6.92,162,85.66666666666667,1,1,Hypertension,1
115747,69,60-79,6.9,Male,Non-Hispanic White,25.5,Overweight (25-29.9),5.1,121.33333333333333,72.66666666666667,0,0,No hypertension,0
115749,66,60-79,6.6,Male,Other Hispanic,30.4,Obesity class 1 (30-34.9),6.08,139.66666666666666,82.33333333333333,0,1,Hypertension,0
115750,53,40-59,5.3,Female,Non-Hispanic White,29.2,Overweight (25-29.9),5.84,110.33333333333333,78.66666666666667,0,0,No hypertension,0
115751,61,60-79,6.1,Female,Non-Hispanic Black,27,Overweight (25-29.9),5.4,140,73.33333333333333,0,1,Hypertension,1
115752,67,60-79,6.7,Male,Other Hispanic,25,Overweight (25-29.9),5,134,81.66666666666667,0,1,Hypertension,0
115753,71,60-79,7.1,Male,Non-Hispanic White,25.8,Overweight (25-29.9),5.16,125.66666666666667,70.33333333333333,1,1,Hypertension,1
115754,43,40-59,4.3,Female,Non-Hispanic Black,37,Obesity class 2-3 (35+),7.4,106,66.66666666666667,0,0,No hypertension,0
115759,53,40-59,5.3,Female,Non-Hispanic Asian,25.7,Overweight (25-29.9),5.14,149.66666666666666,91.33333333333333,0,1,Hypertension,1
115764,34,21-39,3.4,Female,Non-Hispanic Black,30.8,Obesity class 1 (30-34.9),6.16,126.66666666666667,97.33333333333333,0,1,Hypertension,1
115766,29,21-39,2.9,Male,Non-Hispanic White,23.8,Healthy weight (18.5-24.9),4.76,120.66666666666667,79.33333333333333,0,0,No hypertension,0
115767,47,40-59,4.7,Female,Non-Hispanic Black,20.7,Healthy weight (18.5-24.9),4.14,145,93,0,1,Hypertension,1
115770,42,40-59,4.2,Male,Non-Hispanic White,33.4,Obesity class 1 (30-34.9),6.68,124,85,0,1,Hypertension,0
115772,34,21-39,3.4,Female,Mexican American,23.5,Healthy weight (18.5-24.9),4.7,102.33333333333333,63.666666666666664,0,0,No hypertension,0
115777,23,21-39,2.3,Female,Mexican American,59.7,Obesity class 2-3 (35+),11.940000000000001,90,62,0,0,No hypertension,0
115778,57,40-59,5.7,Female,Non-Hispanic White,29.5,Overweight (25-29.9),5.9,143.33333333333334,80.66666666666667,1,1,Hypertension,1
115780,41,40-59,4.1,Female,Non-Hispanic Black,32.8,Obesity class 1 (30-34.9),6.56,102.66666666666667,74,0,0,No hypertension,0
115782,68,60-79,6.8,Female,Non-Hispanic Asian,24.5,Healthy weight (18.5-24.9),4.9,118.66666666666667,76.33333333333333,1,1,Hypertension,1
115785,22,21-39,2.2,Female,Non-Hispanic Black,25,Overweight (25-29.9),5,112,61,0,0,No hypertension,0
115788,65,60-79,6.5,Female,Non-Hispanic Black,23.6,Healthy weight (18.5-24.9),4.720000000000001,128.66666666666666,74.66666666666667,1,1,Hypertension,1
115791,63,60-79,6.3,Male,Non-Hispanic Black,27.7,Overweight (25-29.9),5.54,125.66666666666667,68,0,0,No hypertension,0
115792,33,21-39,3.3,Female,Non-Hispanic White,22.6,Healthy weight (18.5-24.9),4.5200000000000005,97.33333333333333,62.666666666666664,0,0,No hypertension,0
115793,39,21-39,3.9,Male,Non-Hispanic White,27.2,Overweight (25-29.9),5.4399999999999995,145,96,0,1,Hypertension,1
115796,40,40-59,4,Female,Non-Hispanic Black,35.9,Obesity class 2-3 (35+),7.18,113.33333333333333,84.66666666666667,0,1,Hypertension,0
115798,47,40-59,4.7,Male,Mexican American,38.3,Obesity class 2-3 (35+),7.659999999999999,144.33333333333334,94,1,1,Hypertension,1
115800,45,40-59,4.5,Female,Non-Hispanic White,40.5,Obesity class 2-3 (35+),8.1,133.33333333333334,87.66666666666667,0,1,Hypertension,0
115801,45,40-59,4.5,Female,Mexican American,33.2,Obesity class 1 (30-34.9),6.640000000000001,111.66666666666667,74,0,0,No hypertension,0
115803,40,40-59,4,Male,Non-Hispanic Asian,30.3,Obesity class 1 (30-34.9),6.0600000000000005,125,85,0,1,Hypertension,0
115805,32,21-39,3.2,Male,Non-Hispanic Asian,27.2,Overweight (25-29.9),5.4399999999999995,116.66666666666667,81,0,1,Hypertension,0
115807,65,60-79,6.5,Male,Mexican American,30,Obesity class 1 (30-34.9),6,150,82.33333333333333,1,1,Hypertension,1
115809,70,60-79,7,Male,Non-Hispanic Black,25.8,Overweight (25-29.9),5.16,126.33333333333333,61.333333333333336,1,1,Hypertension,1
115813,49,40-59,4.9,Female,Non-Hispanic Asian,24,Healthy weight (18.5-24.9),4.8,112,60,1,1,Hypertension,1
115815,72,60-79,7.2,Male,Non-Hispanic White,28.8,Overweight (25-29.9),5.76,125,71.66666666666667,1,1,Hypertension,1
115816,66,60-79,6.6,Male,Non-Hispanic White,27.2,Overweight (25-29.9),5.4399999999999995,142.33333333333334,79,0,1,Hypertension,1
115817,69,60-79,6.9,Female,Non-Hispanic White,19.6,Healthy weight (18.5-24.9),3.9200000000000004,110.66666666666667,56.666666666666664,1,1,Hypertension,1
115818,68,60-79,6.8,Male,Non-Hispanic Asian,20.4,Healthy weight (18.5-24.9),4.08,135.33333333333334,77.33333333333333,1,1,Hypertension,1
115822,67,60-79,6.7,Female,Non-Hispanic Black,25.5,Overweight (25-29.9),5.1,173.66666666666666,113.66666666666667,1,1,Hypertension,1
115825,22,21-39,2.2,Female,Other Hispanic,31.2,Obesity class 1 (30-34.9),6.24,105.33333333333333,64,0,0,No hypertension,0
115827,41,40-59,4.1,Male,Mexican American,32.5,Obesity class 1 (30-34.9),6.5,124.33333333333333,83.33333333333333,0,1,Hypertension,0
115829,23,21-39,2.3,Male,Non-Hispanic White,24.3,Healthy weight (18.5-24.9),4.86,134.66666666666666,83.66666666666667,0,1,Hypertension,0
115831,28,21-39,2.8,Female,Other/Multiracial,29,Overweight (25-29.9),5.8,105.66666666666667,74,0,0,No hypertension,0
115833,37,21-39,3.7,Male,Other Hispanic,18.4,Underweight (<18.5),3.6799999999999997,98.33333333333333,66.66666666666667,0,0,No hypertension,0
115834,72,60-79,7.2,Female,Non-Hispanic Black,37.5,Obesity class 2-3 (35+),7.5,136.66666666666666,79.66666666666667,1,1,Hypertension,1
115842,41,40-59,4.1,Female,Non-Hispanic Black,48.7,Obesity class 2-3 (35+),9.74,106.66666666666667,74.33333333333333,0,0,No hypertension,0
115843,76,60-79,7.6,Female,Non-Hispanic White,24.7,Healthy weight (18.5-24.9),4.9399999999999995,165.66666666666666,89,1,1,Hypertension,1
115846,57,40-59,5.7,Female,Other Hispanic,32.1,Obesity class 1 (30-34.9),6.42,124,67.66666666666667,0,0,No hypertension,0
115848,57,40-59,5.7,Male,Non-Hispanic White,31.9,Obesity class 1 (30-34.9),6.38,108.66666666666667,70.33333333333333,1,1,Hypertension,1
115849,49,40-59,4.9,Male,Non-Hispanic White,30.9,Obesity class 1 (30-34.9),6.18,133.33333333333334,82.66666666666667,0,1,Hypertension,0
115850,56,40-59,5.6,Female,Other Hispanic,39.6,Obesity class 2-3 (35+),7.92,122.66666666666667,86,0,1,Hypertension,0
115851,55,40-59,5.5,Female,Non-Hispanic White,29.5,Overweight (25-29.9),5.9,100.66666666666667,65.66666666666667,0,0,No hypertension,0
115853,32,21-39,3.2,Male,Non-Hispanic White,23.1,Healthy weight (18.5-24.9),4.62,117.66666666666667,68,0,0,No hypertension,0
115854,27,21-39,2.7,Male,Non-Hispanic Black,23.1,Healthy weight (18.5-24.9),4.62,109,72.33333333333333,0,0,No hypertension,0
115856,61,60-79,6.1,Female,Non-Hispanic Black,34.1,Obesity class 1 (30-34.9),6.82,123.33333333333333,70.33333333333333,1,1,Hypertension,1
115858,68,60-79,6.8,Male,Non-Hispanic Black,39,Obesity class 2-3 (35+),7.8,115.33333333333333,52.666666666666664,1,1,Hypertension,1
115859,27,21-39,2.7,Male,Mexican American,29.4,Overweight (25-29.9),5.88,108,65,0,0,No hypertension,0
115860,57,40-59,5.7,Male,Non-Hispanic White,23.2,Healthy weight (18.5-24.9),4.64,127,81.33333333333333,0,1,Hypertension,0
115861,70,60-79,7,Male,Non-Hispanic White,26.7,Overweight (25-29.9),5.34,123.33333333333333,60.666666666666664,1,1,Hypertension,1
115864,56,40-59,5.6,Male,Non-Hispanic Black,22.2,Healthy weight (18.5-24.9),4.4399999999999995,149.33333333333334,95,0,1,Hypertension,1
115865,32,21-39,3.2,Female,Non-Hispanic Asian,27.3,Overweight (25-29.9),5.46,98.33333333333333,59.666666666666664,0,0,No hypertension,0
115867,26,21-39,2.6,Male,Non-Hispanic Black,41.1,Obesity class 2-3 (35+),8.22,111.66666666666667,69,0,0,No hypertension,0
115868,53,40-59,5.3,Male,Non-Hispanic Black,29.6,Overweight (25-29.9),5.92,130.66666666666666,92.66666666666667,0,1,Hypertension,1
115874,54,40-59,5.4,Female,Non-Hispanic Black,37.5,Obesity class 2-3 (35+),7.5,150.66666666666666,98,1,1,Hypertension,1
115875,67,60-79,6.7,Female,Non-Hispanic White,46.9,Obesity class 2-3 (35+),9.379999999999999,128.33333333333334,79.66666666666667,0,0,No hypertension,0
115876,68,60-79,6.8,Female,Other/Multiracial,42.7,Obesity class 2-3 (35+),8.540000000000001,146.66666666666666,87,1,1,Hypertension,1
115879,41,40-59,4.1,Male,Non-Hispanic Asian,21.7,Healthy weight (18.5-24.9),4.34,127.33333333333333,88.66666666666667,0,1,Hypertension,0
115880,22,21-39,2.2,Male,Mexican American,24.2,Healthy weight (18.5-24.9),4.84,115.33333333333333,66,0,0,No hypertension,0
115882,66,60-79,6.6,Female,Non-Hispanic White,26.2,Overweight (25-29.9),5.24,137.33333333333334,82,0,1,Hypertension,0
115883,36,21-39,3.6,Male,Non-Hispanic White,24.3,Healthy weight (18.5-24.9),4.86,120.66666666666667,82.33333333333333,0,1,Hypertension,0
115886,73,60-79,7.3,Female,Non-Hispanic White,27.3,Overweight (25-29.9),5.46,135.66666666666666,77.66666666666667,1,1,Hypertension,1
115887,68,60-79,6.8,Female,Non-Hispanic White,25.3,Overweight (25-29.9),5.0600000000000005,111.33333333333333,70,0,0,No hypertension,0
115888,75,60-79,7.5,Female,Non-Hispanic White,32.9,Obesity class 1 (30-34.9),6.58,109.66666666666667,67.66666666666667,1,1,Hypertension,1
115889,62,60-79,6.2,Female,Mexican American,34.6,Obesity class 1 (30-34.9),6.92,138.66666666666666,91,1,1,Hypertension,1
115891,60,60-79,6,Female,Non-Hispanic White,27.6,Overweight (25-29.9),5.5200000000000005,100,62.666666666666664,1,1,Hypertension,1
115895,70,60-79,7,Male,Other/Multiracial,29.8,Overweight (25-29.9),5.96,143.33333333333334,84,0,1,Hypertension,1
115902,31,21-39,3.1,Female,Mexican American,38.7,Obesity class 2-3 (35+),7.74,118,70.66666666666667,0,0,No hypertension,0
115904,67,60-79,6.7,Male,Non-Hispanic White,23.1,Healthy weight (18.5-24.9),4.62,124,64,1,1,Hypertension,1
115907,63,60-79,6.3,Male,Non-Hispanic Asian,27,Overweight (25-29.9),5.4,136,67,1,1,Hypertension,1
115908,65,60-79,6.5,Male,Non-Hispanic Black,20.6,Healthy weight (18.5-24.9),4.12,113.33333333333333,66,0,0,No hypertension,0
115909,55,40-59,5.5,Female,Non-Hispanic Black,50.5,Obesity class 2-3 (35+),10.1,140.66666666666666,95.66666666666667,1,1,Hypertension,1
115910,74,60-79,7.4,Male,Non-Hispanic Black,29.1,Overweight (25-29.9),5.82,122.5,58,1,1,Hypertension,1
115912,35,21-39,3.5,Male,Non-Hispanic Black,25.7,Overweight (25-29.9),5.14,123,81.66666666666667,0,1,Hypertension,0
115913,25,21-39,2.5,Male,Other Hispanic,27.9,Overweight (25-29.9),5.58,103.33333333333333,63.666666666666664,0,0,No hypertension,0
115917,21,21-39,2.1,Female,Non-Hispanic White,38.1,Obesity class 2-3 (35+),7.62,109,77.66666666666667,0,0,No hypertension,0
115923,31,21-39,3.1,Female,Non-Hispanic Asian,29.5,Overweight (25-29.9),5.9,107.66666666666667,83.66666666666667,0,1,Hypertension,0
115929,44,40-59,4.4,Female,Non-Hispanic White,28.1,Overweight (25-29.9),5.62,105.33333333333333,78.33333333333333,0,0,No hypertension,0
115934,75,60-79,7.5,Female,Non-Hispanic White,23.1,Healthy weight (18.5-24.9),4.62,171.33333333333334,62.333333333333336,1,1,Hypertension,1
115935,57,40-59,5.7,Male,Other Hispanic,37.3,Obesity class 2-3 (35+),7.459999999999999,153.66666666666666,95.33333333333333,1,1,Hypertension,1
115936,70,60-79,7,Female,Non-Hispanic White,29.8,Overweight (25-29.9),5.96,135,85.33333333333333,0,1,Hypertension,0
115939,55,40-59,5.5,Male,Other Hispanic,36.6,Obesity class 2-3 (35+),7.32,111,71.33333333333333,0,0,No hypertension,0
115944,43,40-59,4.3,Female,Non-Hispanic Black,32.9,Obesity class 1 (30-34.9),6.58,176.33333333333334,107,0,1,Hypertension,1
115947,72,60-79,7.2,Female,Non-Hispanic Black,37.9,Obesity class 2-3 (35+),7.58,141.33333333333334,63.333333333333336,1,1,Hypertension,1
115950,44,40-59,4.4,Female,Non-Hispanic White,38.8,Obesity class 2-3 (35+),7.76,113.33333333333333,79.66666666666667,0,0,No hypertension,0
115951,48,40-59,4.8,Female,Non-Hispanic White,28.5,Overweight (25-29.9),5.7,89.66666666666667,65.66666666666667,0,0,No hypertension,0
115953,34,21-39,3.4,Female,Non-Hispanic White,52.2,Obesity class 2-3 (35+),10.440000000000001,128,90,0,1,Hypertension,1
115955,53,40-59,5.3,Female,Mexican American,40.6,Obesity class 2-3 (35+),8.120000000000001,125,69.66666666666667,0,0,No hypertension,0
115958,38,21-39,3.8,Female,Non-Hispanic White,40.6,Obesity class 2-3 (35+),8.120000000000001,130.66666666666666,93.66666666666667,0,1,Hypertension,1
115961,52,40-59,5.2,Male,Non-Hispanic White,36.4,Obesity class 2-3 (35+),7.279999999999999,118.33333333333333,74,0,0,No hypertension,0
115963,79,60-79,7.9,Male,Non-Hispanic Asian,23.7,Healthy weight (18.5-24.9),4.74,123.66666666666667,57.333333333333336,0,0,No hypertension,0
115968,74,60-79,7.4,Female,Non-Hispanic White,25.2,Overweight (25-29.9),5.04,128,71.33333333333333,0,0,No hypertension,0
115969,56,40-59,5.6,Female,Non-Hispanic Black,33.9,Obesity class 1 (30-34.9),6.779999999999999,141,95.33333333333333,1,1,Hypertension,1
115972,74,60-79,7.4,Male,Non-Hispanic White,31.9,Obesity class 1 (30-34.9),6.38,138.33333333333334,66.33333333333333,0,1,Hypertension,0
115976,37,21-39,3.7,Female,Non-Hispanic Asian,24.5,Healthy weight (18.5-24.9),4.9,92,53.666666666666664,0,0,No hypertension,0
115978,40,40-59,4,Male,Non-Hispanic White,33.9,Obesity class 1 (30-34.9),6.779999999999999,120,82.33333333333333,1,1,Hypertension,1
115979,24,21-39,2.4,Female,Other Hispanic,42.3,Obesity class 2-3 (35+),8.459999999999999,94.66666666666667,62.666666666666664,0,0,No hypertension,0
115982,30,21-39,3,Female,Non-Hispanic Asian,26.1,Overweight (25-29.9),5.220000000000001,114.66666666666667,59,0,0,No hypertension,0
115983,72,60-79,7.2,Female,Non-Hispanic White,29.5,Overweight (25-29.9),5.9,133.66666666666666,72.66666666666667,1,1,Hypertension,1
115985,66,60-79,6.6,Male,Non-Hispanic Black,32,Obesity class 1 (30-34.9),6.4,119.33333333333333,52.666666666666664,1,1,Hypertension,1
115986,55,40-59,5.5,Female,Non-Hispanic White,39.4,Obesity class 2-3 (35+),7.88,117.33333333333333,87.66666666666667,0,1,Hypertension,0
115988,57,40-59,5.7,Female,Non-Hispanic White,28.7,Overweight (25-29.9),5.74,128,72.33333333333333,0,0,No hypertension,0
115989,64,60-79,6.4,Male,Non-Hispanic Asian,27.7,Overweight (25-29.9),5.54,140.33333333333334,97.66666666666667,1,1,Hypertension,1
115990,29,21-39,2.9,Male,Non-Hispanic Asian,23.8,Healthy weight (18.5-24.9),4.76,161,77.66666666666667,0,1,Hypertension,1
115992,68,60-79,6.8,Male,Non-Hispanic Asian,27.1,Overweight (25-29.9),5.42,95.66666666666667,64.66666666666667,1,1,Hypertension,1
115993,67,60-79,6.7,Male,Non-Hispanic White,28.6,Overweight (25-29.9),5.720000000000001,115,66.66666666666667,1,1,Hypertension,1
115994,64,60-79,6.4,Male,Non-Hispanic White,30.4,Obesity class 1 (30-34.9),6.08,129.33333333333334,76.66666666666667,0,0,No hypertension,0
115995,49,40-59,4.9,Male,Non-Hispanic Black,39.4,Obesity class 2-3 (35+),7.88,147.66666666666666,105.33333333333333,0,1,Hypertension,1
115996,74,60-79,7.4,Male,Non-Hispanic Black,37.9,Obesity class 2-3 (35+),7.58,171.5,70.5,1,1,Hypertension,1
115999,42,40-59,4.2,Male,Non-Hispanic Black,27.7,Overweight (25-29.9),5.54,124.66666666666667,75,0,0,No hypertension,0
116004,55,40-59,5.5,Female,Non-Hispanic White,25.6,Overweight (25-29.9),5.12,109,72,1,1,Hypertension,1
116005,38,21-39,3.8,Male,Non-Hispanic White,39.9,Obesity class 2-3 (35+),7.9799999999999995,129,76,1,1,Hypertension,1
116008,77,60-79,7.7,Female,Other Hispanic,33.5,Obesity class 1 (30-34.9),6.7,138.66666666666666,83,1,1,Hypertension,1
116010,73,60-79,7.3,Female,Non-Hispanic Black,30.7,Obesity class 1 (30-34.9),6.14,133.33333333333334,78.66666666666667,1,1,Hypertension,1
116012,60,60-79,6,Female,Other Hispanic,24.3,Healthy weight (18.5-24.9),4.86,166.33333333333334,70.66666666666667,0,1,Hypertension,1
116013,58,40-59,5.8,Female,Non-Hispanic Black,39.1,Obesity class 2-3 (35+),7.82,103,68.33333333333333,0,0,No hypertension,0
116014,34,21-39,3.4,Male,Non-Hispanic Black,23.3,Healthy weight (18.5-24.9),4.66,133,79.33333333333333,0,1,Hypertension,0
116016,56,40-59,5.6,Male,Non-Hispanic White,44.1,Obesity class 2-3 (35+),8.82,121.33333333333333,71,1,1,Hypertension,1
116018,73,60-79,7.3,Male,Non-Hispanic White,26.1,Overweight (25-29.9),5.220000000000001,138.33333333333334,68.33333333333333,1,1,Hypertension,1
116019,63,60-79,6.3,Female,Non-Hispanic Asian,23,Healthy weight (18.5-24.9),4.6,113.66666666666667,70.33333333333333,0,0,No hypertension,0
116021,59,40-59,5.9,Male,Non-Hispanic Black,19.5,Healthy weight (18.5-24.9),3.9,111.33333333333333,67.33333333333333,0,0,No hypertension,0
116022,34,21-39,3.4,Male,Non-Hispanic White,32.1,Obesity class 1 (30-34.9),6.42,128.66666666666666,88,1,1,Hypertension,1
116027,59,40-59,5.9,Male,Non-Hispanic White,27.8,Overweight (25-29.9),5.5600000000000005,126,76,0,0,No hypertension,0
116028,43,40-59,4.3,Female,Non-Hispanic White,36.2,Obesity class 2-3 (35+),7.24,109,74.33333333333333,0,0,No hypertension,0
116029,26,21-39,2.6,Male,Mexican American,35.5,Obesity class 2-3 (35+),7.1,121.66666666666667,72.33333333333333,0,0,No hypertension,0
116030,70,60-79,7,Male,Non-Hispanic Black,24.1,Healthy weight (18.5-24.9),4.82,150,58.666666666666664,1,1,Hypertension,1
116031,29,21-39,2.9,Male,Other Hispanic,28.4,Overweight (25-29.9),5.68,114.33333333333333,71,0,0,No hypertension,0
116036,59,40-59,5.9,Female,Non-Hispanic White,31.4,Obesity class 1 (30-34.9),6.279999999999999,153,96,0,1,Hypertension,1
116041,69,60-79,6.9,Male,Non-Hispanic White,27.8,Overweight (25-29.9),5.5600000000000005,78.66666666666667,41.333333333333336,1,1,Hypertension,1
116044,75,60-79,7.5,Female,Non-Hispanic White,20.8,Healthy weight (18.5-24.9),4.16,132.33333333333334,61.333333333333336,0,1,Hypertension,0
116045,30,21-39,3,Male,Non-Hispanic White,26.4,Overweight (25-29.9),5.279999999999999,109.33333333333333,64.66666666666667,0,0,No hypertension,0
116050,45,40-59,4.5,Male,Non-Hispanic White,24.5,Healthy weight (18.5-24.9),4.9,146,87.33333333333333,0,1,Hypertension,1
116051,62,60-79,6.2,Female,Mexican American,35.9,Obesity class 2-3 (35+),7.18,131,60,1,1,Hypertension,1
116052,33,21-39,3.3,Male,Other/Multiracial,40.3,Obesity class 2-3 (35+),8.059999999999999,120.33333333333333,87.33333333333333,1,1,Hypertension,1
116056,70,60-79,7,Female,Non-Hispanic White,28.7,Overweight (25-29.9),5.74,135.66666666666666,70.33333333333333,0,1,Hypertension,0
116057,79,60-79,7.9,Male,Non-Hispanic White,26.1,Overweight (25-29.9),5.220000000000001,132.33333333333334,74.33333333333333,0,1,Hypertension,0
116061,74,60-79,7.4,Male,Non-Hispanic Black,26.4,Overweight (25-29.9),5.279999999999999,145.33333333333334,70.66666666666667,1,1,Hypertension,1
116062,40,40-59,4,Male,Other Hispanic,25.8,Overweight (25-29.9),5.16,125,85.33333333333333,0,1,Hypertension,0
116065,56,40-59,5.6,Male,Other/Multiracial,37.1,Obesity class 2-3 (35+),7.42,125.33333333333333,69,1,1,Hypertension,1
116066,74,60-79,7.4,Male,Non-Hispanic Black,30.9,Obesity class 1 (30-34.9),6.18,135.33333333333334,74,0,1,Hypertension,0
116067,44,40-59,4.4,Female,Other/Multiracial,35,Obesity class 2-3 (35+),7,115,74.66666666666667,0,0,No hypertension,0
116070,70,60-79,7,Female,Non-Hispanic Black,34.5,Obesity class 1 (30-34.9),6.9,153.33333333333334,83.66666666666667,1,1,Hypertension,1
116071,29,21-39,2.9,Female,Non-Hispanic White,19.2,Healthy weight (18.5-24.9),3.84,111.33333333333333,74,0,0,No hypertension,0
116072,30,21-39,3,Male,Non-Hispanic White,22,Healthy weight (18.5-24.9),4.4,128.33333333333334,76.33333333333333,0,0,No hypertension,0
116073,53,40-59,5.3,Male,Other/Multiracial,33.2,Obesity class 1 (30-34.9),6.640000000000001,123.33333333333333,74.33333333333333,0,0,No hypertension,0
116074,27,21-39,2.7,Female,Non-Hispanic White,27.2,Overweight (25-29.9),5.4399999999999995,110.66666666666667,73.66666666666667,0,0,No hypertension,0
116075,38,21-39,3.8,Female,Non-Hispanic Black,31.7,Obesity class 1 (30-34.9),6.34,119,85.33333333333333,1,1,Hypertension,1
116076,32,21-39,3.2,Female,Other Hispanic,34.4,Obesity class 1 (30-34.9),6.88,98,69,0,0,No hypertension,0
116077,57,40-59,5.7,Male,Mexican American,27.3,Overweight (25-29.9),5.46,152.66666666666666,90.33333333333333,1,1,Hypertension,1
116078,27,21-39,2.7,Male,Mexican American,32.3,Obesity class 1 (30-34.9),6.459999999999999,120.66666666666667,81.33333333333333,0,1,Hypertension,0
116079,38,21-39,3.8,Male,Mexican American,32.8,Obesity class 1 (30-34.9),6.56,130.66666666666666,81.66666666666667,0,1,Hypertension,0
116085,44,40-59,4.4,Male,Non-Hispanic Asian,24.5,Healthy weight (18.5-24.9),4.9,109.66666666666667,63.333333333333336,0,0,No hypertension,0
116088,33,21-39,3.3,Male,Non-Hispanic Black,23.9,Healthy weight (18.5-24.9),4.779999999999999,110.66666666666667,58,0,0,No hypertension,0
116092,22,21-39,2.2,Male,Mexican American,21.7,Healthy weight (18.5-24.9),4.34,127,73.33333333333333,0,0,No hypertension,0
116094,42,40-59,4.2,Male,Other Hispanic,32.5,Obesity class 1 (30-34.9),6.5,134.66666666666666,88.66666666666667,0,1,Hypertension,0
116097,35,21-39,3.5,Male,Non-Hispanic Asian,33.2,Obesity class 1 (30-34.9),6.640000000000001,126.66666666666667,91.66666666666667,0,1,Hypertension,1
116099,41,40-59,4.1,Female,Mexican American,36.5,Obesity class 2-3 (35+),7.3,120.33333333333333,74.66666666666667,0,0,No hypertension,0
116100,29,21-39,2.9,Male,Non-Hispanic Asian,26.9,Overweight (25-29.9),5.38,116.66666666666667,67.33333333333333,0,0,No hypertension,0
116103,42,40-59,4.2,Female,Non-Hispanic Black,39,Obesity class 2-3 (35+),7.8,143.33333333333334,103,0,1,Hypertension,1
116104,53,40-59,5.3,Female,Non-Hispanic Asian,23.9,Healthy weight (18.5-24.9),4.779999999999999,114,87.33333333333333,0,1,Hypertension,0
116107,74,60-79,7.4,Female,Non-Hispanic White,21.3,Healthy weight (18.5-24.9),4.26,163,81.66666666666667,0,1,Hypertension,1
116109,54,40-59,5.4,Female,Non-Hispanic White,43.8,Obesity class 2-3 (35+),8.76,146.33333333333334,92.66666666666667,1,1,Hypertension,1
116110,39,21-39,3.9,Female,Non-Hispanic White,25.4,Overweight (25-29.9),5.08,109.66666666666667,76,0,0,No hypertension,0
116112,63,60-79,6.3,Female,Non-Hispanic White,38.2,Obesity class 2-3 (35+),7.640000000000001,132.33333333333334,66.33333333333333,1,1,Hypertension,1
116113,46,40-59,4.6,Male,Non-Hispanic Asian,22.3,Healthy weight (18.5-24.9),4.46,110.66666666666667,75.66666666666667,0,0,No hypertension,0
116114,44,40-59,4.4,Female,Mexican American,23.6,Healthy weight (18.5-24.9),4.720000000000001,114.33333333333333,66.66666666666667,0,0,No hypertension,0
116115,42,40-59,4.2,Female,Non-Hispanic Black,30.3,Obesity class 1 (30-34.9),6.0600000000000005,123.33333333333333,76,0,0,No hypertension,0
116116,23,21-39,2.3,Male,Non-Hispanic White,38.4,Obesity class 2-3 (35+),7.68,107.66666666666667,79.66666666666667,0,0,No hypertension,0
116118,56,40-59,5.6,Female,Non-Hispanic White,23.6,Healthy weight (18.5-24.9),4.720000000000001,100.66666666666667,60,0,0,No hypertension,0
116119,37,21-39,3.7,Female,Mexican American,39.6,Obesity class 2-3 (35+),7.92,98.33333333333333,62,0,0,No hypertension,0
116120,71,60-79,7.1,Female,Other Hispanic,27,Overweight (25-29.9),5.4,136.33333333333334,58.333333333333336,0,1,Hypertension,0
116121,34,21-39,3.4,Female,Non-Hispanic Black,30.3,Obesity class 1 (30-34.9),6.0600000000000005,128.33333333333334,85.66666666666667,0,1,Hypertension,0
116123,48,40-59,4.8,Male,Other Hispanic,44.6,Obesity class 2-3 (35+),8.92,94.66666666666667,55,1,1,Hypertension,1
116125,69,60-79,6.9,Male,Non-Hispanic White,25.1,Overweight (25-29.9),5.0200000000000005,120.66666666666667,76,0,0,No hypertension,0
116127,73,60-79,7.3,Male,Non-Hispanic Black,32.7,Obesity class 1 (30-34.9),6.540000000000001,106.33333333333333,59.333333333333336,1,1,Hypertension,1
116129,62,60-79,6.2,Male,Non-Hispanic Black,29.8,Overweight (25-29.9),5.96,128.33333333333334,64.66666666666667,1,1,Hypertension,1
116131,38,21-39,3.8,Male,Non-Hispanic Black,32.9,Obesity class 1 (30-34.9),6.58,127.33333333333333,81,0,1,Hypertension,0
116133,44,40-59,4.4,Female,Non-Hispanic White,28.5,Overweight (25-29.9),5.7,124,77,0,0,No hypertension,0
116135,75,60-79,7.5,Male,Non-Hispanic White,31.2,Obesity class 1 (30-34.9),6.24,123.66666666666667,67.66666666666667,0,0,No hypertension,0
116138,71,60-79,7.1,Female,Non-Hispanic Asian,25.3,Overweight (25-29.9),5.0600000000000005,120.66666666666667,76.66666666666667,1,1,Hypertension,1
116140,38,21-39,3.8,Male,Other Hispanic,41.1,Obesity class 2-3 (35+),8.22,106.66666666666667,71.66666666666667,0,0,No hypertension,0
116141,59,40-59,5.9,Male,Non-Hispanic White,27.9,Overweight (25-29.9),5.58,114,78,0,0,No hypertension,0
116142,46,40-59,4.6,Male,Mexican American,25,Overweight (25-29.9),5,125.66666666666667,61.333333333333336,0,0,No hypertension,0
116143,72,60-79,7.2,Male,Non-Hispanic Black,30.6,Obesity class 1 (30-34.9),6.12,184,86.66666666666667,1,1,Hypertension,1
116144,67,60-79,6.7,Male,Non-Hispanic Black,41.1,Obesity class 2-3 (35+),8.22,130.33333333333334,81.33333333333333,1,1,Hypertension,1
116145,31,21-39,3.1,Female,Non-Hispanic White,24.1,Healthy weight (18.5-24.9),4.82,106.33333333333333,68.66666666666667,0,0,No hypertension,0
116147,38,21-39,3.8,Male,Mexican American,32.3,Obesity class 1 (30-34.9),6.459999999999999,127,81,0,1,Hypertension,0
116148,40,40-59,4,Female,Mexican American,42.4,Obesity class 2-3 (35+),8.48,114,83,0,1,Hypertension,0
116149,46,40-59,4.6,Female,Mexican American,28.3,Overweight (25-29.9),5.66,110.33333333333333,68,0,0,No hypertension,0
116150,49,40-59,4.9,Male,Non-Hispanic White,44.5,Obesity class 2-3 (35+),8.9,139,96.33333333333333,0,1,Hypertension,1
116151,48,40-59,4.8,Male,Non-Hispanic Black,31.2,Obesity class 1 (30-34.9),6.24,121,82.33333333333333,1,1,Hypertension,1
116152,31,21-39,3.1,Male,Non-Hispanic Asian,22.3,Healthy weight (18.5-24.9),4.46,117.33333333333333,72,0,0,No hypertension,0
116153,57,40-59,5.7,Female,Non-Hispanic White,16.8,Underweight (<18.5),3.3600000000000003,128.66666666666666,78.33333333333333,1,1,Hypertension,1
116157,52,40-59,5.2,Female,Non-Hispanic Black,25.6,Overweight (25-29.9),5.12,122.66666666666667,86.33333333333333,0,1,Hypertension,0
116159,41,40-59,4.1,Female,Non-Hispanic White,56.9,Obesity class 2-3 (35+),11.379999999999999,98.33333333333333,76.66666666666667,0,0,No hypertension,0
116160,38,21-39,3.8,Female,Mexican American,36.1,Obesity class 2-3 (35+),7.220000000000001,118.33333333333333,77,0,0,No hypertension,0
116163,37,21-39,3.7,Female,Non-Hispanic White,48.9,Obesity class 2-3 (35+),9.78,89.33333333333333,67,0,0,No hypertension,0
116164,33,21-39,3.3,Female,Other/Multiracial,32.5,Obesity class 1 (30-34.9),6.5,107.33333333333333,74,0,0,No hypertension,0
116165,60,60-79,6,Female,Non-Hispanic White,35.9,Obesity class 2-3 (35+),7.18,146.66666666666666,84.66666666666667,0,1,Hypertension,1
116166,57,40-59,5.7,Male,Other/Multiracial,26.6,Overweight (25-29.9),5.32,108.66666666666667,72.66666666666667,0,0,No hypertension,0
116167,52,40-59,5.2,Female,Mexican American,24.5,Healthy weight (18.5-24.9),4.9,118.66666666666667,57.333333333333336,0,0,No hypertension,0
116169,57,40-59,5.7,Female,Other Hispanic,32.6,Obesity class 1 (30-34.9),6.5200000000000005,103,72,0,0,No hypertension,0
116171,33,21-39,3.3,Male,Non-Hispanic Asian,21.8,Healthy weight (18.5-24.9),4.36,118.66666666666667,63.333333333333336,0,0,No hypertension,0
116174,50,40-59,5,Female,Non-Hispanic Black,28.5,Overweight (25-29.9),5.7,154.33333333333334,100.33333333333333,1,1,Hypertension,1
116177,34,21-39,3.4,Male,Non-Hispanic White,22.4,Healthy weight (18.5-24.9),4.4799999999999995,125.33333333333333,84,0,1,Hypertension,0
116180,33,21-39,3.3,Male,Other Hispanic,23.8,Healthy weight (18.5-24.9),4.76,121.66666666666667,74,0,0,No hypertension,0
116181,45,40-59,4.5,Male,Non-Hispanic White,27.3,Overweight (25-29.9),5.46,102.33333333333333,70,0,0,No hypertension,0
116183,38,21-39,3.8,Female,Non-Hispanic White,31.7,Obesity class 1 (30-34.9),6.34,125.66666666666667,83,0,1,Hypertension,0
116184,33,21-39,3.3,Male,Non-Hispanic Asian,25.7,Overweight (25-29.9),5.14,124,73,0,0,No hypertension,0
116185,29,21-39,2.9,Male,Mexican American,31.2,Obesity class 1 (30-34.9),6.24,119.66666666666667,78.66666666666667,0,0,No hypertension,0
116186,32,21-39,3.2,Male,Mexican American,30.2,Obesity class 1 (30-34.9),6.04,113,75,0,0,No hypertension,0
116187,65,60-79,6.5,Female,Non-Hispanic White,32.5,Obesity class 1 (30-34.9),6.5,122,80.66666666666667,0,1,Hypertension,0
116190,23,21-39,2.3,Male,Non-Hispanic White,26.5,Overweight (25-29.9),5.3,113.66666666666667,68,0,0,No hypertension,0
116196,57,40-59,5.7,Female,Non-Hispanic White,41,Obesity class 2-3 (35+),8.2,127.66666666666667,86,0,1,Hypertension,0
116200,62,60-79,6.2,Male,Non-Hispanic Black,23.1,Healthy weight (18.5-24.9),4.62,164,92.33333333333333,1,1,Hypertension,1
116202,31,21-39,3.1,Male,Non-Hispanic Black,39.6,Obesity class 2-3 (35+),7.92,105.33333333333333,67,0,0,No hypertension,0
116203,61,60-79,6.1,Female,Non-Hispanic White,42.4,Obesity class 2-3 (35+),8.48,134,52.333333333333336,1,1,Hypertension,1
116205,36,21-39,3.6,Male,Non-Hispanic Black,25.2,Overweight (25-29.9),5.04,113,64,0,0,No hypertension,0
116206,64,60-79,6.4,Male,Non-Hispanic White,22.4,Healthy weight (18.5-24.9),4.4799999999999995,131.33333333333334,74.33333333333333,0,1,Hypertension,0
116207,34,21-39,3.4,Female,Non-Hispanic White,43.6,Obesity class 2-3 (35+),8.72,110.33333333333333,71,0,0,No hypertension,0
116208,67,60-79,6.7,Male,Non-Hispanic Black,24.1,Healthy weight (18.5-24.9),4.82,108.33333333333333,70.66666666666667,0,0,No hypertension,0
116210,52,40-59,5.2,Female,Non-Hispanic White,39.4,Obesity class 2-3 (35+),7.88,121.33333333333333,72.33333333333333,0,0,No hypertension,0
116211,60,60-79,6,Female,Mexican American,34.5,Obesity class 1 (30-34.9),6.9,119.66666666666667,69.33333333333333,0,0,No hypertension,0
116213,62,60-79,6.2,Male,Non-Hispanic Asian,29,Overweight (25-29.9),5.8,125,68.66666666666667,1,1,Hypertension,1
116219,22,21-39,2.2,Male,Non-Hispanic Asian,26.9,Overweight (25-29.9),5.38,116.33333333333333,72.33333333333333,0,0,No hypertension,0
116225,43,40-59,4.3,Male,Non-Hispanic White,51,Obesity class 2-3 (35+),10.2,120,83.66666666666667,0,1,Hypertension,0
116226,25,21-39,2.5,Male,Non-Hispanic White,24.5,Healthy weight (18.5-24.9),4.9,114.66666666666667,69.33333333333333,0,0,No hypertension,0
116228,30,21-39,3,Female,Non-Hispanic Black,22.7,Healthy weight (18.5-24.9),4.54,117,73.66666666666667,0,0,No hypertension,0
116232,60,60-79,6,Female,Non-Hispanic White,32.3,Obesity class 1 (30-34.9),6.459999999999999,121.33333333333333,76.33333333333333,0,0,No hypertension,0
116236,27,21-39,2.7,Male,Other Hispanic,37.2,Obesity class 2-3 (35+),7.44,128.66666666666666,80,0,1,Hypertension,0
116238,47,40-59,4.7,Female,Non-Hispanic Black,26.1,Overweight (25-29.9),5.220000000000001,102.33333333333333,65.33333333333333,1,1,Hypertension,1
116240,74,60-79,7.4,Male,Non-Hispanic Black,31.7,Obesity class 1 (30-34.9),6.34,129.66666666666666,46.333333333333336,1,1,Hypertension,1
116241,28,21-39,2.8,Female,Non-Hispanic White,42.4,Obesity class 2-3 (35+),8.48,107.33333333333333,77,0,0,No hypertension,0
116242,42,40-59,4.2,Female,Other Hispanic,33,Obesity class 1 (30-34.9),6.6,142.33333333333334,95.33333333333333,0,1,Hypertension,1
116243,60,60-79,6,Female,Non-Hispanic White,32.7,Obesity class 1 (30-34.9),6.540000000000001,124.33333333333333,80.66666666666667,0,1,Hypertension,0
116247,27,21-39,2.7,Female,Other/Multiracial,40.6,Obesity class 2-3 (35+),8.120000000000001,109.33333333333333,74,0,0,No hypertension,0
116251,60,60-79,6,Female,Non-Hispanic White,18.8,Healthy weight (18.5-24.9),3.7600000000000002,94,57.666666666666664,1,1,Hypertension,1
116252,41,40-59,4.1,Male,Non-Hispanic White,39.7,Obesity class 2-3 (35+),7.94,123.33333333333333,72.33333333333333,0,0,No hypertension,0
116254,62,60-79,6.2,Male,Mexican American,23.5,Healthy weight (18.5-24.9),4.7,117,61.666666666666664,0,0,No hypertension,0
116264,39,21-39,3.9,Female,Non-Hispanic White,43.4,Obesity class 2-3 (35+),8.68,111,80,0,1,Hypertension,0
116265,52,40-59,5.2,Male,Non-Hispanic White,31.6,Obesity class 1 (30-34.9),6.32,133.66666666666666,89.33333333333333,0,1,Hypertension,0
116267,56,40-59,5.6,Male,Other/Multiracial,28.8,Overweight (25-29.9),5.76,105.66666666666667,72.33333333333333,1,1,Hypertension,1
116268,56,40-59,5.6,Female,Non-Hispanic White,42.5,Obesity class 2-3 (35+),8.5,145.33333333333334,86,1,1,Hypertension,1
116269,34,21-39,3.4,Female,Non-Hispanic White,38.1,Obesity class 2-3 (35+),7.62,120.33333333333333,92.33333333333333,0,1,Hypertension,1
116270,55,40-59,5.5,Male,Other Hispanic,31.1,Obesity class 1 (30-34.9),6.220000000000001,114.33333333333333,68.33333333333333,0,0,No hypertension,0
116271,52,40-59,5.2,Female,Non-Hispanic Asian,23.6,Healthy weight (18.5-24.9),4.720000000000001,130,95,0,1,Hypertension,1
116274,45,40-59,4.5,Male,Other Hispanic,35.1,Obesity class 2-3 (35+),7.0200000000000005,137.66666666666666,85.33333333333333,1,1,Hypertension,1
116276,49,40-59,4.9,Female,Non-Hispanic Black,39.3,Obesity class 2-3 (35+),7.859999999999999,127.66666666666667,78,1,1,Hypertension,1
116277,60,60-79,6,Female,Non-Hispanic Asian,38.6,Obesity class 2-3 (35+),7.720000000000001,157,89.33333333333333,1,1,Hypertension,1
116278,44,40-59,4.4,Male,Non-Hispanic White,29.5,Overweight (25-29.9),5.9,119.33333333333333,84.66666666666667,0,1,Hypertension,0
116280,69,60-79,6.9,Female,Non-Hispanic Black,30,Obesity class 1 (30-34.9),6,140,74.33333333333333,0,1,Hypertension,1
116283,52,40-59,5.2,Male,Other/Multiracial,25.2,Overweight (25-29.9),5.04,111,76.33333333333333,0,0,No hypertension,0
116284,32,21-39,3.2,Male,Non-Hispanic White,33.1,Obesity class 1 (30-34.9),6.62,122,65,0,0,No hypertension,0
116286,58,40-59,5.8,Male,Non-Hispanic Black,27.5,Overweight (25-29.9),5.5,121,66.66666666666667,0,0,No hypertension,0
116287,47,40-59,4.7,Female,Non-Hispanic White,24.8,Healthy weight (18.5-24.9),4.96,106.66666666666667,68,0,0,No hypertension,0
116290,31,21-39,3.1,Female,Non-Hispanic Black,22.8,Healthy weight (18.5-24.9),4.5600000000000005,124.66666666666667,69,0,0,No hypertension,0
116291,48,40-59,4.8,Female,Non-Hispanic Asian,21.9,Healthy weight (18.5-24.9),4.38,115,66.66666666666667,0,0,No hypertension,0
116292,50,40-59,5,Male,Other/Multiracial,24.2,Healthy weight (18.5-24.9),4.84,130.66666666666666,78,0,1,Hypertension,0
116293,43,40-59,4.3,Female,Other/Multiracial,17.6,Underweight (<18.5),3.5200000000000005,103,70.33333333333333,0,0,No hypertension,0
116294,29,21-39,2.9,Female,Non-Hispanic Asian,23.8,Healthy weight (18.5-24.9),4.76,118.33333333333333,66.33333333333333,0,0,No hypertension,0
116295,78,60-79,7.8,Female,Non-Hispanic Black,21.1,Healthy weight (18.5-24.9),4.220000000000001,183.33333333333334,115.33333333333333,1,1,Hypertension,1
116299,58,40-59,5.8,Female,Non-Hispanic Asian,26,Overweight (25-29.9),5.2,127,84.66666666666667,1,1,Hypertension,1
116300,34,21-39,3.4,Male,Non-Hispanic White,23.4,Healthy weight (18.5-24.9),4.68,119,76,0,0,No hypertension,0
116302,29,21-39,2.9,Male,Non-Hispanic White,23.9,Healthy weight (18.5-24.9),4.779999999999999,113,60.333333333333336,0,0,No hypertension,0
116303,64,60-79,6.4,Female,Non-Hispanic White,33.3,Obesity class 1 (30-34.9),6.659999999999999,103.66666666666667,68.33333333333333,1,1,Hypertension,1
116306,25,21-39,2.5,Female,Other/Multiracial,52.5,Obesity class 2-3 (35+),10.5,110.33333333333333,76,0,0,No hypertension,0
116310,42,40-59,4.2,Male,Other Hispanic,29.8,Overweight (25-29.9),5.96,110,68,0,0,No hypertension,0
116312,55,40-59,5.5,Female,Non-Hispanic Asian,31.8,Obesity class 1 (30-34.9),6.36,114.66666666666667,76,0,0,No hypertension,0
116313,72,60-79,7.2,Female,Non-Hispanic White,23,Healthy weight (18.5-24.9),4.6,88.33333333333333,45.666666666666664,0,0,No hypertension,0
116314,35,21-39,3.5,Female,Non-Hispanic Asian,17,Underweight (<18.5),3.4,108.66666666666667,65.66666666666667,0,0,No hypertension,0
116319,45,40-59,4.5,Male,Non-Hispanic Black,39,Obesity class 2-3 (35+),7.8,134,91.33333333333333,0,1,Hypertension,1
116320,47,40-59,4.7,Male,Non-Hispanic Black,24.2,Healthy weight (18.5-24.9),4.84,143,93.66666666666667,0,1,Hypertension,1
116322,59,40-59,5.9,Female,Other/Multiracial,27.6,Overweight (25-29.9),5.5200000000000005,155.33333333333334,80.66666666666667,0,1,Hypertension,1
116325,62,60-79,6.2,Male,Non-Hispanic Black,43.3,Obesity class 2-3 (35+),8.66,134.66666666666666,84.33333333333333,1,1,Hypertension,1
116327,51,40-59,5.1,Male,Non-Hispanic Black,26.5,Overweight (25-29.9),5.3,147,86,0,1,Hypertension,1
116328,39,21-39,3.9,Male,Non-Hispanic White,56.1,Obesity class 2-3 (35+),11.22,120.66666666666667,86.66666666666667,1,1,Hypertension,1
116330,41,40-59,4.1,Male,Non-Hispanic White,25.8,Overweight (25-29.9),5.16,113.66666666666667,76,0,0,No hypertension,0
116333,36,21-39,3.6,Female,Non-Hispanic White,44.7,Obesity class 2-3 (35+),8.940000000000001,111.66666666666667,76,0,0,No hypertension,0
116335,61,60-79,6.1,Male,Non-Hispanic White,36.9,Obesity class 2-3 (35+),7.38,99.33333333333333,61,1,1,Hypertension,1
116336,40,40-59,4,Female,Non-Hispanic White,32,Obesity class 1 (30-34.9),6.4,106.66666666666667,77.33333333333333,0,0,No hypertension,0
116339,69,60-79,6.9,Male,Non-Hispanic White,35.4,Obesity class 2-3 (35+),7.08,110.66666666666667,72,1,1,Hypertension,1
116342,23,21-39,2.3,Male,Non-Hispanic Black,17.9,Underweight (<18.5),3.5799999999999996,105.66666666666667,54.333333333333336,0,0,No hypertension,0
116345,50,40-59,5,Female,Non-Hispanic Asian,25.8,Overweight (25-29.9),5.16,131,85.33333333333333,1,1,Hypertension,1
116346,72,60-79,7.2,Male,Non-Hispanic White,35.2,Obesity class 2-3 (35+),7.040000000000001,132,76,0,1,Hypertension,0
116347,79,60-79,7.9,Male,Non-Hispanic White,33.8,Obesity class 1 (30-34.9),6.76,136.66666666666666,69,1,1,Hypertension,1
116348,47,40-59,4.7,Female,Non-Hispanic White,27.8,Overweight (25-29.9),5.5600000000000005,114.33333333333333,71,0,0,No hypertension,0
116351,63,60-79,6.3,Female,Non-Hispanic White,38.3,Obesity class 2-3 (35+),7.659999999999999,139.66666666666666,82,1,1,Hypertension,1
116352,26,21-39,2.6,Male,Mexican American,22.4,Healthy weight (18.5-24.9),4.4799999999999995,112.66666666666667,65,0,0,No hypertension,0
116354,56,40-59,5.6,Female,Non-Hispanic Black,49.2,Obesity class 2-3 (35+),9.84,148.33333333333334,93,0,1,Hypertension,1
116355,42,40-59,4.2,Female,Mexican American,21.2,Healthy weight (18.5-24.9),4.24,105.66666666666667,64.66666666666667,0,0,No hypertension,0
116360,48,40-59,4.8,Male,Non-Hispanic White,26.4,Overweight (25-29.9),5.279999999999999,122.66666666666667,71.66666666666667,0,0,No hypertension,0
116362,23,21-39,2.3,Male,Mexican American,38.2,Obesity class 2-3 (35+),7.640000000000001,123.33333333333333,80.33333333333333,0,1,Hypertension,0
116375,54,40-59,5.4,Male,Non-Hispanic White,31.5,Obesity class 1 (30-34.9),6.3,137.33333333333334,95,1,1,Hypertension,1
116378,55,40-59,5.5,Male,Other Hispanic,29.4,Overweight (25-29.9),5.88,119,72.66666666666667,0,0,No hypertension,0
116380,57,40-59,5.7,Male,Non-Hispanic Asian,26.4,Overweight (25-29.9),5.279999999999999,117.66666666666667,84,0,1,Hypertension,0
116381,59,40-59,5.9,Male,Non-Hispanic White,26.2,Overweight (25-29.9),5.24,129.66666666666666,77.33333333333333,0,0,No hypertension,0
116382,36,21-39,3.6,Male,Non-Hispanic Asian,28.7,Overweight (25-29.9),5.74,116,72,0,0,No hypertension,0
116383,67,60-79,6.7,Female,Other Hispanic,31.9,Obesity class 1 (30-34.9),6.38,161.33333333333334,82.33333333333333,0,1,Hypertension,1
116385,60,60-79,6,Female,Non-Hispanic Black,50.1,Obesity class 2-3 (35+),10.02,117.33333333333333,70.33333333333333,1,1,Hypertension,1
116387,56,40-59,5.6,Female,Non-Hispanic Black,37,Obesity class 2-3 (35+),7.4,151.33333333333334,70.33333333333333,1,1,Hypertension,1
116389,75,60-79,7.5,Female,Non-Hispanic White,48.7,Obesity class 2-3 (35+),9.74,149,84.66666666666667,1,1,Hypertension,1
116397,74,60-79,7.4,Female,Non-Hispanic White,17.5,Underweight (<18.5),3.5,129.66666666666666,75,0,0,No hypertension,0
116398,28,21-39,2.8,Female,Other Hispanic,22.6,Healthy weight (18.5-24.9),4.5200000000000005,100.66666666666667,59,0,0,No hypertension,0
116404,70,60-79,7,Female,Other Hispanic,24.7,Healthy weight (18.5-24.9),4.9399999999999995,126.33333333333333,75.66666666666667,0,0,No hypertension,0
116405,66,60-79,6.6,Female,Other/Multiracial,31,Obesity class 1 (30-34.9),6.2,103.66666666666667,57.666666666666664,1,1,Hypertension,1
116406,60,60-79,6,Male,Non-Hispanic Black,29.2,Overweight (25-29.9),5.84,155.33333333333334,102,1,1,Hypertension,1
116407,49,40-59,4.9,Female,Non-Hispanic Black,39,Obesity class 2-3 (35+),7.8,106,67.66666666666667,1,1,Hypertension,1
116415,50,40-59,5,Female,Non-Hispanic Asian,29.7,Overweight (25-29.9),5.9399999999999995,114.33333333333333,75.66666666666667,0,0,No hypertension,0
116417,27,21-39,2.7,Female,Mexican American,32.8,Obesity class 1 (30-34.9),6.56,99,67,0,0,No hypertension,0
116420,25,21-39,2.5,Male,Non-Hispanic White,38.7,Obesity class 2-3 (35+),7.74,124.66666666666667,83.66666666666667,0,1,Hypertension,0
116421,69,60-79,6.9,Male,Non-Hispanic Black,26.8,Overweight (25-29.9),5.36,137,85.33333333333333,1,1,Hypertension,1
116423,65,60-79,6.5,Female,Non-Hispanic Black,27.7,Overweight (25-29.9),5.54,141.33333333333334,97.33333333333333,0,1,Hypertension,1
116424,37,21-39,3.7,Male,Other Hispanic,23.1,Healthy weight (18.5-24.9),4.62,126.33333333333333,68.33333333333333,0,0,No hypertension,0
116426,43,40-59,4.3,Female,Non-Hispanic Black,38.5,Obesity class 2-3 (35+),7.7,124.66666666666667,85.33333333333333,0,1,Hypertension,0
116428,47,40-59,4.7,Male,Non-Hispanic White,28.6,Overweight (25-29.9),5.720000000000001,118,75,1,1,Hypertension,1
116430,53,40-59,5.3,Male,Non-Hispanic White,24.6,Healthy weight (18.5-24.9),4.92,140.66666666666666,85,1,1,Hypertension,1
116433,28,21-39,2.8,Female,Mexican American,19,Healthy weight (18.5-24.9),3.8,109.66666666666667,75.33333333333333,0,0,No hypertension,0
116434,30,21-39,3,Female,Other/Multiracial,23.8,Healthy weight (18.5-24.9),4.76,120.66666666666667,69.66666666666667,0,0,No hypertension,0
116435,51,40-59,5.1,Female,Non-Hispanic Asian,28.9,Overweight (25-29.9),5.779999999999999,121,76.33333333333333,0,0,No hypertension,0
116437,71,60-79,7.1,Male,Other Hispanic,42.4,Obesity class 2-3 (35+),8.48,128.66666666666666,78.33333333333333,1,1,Hypertension,1
116441,68,60-79,6.8,Male,Non-Hispanic Asian,25.2,Overweight (25-29.9),5.04,137.66666666666666,80.33333333333333,1,1,Hypertension,1
116444,62,60-79,6.2,Female,Mexican American,27.1,Overweight (25-29.9),5.42,120.33333333333333,65.33333333333333,0,0,No hypertension,0
116447,75,60-79,7.5,Male,Non-Hispanic White,30.4,Obesity class 1 (30-34.9),6.08,131.33333333333334,69.66666666666667,0,1,Hypertension,0
116448,21,21-39,2.1,Female,Non-Hispanic Black,21.9,Healthy weight (18.5-24.9),4.38,106,66.33333333333333,0,0,No hypertension,0
116449,65,60-79,6.5,Female,Other Hispanic,29.7,Overweight (25-29.9),5.9399999999999995,190,104,1,1,Hypertension,1
116451,36,21-39,3.6,Female,Mexican American,25.8,Overweight (25-29.9),5.16,108,64.33333333333333,0,0,No hypertension,0
116453,31,21-39,3.1,Female,Other/Multiracial,41.7,Obesity class 2-3 (35+),8.34,109.66666666666667,70.66666666666667,0,0,No hypertension,0
116454,31,21-39,3.1,Female,Non-Hispanic Black,29.5,Overweight (25-29.9),5.9,112.33333333333333,73.66666666666667,0,0,No hypertension,0
116455,56,40-59,5.6,Female,Non-Hispanic Asian,21,Healthy weight (18.5-24.9),4.2,114,70.66666666666667,0,0,No hypertension,0
116456,73,60-79,7.3,Male,Non-Hispanic White,25.9,Overweight (25-29.9),5.18,127.33333333333333,71,1,1,Hypertension,1
116457,75,60-79,7.5,Female,Non-Hispanic Black,27.9,Overweight (25-29.9),5.58,157.66666666666666,84,1,1,Hypertension,1
116459,69,60-79,6.9,Male,Other/Multiracial,27.2,Overweight (25-29.9),5.4399999999999995,120,69,0,0,No hypertension,0
116463,59,40-59,5.9,Male,Non-Hispanic Black,24.9,Healthy weight (18.5-24.9),4.9799999999999995,117.33333333333333,74.66666666666667,0,0,No hypertension,0
116464,48,40-59,4.8,Male,Non-Hispanic Asian,24.7,Healthy weight (18.5-24.9),4.9399999999999995,136.33333333333334,87.33333333333333,1,1,Hypertension,1
116472,64,60-79,6.4,Female,Other Hispanic,37.8,Obesity class 2-3 (35+),7.56,128,66.33333333333333,1,1,Hypertension,1
116474,72,60-79,7.2,Male,Non-Hispanic Asian,21.9,Healthy weight (18.5-24.9),4.38,133.66666666666666,72,1,1,Hypertension,1
116475,33,21-39,3.3,Male,Non-Hispanic Asian,22.3,Healthy weight (18.5-24.9),4.46,130.66666666666666,82,0,1,Hypertension,0
116484,71,60-79,7.1,Male,Non-Hispanic White,24.9,Healthy weight (18.5-24.9),4.9799999999999995,145.66666666666666,77.66666666666667,0,1,Hypertension,1
116485,50,40-59,5,Male,Other Hispanic,26.2,Overweight (25-29.9),5.24,132,85.33333333333333,0,1,Hypertension,0
116486,66,60-79,6.6,Male,Non-Hispanic Black,20.2,Healthy weight (18.5-24.9),4.04,149.33333333333334,96,0,1,Hypertension,1
116487,48,40-59,4.8,Male,Other/Multiracial,32.6,Obesity class 1 (30-34.9),6.5200000000000005,112.33333333333333,74.66666666666667,0,0,No hypertension,0
116488,72,60-79,7.2,Male,Non-Hispanic White,34.7,Obesity class 1 (30-34.9),6.94,125,66,0,0,No hypertension,0
116490,36,21-39,3.6,Female,Non-Hispanic White,63.4,Obesity class 2-3 (35+),12.68,102.33333333333333,65.33333333333333,0,0,No hypertension,0
116493,67,60-79,6.7,Male,Non-Hispanic Black,28.1,Overweight (25-29.9),5.62,131,69.66666666666667,1,1,Hypertension,1
116495,55,40-59,5.5,Female,Non-Hispanic White,35.1,Obesity class 2-3 (35+),7.0200000000000005,103,73.33333333333333,0,0,No hypertension,0
116499,53,40-59,5.3,Female,Other Hispanic,38.5,Obesity class 2-3 (35+),7.7,148,85,0,1,Hypertension,1
116500,50,40-59,5,Male,Other Hispanic,38.9,Obesity class 2-3 (35+),7.779999999999999,102,52.333333333333336,1,1,Hypertension,1
116502,70,60-79,7,Female,Non-Hispanic White,25.6,Overweight (25-29.9),5.12,151.66666666666666,76,1,1,Hypertension,1
116503,69,60-79,6.9,Male,Non-Hispanic Asian,25.2,Overweight (25-29.9),5.04,150.66666666666666,74.66666666666667,1,1,Hypertension,1
116506,43,40-59,4.3,Male,Mexican American,66.5,Obesity class 2-3 (35+),13.3,112,69.66666666666667,1,1,Hypertension,1
116507,53,40-59,5.3,Female,Other Hispanic,20.4,Healthy weight (18.5-24.9),4.08,146.66666666666666,71.33333333333333,0,1,Hypertension,1
116508,37,21-39,3.7,Female,Non-Hispanic Asian,19.6,Healthy weight (18.5-24.9),3.9200000000000004,122.66666666666667,85,0,1,Hypertension,0
116510,55,40-59,5.5,Female,Non-Hispanic White,40.2,Obesity class 2-3 (35+),8.040000000000001,105.66666666666667,70.66666666666667,0,0,No hypertension,0
116511,58,40-59,5.8,Female,Non-Hispanic White,22.2,Healthy weight (18.5-24.9),4.4399999999999995,132.33333333333334,83,0,1,Hypertension,0
116518,21,21-39,2.1,Male,Non-Hispanic Black,35.1,Obesity class 2-3 (35+),7.0200000000000005,110,72.33333333333333,0,0,No hypertension,0
116520,45,40-59,4.5,Female,Non-Hispanic Black,41.6,Obesity class 2-3 (35+),8.32,130,98,1,1,Hypertension,1
116522,59,40-59,5.9,Male,Other Hispanic,31.2,Obesity class 1 (30-34.9),6.24,125.33333333333333,76.66666666666667,0,0,No hypertension,0
116526,56,40-59,5.6,Male,Non-Hispanic Asian,41.7,Obesity class 2-3 (35+),8.34,148.66666666666666,88.33333333333333,1,1,Hypertension,1
116528,42,40-59,4.2,Female,Other Hispanic,21,Healthy weight (18.5-24.9),4.2,91,54.333333333333336,0,0,No hypertension,0
116531,63,60-79,6.3,Male,Non-Hispanic Black,25.3,Overweight (25-29.9),5.0600000000000005,121,64,1,1,Hypertension,1
116532,29,21-39,2.9,Female,Non-Hispanic White,23.9,Healthy weight (18.5-24.9),4.779999999999999,99,63,0,0,No hypertension,0
116533,50,40-59,5,Female,Non-Hispanic White,27.7,Overweight (25-29.9),5.54,114.33333333333333,74,0,0,No hypertension,0
116535,32,21-39,3.2,Female,Non-Hispanic White,18.3,Underweight (<18.5),3.66,99.33333333333333,62.333333333333336,0,0,No hypertension,0
116537,23,21-39,2.3,Male,Non-Hispanic White,28.7,Overweight (25-29.9),5.74,125,79,0,0,No hypertension,0
116542,64,60-79,6.4,Male,Mexican American,27.9,Overweight (25-29.9),5.58,130.33333333333334,69.33333333333333,1,1,Hypertension,1
116546,21,21-39,2.1,Male,Non-Hispanic Black,18.8,Healthy weight (18.5-24.9),3.7600000000000002,115,53.666666666666664,0,0,No hypertension,0
116547,59,40-59,5.9,Female,Non-Hispanic White,23.4,Healthy weight (18.5-24.9),4.68,109.66666666666667,68.66666666666667,0,0,No hypertension,0
116551,38,21-39,3.8,Female,Non-Hispanic White,34.4,Obesity class 1 (30-34.9),6.88,117,86.33333333333333,0,1,Hypertension,0
116555,62,60-79,6.2,Male,Mexican American,28.6,Overweight (25-29.9),5.720000000000001,132,84.33333333333333,0,1,Hypertension,0
116556,63,60-79,6.3,Female,Non-Hispanic Black,26.1,Overweight (25-29.9),5.220000000000001,124,63.333333333333336,0,0,No hypertension,0
116557,35,21-39,3.5,Male,Other Hispanic,32.8,Obesity class 1 (30-34.9),6.56,118.33333333333333,64.33333333333333,0,0,No hypertension,0
116560,39,21-39,3.9,Male,Non-Hispanic Asian,22.7,Healthy weight (18.5-24.9),4.54,169.33333333333334,113.33333333333333,0,1,Hypertension,1
116561,33,21-39,3.3,Male,Non-Hispanic Asian,25.1,Overweight (25-29.9),5.0200000000000005,122.33333333333333,77.33333333333333,0,0,No hypertension,0
116562,69,60-79,6.9,Male,Mexican American,28.8,Overweight (25-29.9),5.76,127,69.33333333333333,1,1,Hypertension,1
116563,29,21-39,2.9,Male,Non-Hispanic White,20.9,Healthy weight (18.5-24.9),4.18,104.33333333333333,55,0,0,No hypertension,0
116564,58,40-59,5.8,Male,Non-Hispanic White,28.9,Overweight (25-29.9),5.779999999999999,134.33333333333334,85.66666666666667,0,1,Hypertension,0
116565,75,60-79,7.5,Female,Non-Hispanic White,30.2,Obesity class 1 (30-34.9),6.04,115.33333333333333,66.33333333333333,0,0,No hypertension,0
116569,63,60-79,6.3,Male,Non-Hispanic White,28.5,Overweight (25-29.9),5.7,126,83.33333333333333,1,1,Hypertension,1
116572,63,60-79,6.3,Male,Non-Hispanic Asian,18.6,Healthy weight (18.5-24.9),3.72,135.33333333333334,59.333333333333336,0,1,Hypertension,0
116574,73,60-79,7.3,Female,Non-Hispanic White,33.2,Obesity class 1 (30-34.9),6.640000000000001,119.33333333333333,68.33333333333333,1,1,Hypertension,1
116582,63,60-79,6.3,Male,Non-Hispanic Black,22.1,Healthy weight (18.5-24.9),4.42,134,74.66666666666667,0,1,Hypertension,0
116583,24,21-39,2.4,Male,Non-Hispanic Black,20.8,Healthy weight (18.5-24.9),4.16,116,77,0,0,No hypertension,0
116584,70,60-79,7,Male,Non-Hispanic White,30.2,Obesity class 1 (30-34.9),6.04,143.33333333333334,68,0,1,Hypertension,1
116587,57,40-59,5.7,Male,Non-Hispanic Black,35.6,Obesity class 2-3 (35+),7.12,166.66666666666666,86.66666666666667,1,1,Hypertension,1
116589,70,60-79,7,Male,Non-Hispanic White,29.4,Overweight (25-29.9),5.88,136,87.66666666666667,0,1,Hypertension,0
116595,26,21-39,2.6,Female,Mexican American,18.7,Healthy weight (18.5-24.9),3.7399999999999998,112,72.66666666666667,0,0,No hypertension,0
116596,52,40-59,5.2,Male,Non-Hispanic White,30.6,Obesity class 1 (30-34.9),6.12,143.33333333333334,74,0,1,Hypertension,1
116598,49,40-59,4.9,Male,Mexican American,39.3,Obesity class 2-3 (35+),7.859999999999999,131.33333333333334,84,0,1,Hypertension,0
116600,62,60-79,6.2,Male,Non-Hispanic Black,23.8,Healthy weight (18.5-24.9),4.76,150.33333333333334,82.33333333333333,1,1,Hypertension,1
116605,59,40-59,5.9,Female,Non-Hispanic Black,40.4,Obesity class 2-3 (35+),8.08,139.66666666666666,84.66666666666667,1,1,Hypertension,1
116607,69,60-79,6.9,Female,Non-Hispanic White,28.5,Overweight (25-29.9),5.7,127.33333333333333,73,1,1,Hypertension,1
116608,74,60-79,7.4,Female,Non-Hispanic White,31.7,Obesity class 1 (30-34.9),6.34,127.66666666666667,67.66666666666667,0,0,No hypertension,0
116609,43,40-59,4.3,Male,Mexican American,26.7,Overweight (25-29.9),5.34,112.66666666666667,66.33333333333333,0,0,No hypertension,0
116610,55,40-59,5.5,Female,Non-Hispanic Asian,27.3,Overweight (25-29.9),5.46,121.66666666666667,75.33333333333333,0,0,No hypertension,0
116613,26,21-39,2.6,Male,Non-Hispanic Asian,28.8,Overweight (25-29.9),5.76,98.66666666666667,69.33333333333333,0,0,No hypertension,0
116614,22,21-39,2.2,Male,Non-Hispanic Asian,19.3,Healthy weight (18.5-24.9),3.8600000000000003,109,67.33333333333333,0,0,No hypertension,0
116616,52,40-59,5.2,Male,Non-Hispanic Black,27.8,Overweight (25-29.9),5.5600000000000005,124.33333333333333,77.33333333333333,0,0,No hypertension,0
116617,64,60-79,6.4,Male,Other Hispanic,24.3,Healthy weight (18.5-24.9),4.86,125,67.66666666666667,0,0,No hypertension,0
116622,70,60-79,7,Male,Non-Hispanic White,21,Healthy weight (18.5-24.9),4.2,168.66666666666666,111.66666666666667,0,1,Hypertension,1
116623,65,60-79,6.5,Female,Other Hispanic,35.5,Obesity class 2-3 (35+),7.1,147,86.66666666666667,1,1,Hypertension,1
116627,31,21-39,3.1,Male,Mexican American,37.2,Obesity class 2-3 (35+),7.44,117.66666666666667,79.66666666666667,0,0,No hypertension,0
116628,74,60-79,7.4,Male,Other Hispanic,26.8,Overweight (25-29.9),5.36,92.66666666666667,53.333333333333336,1,1,Hypertension,1
116629,30,21-39,3,Female,Non-Hispanic White,23.5,Healthy weight (18.5-24.9),4.7,109.66666666666667,68,0,0,No hypertension,0
116631,35,21-39,3.5,Male,Non-Hispanic White,26.3,Overweight (25-29.9),5.26,119,74.33333333333333,0,0,No hypertension,0
116633,42,40-59,4.2,Female,Non-Hispanic White,23.7,Healthy weight (18.5-24.9),4.74,122,72.33333333333333,0,0,No hypertension,0
116635,47,40-59,4.7,Female,Other Hispanic,26.8,Overweight (25-29.9),5.36,144,94.33333333333333,1,1,Hypertension,1
116637,30,21-39,3,Female,Other Hispanic,21,Healthy weight (18.5-24.9),4.2,111.66666666666667,63.333333333333336,0,0,No hypertension,0
116642,73,60-79,7.3,Female,Non-Hispanic White,25.7,Overweight (25-29.9),5.14,159.33333333333334,84.33333333333333,0,1,Hypertension,1
116643,41,40-59,4.1,Male,Non-Hispanic Black,31.9,Obesity class 1 (30-34.9),6.38,120.66666666666667,74.33333333333333,0,0,No hypertension,0
116646,60,60-79,6,Female,Other Hispanic,26.2,Overweight (25-29.9),5.24,118.33333333333333,70,0,0,No hypertension,0
116649,56,40-59,5.6,Female,Non-Hispanic Asian,24.3,Healthy weight (18.5-24.9),4.86,137.66666666666666,92,0,1,Hypertension,1
116650,58,40-59,5.8,Female,Non-Hispanic Asian,23.1,Healthy weight (18.5-24.9),4.62,117.66666666666667,75,0,0,No hypertension,0
116652,53,40-59,5.3,Female,Other Hispanic,35,Obesity class 2-3 (35+),7,91.66666666666667,49,1,1,Hypertension,1
116653,33,21-39,3.3,Female,Non-Hispanic Asian,26.1,Overweight (25-29.9),5.220000000000001,103.66666666666667,67,0,0,No hypertension,0
116654,50,40-59,5,Female,Non-Hispanic White,36.9,Obesity class 2-3 (35+),7.38,116.33333333333333,74.33333333333333,0,0,No hypertension,0
116655,41,40-59,4.1,Male,Non-Hispanic Black,28.2,Overweight (25-29.9),5.64,132.33333333333334,86,0,1,Hypertension,0
116656,40,40-59,4,Male,Non-Hispanic White,29.4,Overweight (25-29.9),5.88,119,69.33333333333333,0,0,No hypertension,0
116657,49,40-59,4.9,Female,Non-Hispanic White,24.5,Healthy weight (18.5-24.9),4.9,135,81,0,1,Hypertension,0
116660,63,60-79,6.3,Female,Non-Hispanic White,22.6,Healthy weight (18.5-24.9),4.5200000000000005,113,60,0,0,No hypertension,0
116662,69,60-79,6.9,Female,Non-Hispanic Black,36.2,Obesity class 2-3 (35+),7.24,121.66666666666667,70,1,1,Hypertension,1
116666,60,60-79,6,Male,Non-Hispanic Black,50.3,Obesity class 2-3 (35+),10.059999999999999,132.33333333333334,84,1,1,Hypertension,1
116667,62,60-79,6.2,Male,Mexican American,19.5,Healthy weight (18.5-24.9),3.9,135.66666666666666,71,0,1,Hypertension,0
116668,22,21-39,2.2,Male,Other Hispanic,33,Obesity class 1 (30-34.9),6.6,121,74.66666666666667,0,0,No hypertension,0
116673,49,40-59,4.9,Female,Non-Hispanic White,35.7,Obesity class 2-3 (35+),7.140000000000001,103.33333333333333,74.66666666666667,0,0,No hypertension,0
116675,42,40-59,4.2,Female,Non-Hispanic Black,61.2,Obesity class 2-3 (35+),12.24,122,94,1,1,Hypertension,1
116676,50,40-59,5,Female,Non-Hispanic Black,78.6,Obesity class 2-3 (35+),15.719999999999999,95,63.666666666666664,0,0,No hypertension,0
116677,50,40-59,5,Male,Mexican American,26,Overweight (25-29.9),5.2,107.66666666666667,66.33333333333333,0,0,No hypertension,0
116680,46,40-59,4.6,Female,Mexican American,30.2,Obesity class 1 (30-34.9),6.04,126.66666666666667,90.33333333333333,0,1,Hypertension,1
116684,21,21-39,2.1,Male,Non-Hispanic White,32,Obesity class 1 (30-34.9),6.4,105.66666666666667,63.666666666666664,0,0,No hypertension,0
116687,29,21-39,2.9,Female,Non-Hispanic Black,36.2,Obesity class 2-3 (35+),7.24,130.33333333333334,90.66666666666667,0,1,Hypertension,1
116693,72,60-79,7.2,Male,Non-Hispanic Black,28.2,Overweight (25-29.9),5.64,139.66666666666666,74.66666666666667,1,1,Hypertension,1
116694,57,40-59,5.7,Female,Non-Hispanic White,27.7,Overweight (25-29.9),5.54,154.33333333333334,83.66666666666667,0,1,Hypertension,1
116696,48,40-59,4.8,Female,Non-Hispanic White,42,Obesity class 2-3 (35+),8.4,136.66666666666666,75.66666666666667,1,1,Hypertension,1
116698,49,40-59,4.9,Female,Non-Hispanic Asian,34,Obesity class 1 (30-34.9),6.8,111.33333333333333,77.66666666666667,0,0,No hypertension,0
116699,51,40-59,5.1,Male,Other Hispanic,25.6,Overweight (25-29.9),5.12,132,76.33333333333333,0,1,Hypertension,0
116700,24,21-39,2.4,Female,Non-Hispanic White,35.8,Obesity class 2-3 (35+),7.159999999999999,101.33333333333333,70.66666666666667,0,0,No hypertension,0
116703,42,40-59,4.2,Female,Non-Hispanic Black,33,Obesity class 1 (30-34.9),6.6,126.66666666666667,83,0,1,Hypertension,0
116704,29,21-39,2.9,Female,Non-Hispanic White,27,Overweight (25-29.9),5.4,129.66666666666666,80.66666666666667,0,1,Hypertension,0
116705,21,21-39,2.1,Male,Non-Hispanic White,23.6,Healthy weight (18.5-24.9),4.720000000000001,117.66666666666667,63.666666666666664,0,0,No hypertension,0
116706,42,40-59,4.2,Female,Mexican American,37.2,Obesity class 2-3 (35+),7.44,107.33333333333333,72.66666666666667,0,0,No hypertension,0
116709,74,60-79,7.4,Female,Non-Hispanic White,31,Obesity class 1 (30-34.9),6.2,112,61,1,1,Hypertension,1
116710,67,60-79,6.7,Male,Non-Hispanic White,35.3,Obesity class 2-3 (35+),7.06,170,98.66666666666667,1,1,Hypertension,1
116713,47,40-59,4.7,Female,Non-Hispanic Asian,27.5,Overweight (25-29.9),5.5,103.33333333333333,56.666666666666664,0,0,No hypertension,0
116716,38,21-39,3.8,Male,Mexican American,28.3,Overweight (25-29.9),5.66,120.33333333333333,75.33333333333333,0,0,No hypertension,0
116720,33,21-39,3.3,Female,Non-Hispanic White,17,Underweight (<18.5),3.4,100.66666666666667,62.666666666666664,0,0,No hypertension,0
116721,35,21-39,3.5,Female,Mexican American,26.9,Overweight (25-29.9),5.38,102.66666666666667,68.66666666666667,0,0,No hypertension,0
116724,43,40-59,4.3,Female,Mexican American,42.8,Obesity class 2-3 (35+),8.559999999999999,124.33333333333333,88,0,1,Hypertension,0
116725,24,21-39,2.4,Male,Non-Hispanic Black,34.2,Obesity class 1 (30-34.9),6.840000000000001,118,62.333333333333336,0,0,No hypertension,0
116727,31,21-39,3.1,Female,Non-Hispanic Black,26.6,Overweight (25-29.9),5.32,150.5,98,0,1,Hypertension,1
116730,64,60-79,6.4,Male,Non-Hispanic White,28.5,Overweight (25-29.9),5.7,148.33333333333334,78,1,1,Hypertension,1
116733,46,40-59,4.6,Male,Non-Hispanic Black,25.2,Overweight (25-29.9),5.04,111.66666666666667,67.33333333333333,0,0,No hypertension,0
116734,56,40-59,5.6,Female,Other Hispanic,33.3,Obesity class 1 (30-34.9),6.659999999999999,110.66666666666667,67.66666666666667,1,1,Hypertension,1
116739,69,60-79,6.9,Female,Non-Hispanic Asian,20.9,Healthy weight (18.5-24.9),4.18,128.66666666666666,76.33333333333333,0,0,No hypertension,0
116741,22,21-39,2.2,Male,Non-Hispanic Black,41,Obesity class 2-3 (35+),8.2,120,79.33333333333333,0,0,No hypertension,0
116744,24,21-39,2.4,Female,Non-Hispanic Black,18,Underweight (<18.5),3.6,101.33333333333333,64,0,0,No hypertension,0
116745,46,40-59,4.6,Male,Non-Hispanic White,30.6,Obesity class 1 (30-34.9),6.12,109,74.33333333333333,0,0,No hypertension,0
116746,67,60-79,6.7,Male,Mexican American,29.5,Overweight (25-29.9),5.9,134.66666666666666,73.33333333333333,0,1,Hypertension,0
116747,59,40-59,5.9,Female,Non-Hispanic White,23.1,Healthy weight (18.5-24.9),4.62,116.33333333333333,64.33333333333333,0,0,No hypertension,0
116750,39,21-39,3.9,Female,Non-Hispanic White,24.2,Healthy weight (18.5-24.9),4.84,129.33333333333334,83.66666666666667,0,1,Hypertension,0
116752,55,40-59,5.5,Female,Non-Hispanic Black,34.7,Obesity class 1 (30-34.9),6.94,116.33333333333333,86.66666666666667,0,1,Hypertension,0
116756,34,21-39,3.4,Male,Non-Hispanic Black,45.4,Obesity class 2-3 (35+),9.08,114,78.66666666666667,0,0,No hypertension,0
116757,50,40-59,5,Male,Mexican American,38.2,Obesity class 2-3 (35+),7.640000000000001,130,78.33333333333333,0,1,Hypertension,0
116760,55,40-59,5.5,Female,Non-Hispanic Asian,24.2,Healthy weight (18.5-24.9),4.84,125.66666666666667,72,0,0,No hypertension,0
116761,30,21-39,3,Female,Non-Hispanic Black,28.1,Overweight (25-29.9),5.62,111.66666666666667,69,0,0,No hypertension,0
116762,61,60-79,6.1,Female,Non-Hispanic Black,43.4,Obesity class 2-3 (35+),8.68,141,88,1,1,Hypertension,1
116764,69,60-79,6.9,Female,Non-Hispanic Black,34.9,Obesity class 1 (30-34.9),6.9799999999999995,127,64.33333333333333,1,1,Hypertension,1
116766,51,40-59,5.1,Female,Non-Hispanic Black,31.4,Obesity class 1 (30-34.9),6.279999999999999,111.66666666666667,70.33333333333333,1,1,Hypertension,1
116767,26,21-39,2.6,Male,Non-Hispanic White,23.8,Healthy weight (18.5-24.9),4.76,114.66666666666667,75.66666666666667,0,0,No hypertension,0
116768,22,21-39,2.2,Female,Mexican American,19.8,Healthy weight (18.5-24.9),3.96,100.33333333333333,63.666666666666664,0,0,No hypertension,0
116769,40,40-59,4,Female,Mexican American,26.7,Overweight (25-29.9),5.34,89.33333333333333,55,0,0,No hypertension,0
116770,69,60-79,6.9,Female,Mexican American,35.2,Obesity class 2-3 (35+),7.040000000000001,116.66666666666667,70.33333333333333,1,1,Hypertension,1
116776,52,40-59,5.2,Male,Non-Hispanic White,30.3,Obesity class 1 (30-34.9),6.0600000000000005,135.33333333333334,83,0,1,Hypertension,0
116780,52,40-59,5.2,Male,Other Hispanic,27.9,Overweight (25-29.9),5.58,122.66666666666667,83.66666666666667,1,1,Hypertension,1
116782,28,21-39,2.8,Female,Non-Hispanic Asian,28.2,Overweight (25-29.9),5.64,99.66666666666667,69,0,0,No hypertension,0
116783,65,60-79,6.5,Male,Other Hispanic,21.8,Healthy weight (18.5-24.9),4.36,156.33333333333334,54,0,1,Hypertension,1
116784,54,40-59,5.4,Male,Other Hispanic,29.5,Overweight (25-29.9),5.9,141.33333333333334,78,0,1,Hypertension,1
116785,49,40-59,4.9,Male,Non-Hispanic Black,23.8,Healthy weight (18.5-24.9),4.76,127.33333333333333,86.33333333333333,0,1,Hypertension,0
116786,55,40-59,5.5,Male,Other/Multiracial,27.9,Overweight (25-29.9),5.58,127.33333333333333,79.66666666666667,0,0,No hypertension,0
116791,62,60-79,6.2,Female,Non-Hispanic Black,34.5,Obesity class 1 (30-34.9),6.9,121.66666666666667,65.33333333333333,1,1,Hypertension,1
116793,76,60-79,7.6,Female,Non-Hispanic Black,33.4,Obesity class 1 (30-34.9),6.68,95,43,1,1,Hypertension,1
116794,65,60-79,6.5,Male,Mexican American,34.1,Obesity class 1 (30-34.9),6.82,146.33333333333334,73,1,1,Hypertension,1
116799,57,40-59,5.7,Female,Non-Hispanic White,44.3,Obesity class 2-3 (35+),8.86,140.33333333333334,86,1,1,Hypertension,1
116802,59,40-59,5.9,Female,Non-Hispanic White,25.4,Overweight (25-29.9),5.08,122,60.666666666666664,1,1,Hypertension,1
116805,70,60-79,7,Female,Non-Hispanic White,56.3,Obesity class 2-3 (35+),11.26,105.33333333333333,64.33333333333333,1,1,Hypertension,1
116806,49,40-59,4.9,Female,Non-Hispanic Black,34.8,Obesity class 1 (30-34.9),6.959999999999999,107,69,0,0,No hypertension,0
116807,78,60-79,7.8,Male,Non-Hispanic White,23.8,Healthy weight (18.5-24.9),4.76,189,62.333333333333336,0,1,Hypertension,1
116808,33,21-39,3.3,Female,Non-Hispanic Black,29,Overweight (25-29.9),5.8,125.66666666666667,87.66666666666667,0,1,Hypertension,0
116810,24,21-39,2.4,Male,Non-Hispanic Asian,23.2,Healthy weight (18.5-24.9),4.64,120.66666666666667,68,0,0,No hypertension,0
116812,27,21-39,2.7,Female,Non-Hispanic White,25.2,Overweight (25-29.9),5.04,110,73,0,0,No hypertension,0
116813,21,21-39,2.1,Male,Mexican American,26.5,Overweight (25-29.9),5.3,119,60,0,0,No hypertension,0
116814,48,40-59,4.8,Female,Non-Hispanic White,36,Obesity class 2-3 (35+),7.2,176.33333333333334,115.66666666666667,1,1,Hypertension,1
116816,76,60-79,7.6,Male,Non-Hispanic Black,24.8,Healthy weight (18.5-24.9),4.96,117.66666666666667,63,0,0,No hypertension,0
116819,51,40-59,5.1,Male,Non-Hispanic White,32.2,Obesity class 1 (30-34.9),6.44,127.66666666666667,90.33333333333333,1,1,Hypertension,1
116820,40,40-59,4,Female,Non-Hispanic Asian,28.5,Overweight (25-29.9),5.7,113.66666666666667,83,1,1,Hypertension,1
116823,79,60-79,7.9,Female,Non-Hispanic Asian,23.8,Healthy weight (18.5-24.9),4.76,124.66666666666667,63,1,1,Hypertension,1
116826,46,40-59,4.6,Male,Non-Hispanic Black,23.9,Healthy weight (18.5-24.9),4.779999999999999,127.66666666666667,75,0,0,No hypertension,0
116828,24,21-39,2.4,Male,Other/Multiracial,35.2,Obesity class 2-3 (35+),7.040000000000001,128.66666666666666,77.33333333333333,0,0,No hypertension,0
116829,25,21-39,2.5,Male,Non-Hispanic Black,27.1,Overweight (25-29.9),5.42,125.33333333333333,65,0,0,No hypertension,0
116831,67,60-79,6.7,Female,Non-Hispanic Asian,26.4,Overweight (25-29.9),5.279999999999999,162.66666666666666,82,1,1,Hypertension,1
116833,30,21-39,3,Female,Mexican American,26.1,Overweight (25-29.9),5.220000000000001,112.33333333333333,72.33333333333333,0,0,No hypertension,0
116834,30,21-39,3,Male,Non-Hispanic Black,34.2,Obesity class 1 (30-34.9),6.840000000000001,119,74.66666666666667,0,0,No hypertension,0
116836,48,40-59,4.8,Female,Non-Hispanic Black,45.1,Obesity class 2-3 (35+),9.02,107.33333333333333,79,0,0,No hypertension,0
116843,35,21-39,3.5,Female,Other Hispanic,24.4,Healthy weight (18.5-24.9),4.88,109.66666666666667,75.33333333333333,0,0,No hypertension,0
116844,27,21-39,2.7,Female,Non-Hispanic Asian,21.6,Healthy weight (18.5-24.9),4.32,94.66666666666667,60,0,0,No hypertension,0
116846,52,40-59,5.2,Male,Non-Hispanic Black,29.2,Overweight (25-29.9),5.84,121.66666666666667,78.66666666666667,0,0,No hypertension,0
116847,27,21-39,2.7,Male,Mexican American,33.1,Obesity class 1 (30-34.9),6.62,129.33333333333334,84.66666666666667,0,1,Hypertension,0
116855,67,60-79,6.7,Female,Non-Hispanic Asian,34,Obesity class 1 (30-34.9),6.8,150.66666666666666,94,0,1,Hypertension,1
116856,45,40-59,4.5,Male,Non-Hispanic Black,33,Obesity class 1 (30-34.9),6.6,150.33333333333334,91.33333333333333,0,1,Hypertension,1
116857,70,60-79,7,Female,Non-Hispanic Asian,22,Healthy weight (18.5-24.9),4.4,143.33333333333334,66.66666666666667,1,1,Hypertension,1
116858,53,40-59,5.3,Male,Non-Hispanic Black,18,Underweight (<18.5),3.6,134,73.33333333333333,0,1,Hypertension,0
116859,63,60-79,6.3,Male,Non-Hispanic Black,33.8,Obesity class 1 (30-34.9),6.76,144.66666666666666,89.66666666666667,0,1,Hypertension,1
116861,44,40-59,4.4,Female,Other/Multiracial,33.8,Obesity class 1 (30-34.9),6.76,142.33333333333334,100,0,1,Hypertension,1
116862,49,40-59,4.9,Female,Non-Hispanic Black,41.1,Obesity class 2-3 (35+),8.22,144.66666666666666,101.66666666666667,0,1,Hypertension,1
116864,64,60-79,6.4,Male,Non-Hispanic Black,36,Obesity class 2-3 (35+),7.2,150.33333333333334,92,1,1,Hypertension,1
116867,52,40-59,5.2,Female,Mexican American,30.9,Obesity class 1 (30-34.9),6.18,134.33333333333334,83.33333333333333,0,1,Hypertension,0
116869,70,60-79,7,Female,Non-Hispanic White,29.1,Overweight (25-29.9),5.82,135,69,1,1,Hypertension,1
116871,56,40-59,5.6,Female,Non-Hispanic Black,18.6,Healthy weight (18.5-24.9),3.72,150.33333333333334,103.33333333333333,1,1,Hypertension,1
116873,33,21-39,3.3,Female,Non-Hispanic Black,25.6,Overweight (25-29.9),5.12,124.33333333333333,83.66666666666667,0,1,Hypertension,0
116881,56,40-59,5.6,Male,Non-Hispanic Asian,21.3,Healthy weight (18.5-24.9),4.26,111,62.666666666666664,0,0,No hypertension,0
116884,68,60-79,6.8,Male,Non-Hispanic White,25.6,Overweight (25-29.9),5.12,136,81.66666666666667,0,1,Hypertension,0
116885,48,40-59,4.8,Male,Non-Hispanic White,31.8,Obesity class 1 (30-34.9),6.36,120.66666666666667,71.33333333333333,0,0,No hypertension,0
116886,44,40-59,4.4,Female,Non-Hispanic White,23.4,Healthy weight (18.5-24.9),4.68,98.33333333333333,64,0,0,No hypertension,0
116888,51,40-59,5.1,Female,Mexican American,21.5,Healthy weight (18.5-24.9),4.3,107.33333333333333,69,0,0,No hypertension,0
116889,46,40-59,4.6,Female,Non-Hispanic Black,53.2,Obesity class 2-3 (35+),10.64,120.66666666666667,74,1,1,Hypertension,1
116890,41,40-59,4.1,Female,Non-Hispanic Black,34.7,Obesity class 1 (30-34.9),6.94,149.33333333333334,93.33333333333333,1,1,Hypertension,1
116892,37,21-39,3.7,Female,Non-Hispanic White,41.6,Obesity class 2-3 (35+),8.32,113,77.33333333333333,0,0,No hypertension,0
116893,22,21-39,2.2,Male,Other Hispanic,28.9,Overweight (25-29.9),5.779999999999999,117.33333333333333,65,0,0,No hypertension,0
116894,66,60-79,6.6,Male,Non-Hispanic Black,36,Obesity class 2-3 (35+),7.2,161,88.66666666666667,0,1,Hypertension,1
116895,35,21-39,3.5,Male,Non-Hispanic White,34.1,Obesity class 1 (30-34.9),6.82,110.66666666666667,74,0,0,No hypertension,0
116896,51,40-59,5.1,Female,Mexican American,23.7,Healthy weight (18.5-24.9),4.74,108.66666666666667,56.666666666666664,0,0,No hypertension,0
116898,61,60-79,6.1,Female,Non-Hispanic White,31.8,Obesity class 1 (30-34.9),6.36,135.33333333333334,85.66666666666667,1,1,Hypertension,1
116899,40,40-59,4,Male,Non-Hispanic White,38.4,Obesity class 2-3 (35+),7.68,131.33333333333334,92,1,1,Hypertension,1
116900,55,40-59,5.5,Male,Non-Hispanic Black,35.4,Obesity class 2-3 (35+),7.08,131.66666666666666,89.33333333333333,0,1,Hypertension,0
116901,78,60-79,7.8,Female,Non-Hispanic White,29.6,Overweight (25-29.9),5.92,130,64.66666666666667,0,1,Hypertension,0
116904,60,60-79,6,Female,Non-Hispanic Black,36,Obesity class 2-3 (35+),7.2,160,94.33333333333333,0,1,Hypertension,1
116906,66,60-79,6.6,Female,Non-Hispanic Black,31.7,Obesity class 1 (30-34.9),6.34,167,66,1,1,Hypertension,1
116907,76,60-79,7.6,Male,Non-Hispanic White,26.6,Overweight (25-29.9),5.32,148.66666666666666,74.66666666666667,0,1,Hypertension,1
116909,33,21-39,3.3,Female,Other Hispanic,32,Obesity class 1 (30-34.9),6.4,112.33333333333333,76.66666666666667,0,0,No hypertension,0
116911,63,60-79,6.3,Male,Non-Hispanic Black,31.9,Obesity class 1 (30-34.9),6.38,125.33333333333333,82,0,1,Hypertension,0
116912,28,21-39,2.8,Female,Non-Hispanic Asian,22.1,Healthy weight (18.5-24.9),4.42,109,73,0,0,No hypertension,0
116913,63,60-79,6.3,Female,Other Hispanic,26.3,Overweight (25-29.9),5.26,131,83,1,1,Hypertension,1
116914,44,40-59,4.4,Female,Non-Hispanic Asian,28.2,Overweight (25-29.9),5.64,143.66666666666666,91,0,1,Hypertension,1
116915,72,60-79,7.2,Female,Non-Hispanic White,31.5,Obesity class 1 (30-34.9),6.3,131.66666666666666,59.666666666666664,1,1,Hypertension,1
116916,22,21-39,2.2,Female,Non-Hispanic White,39.6,Obesity class 2-3 (35+),7.92,106.33333333333333,72.33333333333333,0,0,No hypertension,0
116917,79,60-79,7.9,Female,Non-Hispanic White,34.4,Obesity class 1 (30-34.9),6.88,103.33333333333333,54,1,1,Hypertension,1
116920,70,60-79,7,Female,Non-Hispanic White,42.6,Obesity class 2-3 (35+),8.52,140.33333333333334,75.66666666666667,0,1,Hypertension,1
116923,55,40-59,5.5,Female,Other/Multiracial,30.9,Obesity class 1 (30-34.9),6.18,105.33333333333333,72.66666666666667,1,1,Hypertension,1
116928,54,40-59,5.4,Male,Non-Hispanic Black,30.5,Obesity class 1 (30-34.9),6.1,138,92.5,1,1,Hypertension,1
116929,51,40-59,5.1,Female,Non-Hispanic White,22.6,Healthy weight (18.5-24.9),4.5200000000000005,115.66666666666667,75.33333333333333,0,0,No hypertension,0
116940,22,21-39,2.2,Male,Non-Hispanic Black,20.2,Healthy weight (18.5-24.9),4.04,120,74.33333333333333,0,0,No hypertension,0
116941,27,21-39,2.7,Female,Non-Hispanic Black,27.7,Overweight (25-29.9),5.54,110.66666666666667,77,0,0,No hypertension,0
116947,27,21-39,2.7,Female,Non-Hispanic Black,34.2,Obesity class 1 (30-34.9),6.840000000000001,106.33333333333333,73.33333333333333,0,0,No hypertension,0
116956,50,40-59,5,Female,Mexican American,32.4,Obesity class 1 (30-34.9),6.4799999999999995,130,78.33333333333333,0,1,Hypertension,0
116959,68,60-79,6.8,Male,Non-Hispanic Black,34.3,Obesity class 1 (30-34.9),6.859999999999999,128.33333333333334,83.66666666666667,1,1,Hypertension,1
116960,30,21-39,3,Female,Non-Hispanic Black,24,Healthy weight (18.5-24.9),4.8,122.66666666666667,80.66666666666667,0,1,Hypertension,0
116961,60,60-79,6,Male,Mexican American,29.3,Overweight (25-29.9),5.86,108,61.666666666666664,0,0,No hypertension,0
116962,27,21-39,2.7,Male,Mexican American,35.9,Obesity class 2-3 (35+),7.18,125.33333333333333,66.33333333333333,0,0,No hypertension,0
116963,47,40-59,4.7,Female,Non-Hispanic Black,36.4,Obesity class 2-3 (35+),7.279999999999999,146.66666666666666,96,0,1,Hypertension,1
116966,51,40-59,5.1,Male,Non-Hispanic Asian,30.7,Obesity class 1 (30-34.9),6.14,136.66666666666666,80.33333333333333,1,1,Hypertension,1
116967,21,21-39,2.1,Male,Mexican American,33,Obesity class 1 (30-34.9),6.6,118.66666666666667,65,0,0,No hypertension,0
116970,21,21-39,2.1,Male,Non-Hispanic White,25.5,Overweight (25-29.9),5.1,117,71.66666666666667,0,0,No hypertension,0
116972,48,40-59,4.8,Female,Mexican American,37.4,Obesity class 2-3 (35+),7.4799999999999995,140.33333333333334,88.66666666666667,1,1,Hypertension,1
116975,45,40-59,4.5,Male,Non-Hispanic White,19.8,Healthy weight (18.5-24.9),3.96,109.33333333333333,64,0,0,No hypertension,0
116976,65,60-79,6.5,Male,Non-Hispanic Black,41.4,Obesity class 2-3 (35+),8.28,131,74,1,1,Hypertension,1
116978,67,60-79,6.7,Male,Non-Hispanic White,33.5,Obesity class 1 (30-34.9),6.7,143.66666666666666,75,1,1,Hypertension,1
116979,28,21-39,2.8,Male,Non-Hispanic Asian,20.4,Healthy weight (18.5-24.9),4.08,108.66666666666667,61.333333333333336,0,0,No hypertension,0
116980,61,60-79,6.1,Female,Non-Hispanic White,20.1,Healthy weight (18.5-24.9),4.0200000000000005,144,82.33333333333333,0,1,Hypertension,1
116981,37,21-39,3.7,Male,Non-Hispanic Black,33.3,Obesity class 1 (30-34.9),6.659999999999999,110,84,1,1,Hypertension,1
116984,56,40-59,5.6,Female,Non-Hispanic White,41.7,Obesity class 2-3 (35+),8.34,125.66666666666667,75,0,0,No hypertension,0
116988,31,21-39,3.1,Male,Mexican American,24.3,Healthy weight (18.5-24.9),4.86,96,49.666666666666664,0,0,No hypertension,0
116989,52,40-59,5.2,Male,Non-Hispanic White,25,Overweight (25-29.9),5,139.33333333333334,76,1,1,Hypertension,1
116990,25,21-39,2.5,Male,Non-Hispanic Black,28.8,Overweight (25-29.9),5.76,131,91.66666666666667,0,1,Hypertension,1
116991,55,40-59,5.5,Male,Other Hispanic,27.2,Overweight (25-29.9),5.4399999999999995,116,78.33333333333333,0,0,No hypertension,0
116992,26,21-39,2.6,Male,Non-Hispanic Black,22,Healthy weight (18.5-24.9),4.4,116,74.66666666666667,0,0,No hypertension,0
116994,77,60-79,7.7,Male,Non-Hispanic White,25.7,Overweight (25-29.9),5.14,125,67.33333333333333,0,0,No hypertension,0
116999,63,60-79,6.3,Female,Non-Hispanic White,43,Obesity class 2-3 (35+),8.6,142.66666666666666,84.66666666666667,0,1,Hypertension,1
117000,64,60-79,6.4,Male,Non-Hispanic Asian,22.2,Healthy weight (18.5-24.9),4.4399999999999995,122.66666666666667,73.66666666666667,0,0,No hypertension,0
117002,34,21-39,3.4,Male,Non-Hispanic Asian,23.3,Healthy weight (18.5-24.9),4.66,112.33333333333333,74.33333333333333,0,0,No hypertension,0
117004,49,40-59,4.9,Male,Non-Hispanic Black,30.5,Obesity class 1 (30-34.9),6.1,112.66666666666667,75.33333333333333,1,1,Hypertension,1
117009,55,40-59,5.5,Female,Non-Hispanic Black,50.8,Obesity class 2-3 (35+),10.16,118.33333333333333,76.66666666666667,1,1,Hypertension,1
117010,74,60-79,7.4,Female,Non-Hispanic White,40.6,Obesity class 2-3 (35+),8.120000000000001,154,87.33333333333333,1,1,Hypertension,1
117011,67,60-79,6.7,Female,Non-Hispanic Asian,24.3,Healthy weight (18.5-24.9),4.86,139.66666666666666,81,1,1,Hypertension,1
117014,47,40-59,4.7,Female,Non-Hispanic White,29.1,Overweight (25-29.9),5.82,126,80.66666666666667,0,1,Hypertension,0
117015,57,40-59,5.7,Male,Other/Multiracial,23.8,Healthy weight (18.5-24.9),4.76,158,92.33333333333333,0,1,Hypertension,1
117017,49,40-59,4.9,Female,Non-Hispanic White,27,Overweight (25-29.9),5.4,117.66666666666667,76.33333333333333,0,0,No hypertension,0
117019,71,60-79,7.1,Male,Other/Multiracial,37.6,Obesity class 2-3 (35+),7.5200000000000005,172.66666666666666,95.33333333333333,1,1,Hypertension,1
117020,50,40-59,5,Female,Other/Multiracial,24.4,Healthy weight (18.5-24.9),4.88,113,76.66666666666667,0,0,No hypertension,0
117022,75,60-79,7.5,Female,Other Hispanic,29.6,Overweight (25-29.9),5.92,156.66666666666666,77.66666666666667,1,1,Hypertension,1
117026,32,21-39,3.2,Female,Other Hispanic,37.1,Obesity class 2-3 (35+),7.42,110.66666666666667,83.33333333333333,0,1,Hypertension,0
117028,59,40-59,5.9,Female,Non-Hispanic Black,24.1,Healthy weight (18.5-24.9),4.82,132,65.66666666666667,0,1,Hypertension,0
117031,62,60-79,6.2,Male,Non-Hispanic Black,24.2,Healthy weight (18.5-24.9),4.84,134.33333333333334,70.33333333333333,0,1,Hypertension,0
117032,36,21-39,3.6,Male,Non-Hispanic White,32.8,Obesity class 1 (30-34.9),6.56,125.66666666666667,76.33333333333333,0,0,No hypertension,0
117033,28,21-39,2.8,Male,Mexican American,31,Obesity class 1 (30-34.9),6.2,119.33333333333333,67.66666666666667,0,0,No hypertension,0
117036,70,60-79,7,Male,Non-Hispanic Black,26.5,Overweight (25-29.9),5.3,131,75.66666666666667,0,1,Hypertension,0
117037,61,60-79,6.1,Male,Other Hispanic,25.3,Overweight (25-29.9),5.0600000000000005,143.66666666666666,76,1,1,Hypertension,1
117038,30,21-39,3,Female,Non-Hispanic Black,33.7,Obesity class 1 (30-34.9),6.74,108.33333333333333,77.33333333333333,0,0,No hypertension,0
117039,25,21-39,2.5,Male,Mexican American,41.2,Obesity class 2-3 (35+),8.24,124.33333333333333,73.66666666666667,0,0,No hypertension,0
117040,35,21-39,3.5,Female,Non-Hispanic White,37.1,Obesity class 2-3 (35+),7.42,108.33333333333333,69.66666666666667,0,0,No hypertension,0
117044,70,60-79,7,Male,Other Hispanic,25.3,Overweight (25-29.9),5.0600000000000005,131.66666666666666,66.66666666666667,0,1,Hypertension,0
117045,57,40-59,5.7,Female,Non-Hispanic White,32.1,Obesity class 1 (30-34.9),6.42,154,94.66666666666667,1,1,Hypertension,1
117046,58,40-59,5.8,Female,Non-Hispanic Asian,25.5,Overweight (25-29.9),5.1,128.66666666666666,79.33333333333333,0,0,No hypertension,0
117049,21,21-39,2.1,Female,Non-Hispanic Black,31.5,Obesity class 1 (30-34.9),6.3,101,68.33333333333333,0,0,No hypertension,0
117053,22,21-39,2.2,Male,Non-Hispanic Black,21.1,Healthy weight (18.5-24.9),4.220000000000001,125.33333333333333,60.666666666666664,0,0,No hypertension,0
117054,38,21-39,3.8,Female,Mexican American,25.7,Overweight (25-29.9),5.14,126.33333333333333,77.66666666666667,0,0,No hypertension,0
117058,60,60-79,6,Female,Other/Multiracial,28.2,Overweight (25-29.9),5.64,102.66666666666667,62,0,0,No hypertension,0
117059,39,21-39,3.9,Male,Non-Hispanic White,25,Overweight (25-29.9),5,119.66666666666667,77.66666666666667,0,0,No hypertension,0
117060,40,40-59,4,Male,Non-Hispanic Asian,23.4,Healthy weight (18.5-24.9),4.68,111.33333333333333,71.33333333333333,0,0,No hypertension,0
117061,21,21-39,2.1,Female,Non-Hispanic White,28.4,Overweight (25-29.9),5.68,105.66666666666667,65.66666666666667,0,0,No hypertension,0
117062,43,40-59,4.3,Female,Non-Hispanic Asian,20.9,Healthy weight (18.5-24.9),4.18,122,75,0,0,No hypertension,0
117063,28,21-39,2.8,Male,Other Hispanic,25,Overweight (25-29.9),5,109.33333333333333,75,0,0,No hypertension,0
117064,61,60-79,6.1,Female,Non-Hispanic Black,45.8,Obesity class 2-3 (35+),9.16,116.66666666666667,79.66666666666667,1,1,Hypertension,1
117067,58,40-59,5.8,Female,Non-Hispanic Black,29.8,Overweight (25-29.9),5.96,131.33333333333334,82,1,1,Hypertension,1
117068,24,21-39,2.4,Male,Mexican American,29.7,Overweight (25-29.9),5.9399999999999995,121,73.66666666666667,0,0,No hypertension,0
117071,48,40-59,4.8,Female,Non-Hispanic Asian,22.7,Healthy weight (18.5-24.9),4.54,113.33333333333333,66,0,0,No hypertension,0
117073,40,40-59,4,Male,Non-Hispanic White,34.5,Obesity class 1 (30-34.9),6.9,144,97.33333333333333,1,1,Hypertension,1
117076,61,60-79,6.1,Female,Mexican American,38.1,Obesity class 2-3 (35+),7.62,149.66666666666666,84,0,1,Hypertension,1
117077,65,60-79,6.5,Male,Other Hispanic,36.4,Obesity class 2-3 (35+),7.279999999999999,121.33333333333333,73.66666666666667,0,0,No hypertension,0
117081,39,21-39,3.9,Female,Non-Hispanic White,27.4,Overweight (25-29.9),5.4799999999999995,150.33333333333334,79.66666666666667,0,1,Hypertension,1
117082,47,40-59,4.7,Female,Non-Hispanic Asian,18.2,Underweight (<18.5),3.6399999999999997,96.66666666666667,60,0,0,No hypertension,0
117086,28,21-39,2.8,Female,Non-Hispanic White,22.5,Healthy weight (18.5-24.9),4.5,110.66666666666667,70.33333333333333,0,0,No hypertension,0
117090,68,60-79,6.8,Female,Non-Hispanic White,26.9,Overweight (25-29.9),5.38,121.66666666666667,74.33333333333333,0,0,No hypertension,0
117092,69,60-79,6.9,Female,Non-Hispanic White,36.1,Obesity class 2-3 (35+),7.220000000000001,158.66666666666666,86.33333333333333,1,1,Hypertension,1
117095,32,21-39,3.2,Female,Other Hispanic,21,Healthy weight (18.5-24.9),4.2,92,63.333333333333336,0,0,No hypertension,0
117102,31,21-39,3.1,Female,Non-Hispanic Black,21.6,Healthy weight (18.5-24.9),4.32,106.66666666666667,68,0,0,No hypertension,0
117107,77,60-79,7.7,Male,Non-Hispanic White,25,Overweight (25-29.9),5,156,104.66666666666667,1,1,Hypertension,1
117108,69,60-79,6.9,Male,Non-Hispanic Asian,24.6,Healthy weight (18.5-24.9),4.92,165,91,1,1,Hypertension,1
117114,35,21-39,3.5,Female,Other Hispanic,25.9,Overweight (25-29.9),5.18,100.66666666666667,67.33333333333333,0,0,No hypertension,0
117116,21,21-39,2.1,Female,Mexican American,49.4,Obesity class 2-3 (35+),9.879999999999999,100,75.33333333333333,0,0,No hypertension,0
117117,68,60-79,6.8,Female,Non-Hispanic Black,41.9,Obesity class 2-3 (35+),8.379999999999999,142,77.66666666666667,1,1,Hypertension,1
117118,35,21-39,3.5,Female,Mexican American,22,Healthy weight (18.5-24.9),4.4,109.33333333333333,61,0,0,No hypertension,0
117120,59,40-59,5.9,Male,Non-Hispanic White,29.6,Overweight (25-29.9),5.92,130.33333333333334,92,0,1,Hypertension,1
117124,23,21-39,2.3,Female,Mexican American,30.7,Obesity class 1 (30-34.9),6.14,118.66666666666667,79,0,0,No hypertension,0
117125,29,21-39,2.9,Male,Non-Hispanic Asian,17.7,Underweight (<18.5),3.54,108.66666666666667,63.666666666666664,0,0,No hypertension,0
117129,23,21-39,2.3,Female,Non-Hispanic White,14.8,Underweight (<18.5),2.96,92,61,0,0,No hypertension,0
117130,51,40-59,5.1,Female,Non-Hispanic Asian,23.8,Healthy weight (18.5-24.9),4.76,136.66666666666666,96,1,1,Hypertension,1
117131,56,40-59,5.6,Female,Non-Hispanic Black,29.6,Overweight (25-29.9),5.92,108,73.33333333333333,1,1,Hypertension,1
117132,66,60-79,6.6,Female,Mexican American,30.7,Obesity class 1 (30-34.9),6.14,137.66666666666666,88,1,1,Hypertension,1
117134,72,60-79,7.2,Male,Non-Hispanic White,22.1,Healthy weight (18.5-24.9),4.42,118.33333333333333,59.666666666666664,1,1,Hypertension,1
117136,55,40-59,5.5,Female,Non-Hispanic Asian,28.6,Overweight (25-29.9),5.720000000000001,101.33333333333333,69.33333333333333,0,0,No hypertension,0
117138,57,40-59,5.7,Female,Non-Hispanic White,47.3,Obesity class 2-3 (35+),9.459999999999999,129.33333333333334,64,0,0,No hypertension,0
117139,38,21-39,3.8,Male,Non-Hispanic Black,26.1,Overweight (25-29.9),5.220000000000001,117.66666666666667,68,0,0,No hypertension,0
117146,34,21-39,3.4,Female,Non-Hispanic Black,54.6,Obesity class 2-3 (35+),10.92,106.66666666666667,73.66666666666667,0,0,No hypertension,0
117147,49,40-59,4.9,Female,Non-Hispanic Asian,21.7,Healthy weight (18.5-24.9),4.34,131,85,0,1,Hypertension,0
117150,64,60-79,6.4,Male,Non-Hispanic White,31.8,Obesity class 1 (30-34.9),6.36,110.66666666666667,69.66666666666667,0,0,No hypertension,0
117156,22,21-39,2.2,Female,Non-Hispanic Black,32.5,Obesity class 1 (30-34.9),6.5,118,68.33333333333333,0,0,No hypertension,0
117158,75,60-79,7.5,Female,Non-Hispanic Black,38.9,Obesity class 2-3 (35+),7.779999999999999,119,79.33333333333333,1,1,Hypertension,1
117159,31,21-39,3.1,Female,Non-Hispanic Black,22.8,Healthy weight (18.5-24.9),4.5600000000000005,122.66666666666667,74.66666666666667,0,0,No hypertension,0
117161,67,60-79,6.7,Female,Non-Hispanic White,24.3,Healthy weight (18.5-24.9),4.86,103,59,0,0,No hypertension,0
117166,55,40-59,5.5,Male,Non-Hispanic White,22.5,Healthy weight (18.5-24.9),4.5,134.33333333333334,78,0,1,Hypertension,0
117168,44,40-59,4.4,Female,Other/Multiracial,30.9,Obesity class 1 (30-34.9),6.18,138.33333333333334,74.66666666666667,0,1,Hypertension,0
117169,77,60-79,7.7,Female,Non-Hispanic Black,23.7,Healthy weight (18.5-24.9),4.74,206.33333333333334,106.33333333333333,1,1,Hypertension,1
117170,36,21-39,3.6,Male,Non-Hispanic White,26.9,Overweight (25-29.9),5.38,113.33333333333333,66.33333333333333,0,0,No hypertension,0
117171,68,60-79,6.8,Male,Other Hispanic,42.4,Obesity class 2-3 (35+),8.48,116.33333333333333,90,1,1,Hypertension,1
117172,21,21-39,2.1,Male,Non-Hispanic White,34.4,Obesity class 1 (30-34.9),6.88,110.33333333333333,72,0,0,No hypertension,0
117173,67,60-79,6.7,Male,Non-Hispanic White,38.7,Obesity class 2-3 (35+),7.74,113.33333333333333,56,1,1,Hypertension,1
117174,34,21-39,3.4,Female,Non-Hispanic White,30,Obesity class 1 (30-34.9),6,111.66666666666667,78,0,0,No hypertension,0
117178,25,21-39,2.5,Female,Mexican American,43.7,Obesity class 2-3 (35+),8.74,94.66666666666667,61,0,0,No hypertension,0
117180,29,21-39,2.9,Male,Non-Hispanic Black,21.3,Healthy weight (18.5-24.9),4.26,130.33333333333334,73,0,1,Hypertension,0
117181,47,40-59,4.7,Female,Other Hispanic,23.2,Healthy weight (18.5-24.9),4.64,107.33333333333333,68.33333333333333,0,0,No hypertension,0
117182,29,21-39,2.9,Male,Non-Hispanic White,33.8,Obesity class 1 (30-34.9),6.76,111.33333333333333,81,0,1,Hypertension,0
117184,42,40-59,4.2,Female,Mexican American,28.7,Overweight (25-29.9),5.74,107,69.66666666666667,0,0,No hypertension,0
117186,26,21-39,2.6,Male,Non-Hispanic Black,22.5,Healthy weight (18.5-24.9),4.5,140.66666666666666,74.66666666666667,0,1,Hypertension,1
117187,72,60-79,7.2,Female,Non-Hispanic White,24.7,Healthy weight (18.5-24.9),4.9399999999999995,136.66666666666666,81.33333333333333,1,1,Hypertension,1
117188,60,60-79,6,Male,Non-Hispanic White,23,Healthy weight (18.5-24.9),4.6,129.33333333333334,70,0,0,No hypertension,0
117190,32,21-39,3.2,Female,Non-Hispanic Asian,19.3,Healthy weight (18.5-24.9),3.8600000000000003,93.33333333333333,57.333333333333336,0,0,No hypertension,0
117191,36,21-39,3.6,Female,Mexican American,31.8,Obesity class 1 (30-34.9),6.36,99.33333333333333,65.66666666666667,0,0,No hypertension,0
117192,60,60-79,6,Male,Non-Hispanic Black,31.9,Obesity class 1 (30-34.9),6.38,132.66666666666666,83.33333333333333,1,1,Hypertension,1
117193,69,60-79,6.9,Female,Non-Hispanic Black,35.5,Obesity class 2-3 (35+),7.1,173.33333333333334,76.33333333333333,1,1,Hypertension,1
117195,26,21-39,2.6,Female,Mexican American,25.5,Overweight (25-29.9),5.1,99,61.666666666666664,0,0,No hypertension,0
117198,36,21-39,3.6,Male,Non-Hispanic White,27.8,Overweight (25-29.9),5.5600000000000005,109.33333333333333,71,0,0,No hypertension,0
117200,33,21-39,3.3,Male,Non-Hispanic White,36,Obesity class 2-3 (35+),7.2,121.66666666666667,74.66666666666667,0,0,No hypertension,0
117204,72,60-79,7.2,Female,Non-Hispanic White,28.7,Overweight (25-29.9),5.74,122.33333333333333,70.33333333333333,1,1,Hypertension,1
117209,35,21-39,3.5,Female,Mexican American,31.2,Obesity class 1 (30-34.9),6.24,117.33333333333333,77,0,0,No hypertension,0
117210,63,60-79,6.3,Female,Non-Hispanic Asian,32.7,Obesity class 1 (30-34.9),6.540000000000001,125,72.33333333333333,0,0,No hypertension,0
117211,70,60-79,7,Male,Non-Hispanic Asian,23.9,Healthy weight (18.5-24.9),4.779999999999999,163.66666666666666,94.33333333333333,0,1,Hypertension,1
117212,30,21-39,3,Female,Non-Hispanic White,33.9,Obesity class 1 (30-34.9),6.779999999999999,110,81.66666666666667,0,1,Hypertension,0
117215,32,21-39,3.2,Male,Mexican American,30.1,Obesity class 1 (30-34.9),6.0200000000000005,118.66666666666667,78.33333333333333,0,0,No hypertension,0
117216,23,21-39,2.3,Female,Non-Hispanic Black,35.6,Obesity class 2-3 (35+),7.12,96,63.333333333333336,0,0,No hypertension,0
117217,73,60-79,7.3,Male,Non-Hispanic White,27.8,Overweight (25-29.9),5.5600000000000005,163.33333333333334,81.66666666666667,1,1,Hypertension,1
117219,61,60-79,6.1,Female,Mexican American,31.8,Obesity class 1 (30-34.9),6.36,138.66666666666666,72.33333333333333,0,1,Hypertension,0
117221,65,60-79,6.5,Female,Non-Hispanic White,35.8,Obesity class 2-3 (35+),7.159999999999999,118.33333333333333,67,0,0,No hypertension,0
117222,67,60-79,6.7,Male,Other/Multiracial,21.4,Healthy weight (18.5-24.9),4.279999999999999,114.66666666666667,71,0,0,No hypertension,0
117224,59,40-59,5.9,Male,Non-Hispanic Black,26.1,Overweight (25-29.9),5.220000000000001,121.33333333333333,59.666666666666664,0,0,No hypertension,0
117226,64,60-79,6.4,Female,Mexican American,25.1,Overweight (25-29.9),5.0200000000000005,123.66666666666667,65,0,0,No hypertension,0
117232,48,40-59,4.8,Male,Non-Hispanic Asian,26.5,Overweight (25-29.9),5.3,148,102,0,1,Hypertension,1
117235,53,40-59,5.3,Female,Non-Hispanic Asian,28.3,Overweight (25-29.9),5.66,138.33333333333334,78.33333333333333,0,1,Hypertension,0
117236,62,60-79,6.2,Male,Non-Hispanic White,15.1,Underweight (<18.5),3.02,174.66666666666666,117.33333333333333,0,1,Hypertension,1
117238,53,40-59,5.3,Male,Non-Hispanic Black,34.1,Obesity class 1 (30-34.9),6.82,150,105.66666666666667,0,1,Hypertension,1
117241,51,40-59,5.1,Male,Non-Hispanic Black,33.7,Obesity class 1 (30-34.9),6.74,123.66666666666667,84.66666666666667,1,1,Hypertension,1
117242,58,40-59,5.8,Male,Non-Hispanic Black,28.3,Overweight (25-29.9),5.66,120,79.33333333333333,0,0,No hypertension,0
117243,59,40-59,5.9,Female,Non-Hispanic White,21.9,Healthy weight (18.5-24.9),4.38,131,73.33333333333333,0,1,Hypertension,0
117249,65,60-79,6.5,Female,Non-Hispanic White,39.4,Obesity class 2-3 (35+),7.88,101.33333333333333,68.66666666666667,1,1,Hypertension,1
117250,62,60-79,6.2,Female,Non-Hispanic White,36.1,Obesity class 2-3 (35+),7.220000000000001,104.33333333333333,64.66666666666667,1,1,Hypertension,1
117251,67,60-79,6.7,Male,Non-Hispanic White,26.3,Overweight (25-29.9),5.26,142.33333333333334,71.33333333333333,1,1,Hypertension,1
117253,63,60-79,6.3,Female,Non-Hispanic Black,37.5,Obesity class 2-3 (35+),7.5,144.33333333333334,88.66666666666667,0,1,Hypertension,1
117260,62,60-79,6.2,Male,Non-Hispanic White,30.4,Obesity class 1 (30-34.9),6.08,99,50.333333333333336,0,0,No hypertension,0
117263,56,40-59,5.6,Male,Non-Hispanic Black,32.7,Obesity class 1 (30-34.9),6.540000000000001,134,79,0,1,Hypertension,0
117265,75,60-79,7.5,Male,Non-Hispanic Black,23.4,Healthy weight (18.5-24.9),4.68,135,66,0,1,Hypertension,0
117273,65,60-79,6.5,Female,Non-Hispanic White,20.7,Healthy weight (18.5-24.9),4.14,121,58.333333333333336,0,0,No hypertension,0
117274,41,40-59,4.1,Male,Other Hispanic,25.2,Overweight (25-29.9),5.04,135,85.66666666666667,0,1,Hypertension,0
117275,63,60-79,6.3,Male,Non-Hispanic Asian,24.9,Healthy weight (18.5-24.9),4.9799999999999995,132,79.33333333333333,0,1,Hypertension,0
117278,33,21-39,3.3,Female,Non-Hispanic White,25.7,Overweight (25-29.9),5.14,118.33333333333333,77.66666666666667,0,0,No hypertension,0
117282,41,40-59,4.1,Female,Mexican American,46.5,Obesity class 2-3 (35+),9.3,99.33333333333333,64.66666666666667,0,0,No hypertension,0
117283,57,40-59,5.7,Male,Other/Multiracial,28.5,Overweight (25-29.9),5.7,119.66666666666667,73,0,0,No hypertension,0
117285,28,21-39,2.8,Male,Non-Hispanic White,23.9,Healthy weight (18.5-24.9),4.779999999999999,120.66666666666667,76.33333333333333,0,0,No hypertension,0
117286,46,40-59,4.6,Female,Non-Hispanic White,24.9,Healthy weight (18.5-24.9),4.9799999999999995,108.66666666666667,68.33333333333333,0,0,No hypertension,0
117289,57,40-59,5.7,Female,Non-Hispanic Black,26.5,Overweight (25-29.9),5.3,146.66666666666666,88.33333333333333,0,1,Hypertension,1
117290,45,40-59,4.5,Female,Non-Hispanic White,40.6,Obesity class 2-3 (35+),8.120000000000001,123.66666666666667,81,0,1,Hypertension,0
117291,21,21-39,2.1,Female,Other/Multiracial,25.4,Overweight (25-29.9),5.08,122.66666666666667,76,0,0,No hypertension,0
117293,55,40-59,5.5,Male,Non-Hispanic White,31.9,Obesity class 1 (30-34.9),6.38,110,63,0,0,No hypertension,0
117294,55,40-59,5.5,Male,Non-Hispanic White,26.2,Overweight (25-29.9),5.24,136.33333333333334,80.33333333333333,1,1,Hypertension,1
117295,52,40-59,5.2,Female,Non-Hispanic Black,36.3,Obesity class 2-3 (35+),7.26,108.33333333333333,68,1,1,Hypertension,1
117297,52,40-59,5.2,Female,Mexican American,44.8,Obesity class 2-3 (35+),8.959999999999999,133.33333333333334,82,0,1,Hypertension,0
117301,73,60-79,7.3,Female,Other Hispanic,22.4,Healthy weight (18.5-24.9),4.4799999999999995,137.66666666666666,74,1,1,Hypertension,1
117302,63,60-79,6.3,Male,Non-Hispanic White,23.7,Healthy weight (18.5-24.9),4.74,158.33333333333334,82.66666666666667,0,1,Hypertension,1
117305,68,60-79,6.8,Female,Other/Multiracial,36.9,Obesity class 2-3 (35+),7.38,119.33333333333333,78.66666666666667,1,1,Hypertension,1
117306,42,40-59,4.2,Female,Non-Hispanic White,21.3,Healthy weight (18.5-24.9),4.26,107,68.66666666666667,0,0,No hypertension,0
117307,62,60-79,6.2,Female,Non-Hispanic White,24.7,Healthy weight (18.5-24.9),4.9399999999999995,109.66666666666667,66.33333333333333,0,0,No hypertension,0
117308,36,21-39,3.6,Female,Non-Hispanic Black,31.6,Obesity class 1 (30-34.9),6.32,119.33333333333333,83,0,1,Hypertension,0
117310,71,60-79,7.1,Male,Non-Hispanic White,35.2,Obesity class 2-3 (35+),7.040000000000001,143.33333333333334,77.66666666666667,1,1,Hypertension,1
117312,78,60-79,7.8,Female,Other Hispanic,30.1,Obesity class 1 (30-34.9),6.0200000000000005,152,75.33333333333333,1,1,Hypertension,1
117313,32,21-39,3.2,Female,Non-Hispanic White,22.9,Healthy weight (18.5-24.9),4.58,110,52.666666666666664,0,0,No hypertension,0
117314,61,60-79,6.1,Male,Other Hispanic,28.9,Overweight (25-29.9),5.779999999999999,177,101.66666666666667,0,1,Hypertension,1
117315,64,60-79,6.4,Female,Other Hispanic,29.9,Overweight (25-29.9),5.9799999999999995,120,67,0,0,No hypertension,0
117316,55,40-59,5.5,Female,Non-Hispanic Black,40.8,Obesity class 2-3 (35+),8.16,113,73,1,1,Hypertension,1
117320,34,21-39,3.4,Female,Other Hispanic,33.5,Obesity class 1 (30-34.9),6.7,115.33333333333333,74.33333333333333,1,1,Hypertension,1
117321,70,60-79,7,Female,Non-Hispanic White,35.3,Obesity class 2-3 (35+),7.06,124,70,0,0,No hypertension,0
117328,32,21-39,3.2,Male,Non-Hispanic Black,45.7,Obesity class 2-3 (35+),9.14,126.33333333333333,84.33333333333333,0,1,Hypertension,0
117331,57,40-59,5.7,Male,Non-Hispanic White,44.2,Obesity class 2-3 (35+),8.84,120.66666666666667,82.66666666666667,1,1,Hypertension,1
117335,66,60-79,6.6,Male,Non-Hispanic White,32.1,Obesity class 1 (30-34.9),6.42,116,66,1,1,Hypertension,1
117336,43,40-59,4.3,Male,Non-Hispanic Black,30.9,Obesity class 1 (30-34.9),6.18,115.66666666666667,76.66666666666667,0,0,No hypertension,0
117351,32,21-39,3.2,Female,Non-Hispanic White,29.6,Overweight (25-29.9),5.92,116.33333333333333,85.66666666666667,0,1,Hypertension,0
117353,64,60-79,6.4,Male,Non-Hispanic Black,24.4,Healthy weight (18.5-24.9),4.88,137,80.33333333333333,0,1,Hypertension,0
117357,22,21-39,2.2,Female,Non-Hispanic Asian,20.8,Healthy weight (18.5-24.9),4.16,93.33333333333333,53.666666666666664,0,0,No hypertension,0
117358,36,21-39,3.6,Male,Non-Hispanic Asian,28.6,Overweight (25-29.9),5.720000000000001,132.33333333333334,77.66666666666667,0,1,Hypertension,0
117363,70,60-79,7,Female,Non-Hispanic White,50.3,Obesity class 2-3 (35+),10.059999999999999,127,61.333333333333336,1,1,Hypertension,1
117364,37,21-39,3.7,Female,Mexican American,24.6,Healthy weight (18.5-24.9),4.92,101,58.333333333333336,0,0,No hypertension,0
117365,57,40-59,5.7,Female,Non-Hispanic Black,45.7,Obesity class 2-3 (35+),9.14,107,72,0,0,No hypertension,0
117368,35,21-39,3.5,Male,Non-Hispanic White,27.2,Overweight (25-29.9),5.4399999999999995,132.66666666666666,77.33333333333333,0,1,Hypertension,0
117370,52,40-59,5.2,Male,Other/Multiracial,23.4,Healthy weight (18.5-24.9),4.68,125.33333333333333,77.66666666666667,0,0,No hypertension,0
117371,44,40-59,4.4,Female,Other Hispanic,19.6,Healthy weight (18.5-24.9),3.9200000000000004,141.66666666666666,93.33333333333333,0,1,Hypertension,1
117374,57,40-59,5.7,Female,Non-Hispanic Black,21.2,Healthy weight (18.5-24.9),4.24,146.66666666666666,61.333333333333336,1,1,Hypertension,1
117377,24,21-39,2.4,Female,Non-Hispanic White,28.6,Overweight (25-29.9),5.720000000000001,110,75,0,0,No hypertension,0
117379,41,40-59,4.1,Female,Non-Hispanic Black,31.9,Obesity class 1 (30-34.9),6.38,95.33333333333333,64,0,0,No hypertension,0
117383,42,40-59,4.2,Male,Non-Hispanic White,30.4,Obesity class 1 (30-34.9),6.08,116,82.33333333333333,0,1,Hypertension,0
117384,62,60-79,6.2,Female,Non-Hispanic Asian,24.4,Healthy weight (18.5-24.9),4.88,136.66666666666666,90.33333333333333,1,1,Hypertension,1
117387,31,21-39,3.1,Female,Non-Hispanic White,46,Obesity class 2-3 (35+),9.2,127.66666666666667,83,0,1,Hypertension,0
117388,36,21-39,3.6,Male,Non-Hispanic White,31.1,Obesity class 1 (30-34.9),6.220000000000001,125.66666666666667,80.66666666666667,0,1,Hypertension,0
117389,34,21-39,3.4,Male,Non-Hispanic White,42.1,Obesity class 2-3 (35+),8.42,129.66666666666666,84.33333333333333,0,1,Hypertension,0
117394,24,21-39,2.4,Female,Non-Hispanic Asian,24.7,Healthy weight (18.5-24.9),4.9399999999999995,102.66666666666667,60.333333333333336,0,0,No hypertension,0
117395,73,60-79,7.3,Female,Other Hispanic,27.3,Overweight (25-29.9),5.46,157,76.33333333333333,0,1,Hypertension,1
117397,70,60-79,7,Male,Non-Hispanic Asian,23.7,Healthy weight (18.5-24.9),4.74,116.66666666666667,62.666666666666664,0,0,No hypertension,0
117398,61,60-79,6.1,Female,Non-Hispanic White,58.8,Obesity class 2-3 (35+),11.76,143.66666666666666,82,0,1,Hypertension,1
117400,60,60-79,6,Male,Other Hispanic,22.5,Healthy weight (18.5-24.9),4.5,128.33333333333334,74.66666666666667,0,0,No hypertension,0
117402,58,40-59,5.8,Female,Non-Hispanic Black,34.9,Obesity class 1 (30-34.9),6.9799999999999995,159.66666666666666,93.33333333333333,0,1,Hypertension,1
117405,26,21-39,2.6,Male,Other/Multiracial,30.6,Obesity class 1 (30-34.9),6.12,108.33333333333333,67,1,1,Hypertension,1
117409,34,21-39,3.4,Female,Mexican American,29.6,Overweight (25-29.9),5.92,111.66666666666667,71,0,0,No hypertension,0
117411,72,60-79,7.2,Male,Other Hispanic,26.7,Overweight (25-29.9),5.34,138.66666666666666,85,0,1,Hypertension,0
117412,35,21-39,3.5,Male,Non-Hispanic White,24.6,Healthy weight (18.5-24.9),4.92,124,75.66666666666667,0,0,No hypertension,0
117414,63,60-79,6.3,Female,Non-Hispanic White,31.6,Obesity class 1 (30-34.9),6.32,132.33333333333334,80.66666666666667,0,1,Hypertension,0
117417,27,21-39,2.7,Female,Non-Hispanic Asian,28.2,Overweight (25-29.9),5.64,94.66666666666667,70.66666666666667,0,0,No hypertension,0
117418,45,40-59,4.5,Male,Other/Multiracial,31.3,Obesity class 1 (30-34.9),6.26,121.66666666666667,96,0,1,Hypertension,1
117419,40,40-59,4,Male,Non-Hispanic Asian,29.5,Overweight (25-29.9),5.9,116,82.66666666666667,0,1,Hypertension,0
117420,65,60-79,6.5,Female,Non-Hispanic Black,28.9,Overweight (25-29.9),5.779999999999999,102.33333333333333,55,1,1,Hypertension,1
117428,75,60-79,7.5,Female,Other Hispanic,22.9,Healthy weight (18.5-24.9),4.58,152,105,0,1,Hypertension,1
117431,53,40-59,5.3,Female,Non-Hispanic Black,52.4,Obesity class 2-3 (35+),10.48,93.33333333333333,68.66666666666667,1,1,Hypertension,1
117432,66,60-79,6.6,Female,Non-Hispanic Black,25.8,Overweight (25-29.9),5.16,154.66666666666666,89.33333333333333,1,1,Hypertension,1
117435,51,40-59,5.1,Female,Non-Hispanic Black,31.8,Obesity class 1 (30-34.9),6.36,127.33333333333333,71,1,1,Hypertension,1
117436,76,60-79,7.6,Male,Mexican American,25.9,Overweight (25-29.9),5.18,125.66666666666667,63,1,1,Hypertension,1
117437,55,40-59,5.5,Male,Other Hispanic,25.3,Overweight (25-29.9),5.0600000000000005,140,94,0,1,Hypertension,1
117438,39,21-39,3.9,Male,Non-Hispanic White,27.4,Overweight (25-29.9),5.4799999999999995,121.66666666666667,76.33333333333333,0,0,No hypertension,0
117439,79,60-79,7.9,Female,Other Hispanic,38.8,Obesity class 2-3 (35+),7.76,120.66666666666667,68,1,1,Hypertension,1
117440,61,60-79,6.1,Male,Non-Hispanic Black,22.6,Healthy weight (18.5-24.9),4.5200000000000005,150,80.66666666666667,0,1,Hypertension,1
117442,68,60-79,6.8,Male,Non-Hispanic Asian,29.2,Overweight (25-29.9),5.84,146.66666666666666,68.66666666666667,1,1,Hypertension,1
117445,56,40-59,5.6,Male,Non-Hispanic White,22.8,Healthy weight (18.5-24.9),4.5600000000000005,132.66666666666666,79.66666666666667,0,1,Hypertension,0
117447,42,40-59,4.2,Female,Other Hispanic,28,Overweight (25-29.9),5.6,113.66666666666667,77,0,0,No hypertension,0
117450,56,40-59,5.6,Male,Non-Hispanic White,24.6,Healthy weight (18.5-24.9),4.92,150,103,0,1,Hypertension,1
117453,46,40-59,4.6,Female,Mexican American,28,Overweight (25-29.9),5.6,107,71.33333333333333,0,0,No hypertension,0
117454,56,40-59,5.6,Male,Mexican American,26,Overweight (25-29.9),5.2,124,77.33333333333333,0,0,No hypertension,0
117458,73,60-79,7.3,Female,Non-Hispanic White,32.6,Obesity class 1 (30-34.9),6.5200000000000005,129.66666666666666,86.66666666666667,0,1,Hypertension,0
117460,60,60-79,6,Male,Non-Hispanic Black,41.3,Obesity class 2-3 (35+),8.26,130,73.66666666666667,1,1,Hypertension,1
117463,26,21-39,2.6,Male,Non-Hispanic Black,37.9,Obesity class 2-3 (35+),7.58,126.66666666666667,82,0,1,Hypertension,0
117464,56,40-59,5.6,Female,Non-Hispanic White,17.9,Underweight (<18.5),3.5799999999999996,109,68,0,0,No hypertension,0
117465,54,40-59,5.4,Female,Non-Hispanic Black,22.8,Healthy weight (18.5-24.9),4.5600000000000005,129,82.66666666666667,1,1,Hypertension,1
117466,23,21-39,2.3,Female,Non-Hispanic White,29.9,Overweight (25-29.9),5.9799999999999995,114,61.666666666666664,0,0,No hypertension,0
117467,58,40-59,5.8,Male,Non-Hispanic White,26,Overweight (25-29.9),5.2,132,86,0,1,Hypertension,0
117468,21,21-39,2.1,Female,Non-Hispanic White,24,Healthy weight (18.5-24.9),4.8,104.33333333333333,63,0,0,No hypertension,0
117470,23,21-39,2.3,Male,Other Hispanic,19.5,Healthy weight (18.5-24.9),3.9,101,60,0,0,No hypertension,0
117475,69,60-79,6.9,Male,Other Hispanic,38.8,Obesity class 2-3 (35+),7.76,106.66666666666667,65.33333333333333,0,0,No hypertension,0
117481,47,40-59,4.7,Male,Non-Hispanic White,27.7,Overweight (25-29.9),5.54,140,94.66666666666667,0,1,Hypertension,1
117494,71,60-79,7.1,Female,Non-Hispanic Asian,29.9,Overweight (25-29.9),5.9799999999999995,128,75.33333333333333,0,0,No hypertension,0
117497,55,40-59,5.5,Male,Non-Hispanic White,30.7,Obesity class 1 (30-34.9),6.14,118,68,0,0,No hypertension,0
117498,68,60-79,6.8,Female,Non-Hispanic Asian,29.9,Overweight (25-29.9),5.9799999999999995,134.66666666666666,64.66666666666667,1,1,Hypertension,1
117500,22,21-39,2.2,Male,Non-Hispanic White,31.2,Obesity class 1 (30-34.9),6.24,121,81.33333333333333,0,1,Hypertension,0
117502,73,60-79,7.3,Female,Mexican American,31.1,Obesity class 1 (30-34.9),6.220000000000001,176,73,0,1,Hypertension,1
117504,49,40-59,4.9,Female,Non-Hispanic White,32.6,Obesity class 1 (30-34.9),6.5200000000000005,106,68,0,0,No hypertension,0
117505,36,21-39,3.6,Female,Other/Multiracial,37.3,Obesity class 2-3 (35+),7.459999999999999,171,119,0,1,Hypertension,1
117507,65,60-79,6.5,Male,Non-Hispanic Black,28.1,Overweight (25-29.9),5.62,125,81.66666666666667,0,1,Hypertension,0
117509,26,21-39,2.6,Female,Mexican American,32.2,Obesity class 1 (30-34.9),6.44,107,67,0,0,No hypertension,0
117510,51,40-59,5.1,Female,Non-Hispanic Asian,19.3,Healthy weight (18.5-24.9),3.8600000000000003,139.33333333333334,86,0,1,Hypertension,0
117511,53,40-59,5.3,Female,Non-Hispanic White,22.1,Healthy weight (18.5-24.9),4.42,108.66666666666667,66.33333333333333,0,0,No hypertension,0
117513,48,40-59,4.8,Female,Other Hispanic,31,Obesity class 1 (30-34.9),6.2,111,68.33333333333333,0,0,No hypertension,0
117514,56,40-59,5.6,Female,Non-Hispanic White,24.8,Healthy weight (18.5-24.9),4.96,123.33333333333333,71.33333333333333,0,0,No hypertension,0
117516,68,60-79,6.8,Male,Mexican American,37.7,Obesity class 2-3 (35+),7.540000000000001,115.66666666666667,70.33333333333333,1,1,Hypertension,1
117517,23,21-39,2.3,Male,Non-Hispanic Asian,28,Overweight (25-29.9),5.6,108.66666666666667,63.666666666666664,0,0,No hypertension,0
117523,41,40-59,4.1,Female,Non-Hispanic White,29.1,Overweight (25-29.9),5.82,106,73.66666666666667,1,1,Hypertension,1
117529,36,21-39,3.6,Male,Non-Hispanic Asian,23.5,Healthy weight (18.5-24.9),4.7,129,80.33333333333333,0,1,Hypertension,0
117530,25,21-39,2.5,Male,Non-Hispanic Black,21.8,Healthy weight (18.5-24.9),4.36,119.33333333333333,60.666666666666664,0,0,No hypertension,0
117531,32,21-39,3.2,Female,Non-Hispanic White,29.1,Overweight (25-29.9),5.82,100.33333333333333,58.333333333333336,0,0,No hypertension,0
117537,61,60-79,6.1,Male,Non-Hispanic Black,31.8,Obesity class 1 (30-34.9),6.36,124,86.66666666666667,0,1,Hypertension,0
117540,69,60-79,6.9,Male,Non-Hispanic White,28.2,Overweight (25-29.9),5.64,117,67.33333333333333,1,1,Hypertension,1
117543,31,21-39,3.1,Female,Non-Hispanic White,19.9,Healthy weight (18.5-24.9),3.9799999999999995,100.33333333333333,63,0,0,No hypertension,0
117546,75,60-79,7.5,Male,Other/Multiracial,26.9,Overweight (25-29.9),5.38,150,81,1,1,Hypertension,1
117549,29,21-39,2.9,Male,Non-Hispanic White,29.2,Overweight (25-29.9),5.84,104.66666666666667,75,0,0,No hypertension,0
117551,64,60-79,6.4,Male,Other Hispanic,28.2,Overweight (25-29.9),5.64,113,70,0,0,No hypertension,0
117554,75,60-79,7.5,Female,Non-Hispanic White,27.8,Overweight (25-29.9),5.5600000000000005,105.33333333333333,81,0,1,Hypertension,0
117556,39,21-39,3.9,Female,Non-Hispanic White,30.8,Obesity class 1 (30-34.9),6.16,111,73.33333333333333,0,0,No hypertension,0
117558,63,60-79,6.3,Female,Other Hispanic,34.7,Obesity class 1 (30-34.9),6.94,125.66666666666667,73.66666666666667,0,0,No hypertension,0
117559,48,40-59,4.8,Female,Mexican American,29.8,Overweight (25-29.9),5.96,108.33333333333333,62.333333333333336,0,0,No hypertension,0
117566,37,21-39,3.7,Male,Other Hispanic,33.2,Obesity class 1 (30-34.9),6.640000000000001,131,85,0,1,Hypertension,0
117570,47,40-59,4.7,Male,Non-Hispanic White,26.6,Overweight (25-29.9),5.32,108.66666666666667,68.66666666666667,0,0,No hypertension,0
117571,41,40-59,4.1,Female,Non-Hispanic Black,44.3,Obesity class 2-3 (35+),8.86,108.33333333333333,79.33333333333333,0,0,No hypertension,0
117573,45,40-59,4.5,Male,Non-Hispanic White,31.4,Obesity class 1 (30-34.9),6.279999999999999,122.66666666666667,80,0,1,Hypertension,0
117574,46,40-59,4.6,Male,Non-Hispanic White,24.3,Healthy weight (18.5-24.9),4.86,107.33333333333333,68.33333333333333,0,0,No hypertension,0
117575,61,60-79,6.1,Female,Non-Hispanic White,31.8,Obesity class 1 (30-34.9),6.36,129.66666666666666,70.66666666666667,1,1,Hypertension,1
117577,43,40-59,4.3,Male,Non-Hispanic White,19,Healthy weight (18.5-24.9),3.8,142,88.33333333333333,0,1,Hypertension,1
117580,65,60-79,6.5,Male,Non-Hispanic Black,30.3,Obesity class 1 (30-34.9),6.0600000000000005,124.33333333333333,84.33333333333333,0,1,Hypertension,0
117581,22,21-39,2.2,Female,Non-Hispanic Asian,20,Healthy weight (18.5-24.9),4,112.66666666666667,67.33333333333333,0,0,No hypertension,0
117589,59,40-59,5.9,Female,Non-Hispanic White,24.9,Healthy weight (18.5-24.9),4.9799999999999995,140,80.66666666666667,0,1,Hypertension,1
117592,31,21-39,3.1,Male,Non-Hispanic White,26.9,Overweight (25-29.9),5.38,110.66666666666667,73,0,0,No hypertension,0
117595,35,21-39,3.5,Female,Non-Hispanic White,25.8,Overweight (25-29.9),5.16,101.33333333333333,61,0,0,No hypertension,0
117598,70,60-79,7,Male,Other/Multiracial,36.9,Obesity class 2-3 (35+),7.38,112.66666666666667,53.666666666666664,1,1,Hypertension,1
117599,62,60-79,6.2,Female,Other/Multiracial,27.4,Overweight (25-29.9),5.4799999999999995,110.66666666666667,60.333333333333336,1,1,Hypertension,1
117600,27,21-39,2.7,Female,Non-Hispanic Black,31.6,Obesity class 1 (30-34.9),6.32,109,67.33333333333333,0,0,No hypertension,0
117603,24,21-39,2.4,Male,Non-Hispanic White,18.9,Healthy weight (18.5-24.9),3.78,115.33333333333333,70,0,0,No hypertension,0
117604,75,60-79,7.5,Male,Non-Hispanic White,34.6,Obesity class 1 (30-34.9),6.92,136.33333333333334,64.66666666666667,1,1,Hypertension,1
117605,32,21-39,3.2,Female,Non-Hispanic Black,34.5,Obesity class 1 (30-34.9),6.9,107.66666666666667,72.66666666666667,0,0,No hypertension,0
117606,33,21-39,3.3,Female,Non-Hispanic Black,33.9,Obesity class 1 (30-34.9),6.779999999999999,96.66666666666667,57.333333333333336,0,0,No hypertension,0
117610,23,21-39,2.3,Male,Non-Hispanic White,19.6,Healthy weight (18.5-24.9),3.9200000000000004,122,68.66666666666667,0,0,No hypertension,0
117613,48,40-59,4.8,Male,Non-Hispanic Asian,31.2,Obesity class 1 (30-34.9),6.24,118,85,0,1,Hypertension,0
117616,63,60-79,6.3,Female,Non-Hispanic White,29.8,Overweight (25-29.9),5.96,108.66666666666667,64.66666666666667,0,0,No hypertension,0
117617,46,40-59,4.6,Male,Other Hispanic,28.7,Overweight (25-29.9),5.74,118.33333333333333,78.66666666666667,0,0,No hypertension,0
117621,27,21-39,2.7,Male,Non-Hispanic Asian,25.4,Overweight (25-29.9),5.08,114.33333333333333,59,0,0,No hypertension,0
117622,56,40-59,5.6,Female,Non-Hispanic Asian,18.1,Underweight (<18.5),3.62,125,65.66666666666667,0,0,No hypertension,0
117623,60,60-79,6,Male,Mexican American,26.7,Overweight (25-29.9),5.34,125,75.66666666666667,0,0,No hypertension,0
117624,46,40-59,4.6,Male,Other/Multiracial,40.5,Obesity class 2-3 (35+),8.1,125,86.33333333333333,0,1,Hypertension,0
117625,31,21-39,3.1,Female,Non-Hispanic White,21.8,Healthy weight (18.5-24.9),4.36,94,60,0,0,No hypertension,0
117627,23,21-39,2.3,Male,Mexican American,20,Healthy weight (18.5-24.9),4,107,61,0,0,No hypertension,0
117628,39,21-39,3.9,Female,Non-Hispanic White,31.1,Obesity class 1 (30-34.9),6.220000000000001,106.33333333333333,67.66666666666667,0,0,No hypertension,0
117629,43,40-59,4.3,Female,Mexican American,30.7,Obesity class 1 (30-34.9),6.14,112.66666666666667,78,0,0,No hypertension,0
117630,48,40-59,4.8,Male,Non-Hispanic Black,28,Overweight (25-29.9),5.6,119.66666666666667,62.666666666666664,1,1,Hypertension,1
117631,72,60-79,7.2,Female,Non-Hispanic White,26.1,Overweight (25-29.9),5.220000000000001,149,69.33333333333333,0,1,Hypertension,1
117632,36,21-39,3.6,Male,Mexican American,30.9,Obesity class 1 (30-34.9),6.18,139.33333333333334,91.33333333333333,0,1,Hypertension,1
117633,53,40-59,5.3,Female,Mexican American,49.1,Obesity class 2-3 (35+),9.82,139,90.66666666666667,0,1,Hypertension,1
117635,65,60-79,6.5,Female,Non-Hispanic Black,18.2,Underweight (<18.5),3.6399999999999997,111.66666666666667,49,1,1,Hypertension,1
117637,36,21-39,3.6,Female,Non-Hispanic White,39.8,Obesity class 2-3 (35+),7.959999999999999,101,76.66666666666667,0,0,No hypertension,0
117638,76,60-79,7.6,Female,Non-Hispanic White,35.7,Obesity class 2-3 (35+),7.140000000000001,132.66666666666666,64.33333333333333,1,1,Hypertension,1
117639,62,60-79,6.2,Female,Non-Hispanic Black,32,Obesity class 1 (30-34.9),6.4,149.66666666666666,86,1,1,Hypertension,1
117641,23,21-39,2.3,Female,Other Hispanic,19.8,Healthy weight (18.5-24.9),3.96,110,68.66666666666667,0,0,No hypertension,0
117643,61,60-79,6.1,Female,Mexican American,29.3,Overweight (25-29.9),5.86,121.33333333333333,77.33333333333333,0,0,No hypertension,0
117644,30,21-39,3,Female,Non-Hispanic Black,22.1,Healthy weight (18.5-24.9),4.42,115,64,0,0,No hypertension,0
117645,60,60-79,6,Female,Non-Hispanic Black,44.6,Obesity class 2-3 (35+),8.92,135.66666666666666,89.33333333333333,0,1,Hypertension,0
117646,27,21-39,2.7,Female,Mexican American,27.8,Overweight (25-29.9),5.5600000000000005,119.33333333333333,74,0,0,No hypertension,0
117648,43,40-59,4.3,Female,Non-Hispanic Black,64.2,Obesity class 2-3 (35+),12.84,121.66666666666667,93.66666666666667,0,1,Hypertension,1
117650,74,60-79,7.4,Female,Non-Hispanic Asian,23.2,Healthy weight (18.5-24.9),4.64,148.33333333333334,72.33333333333333,1,1,Hypertension,1
117651,44,40-59,4.4,Male,Non-Hispanic Black,29,Overweight (25-29.9),5.8,121,68.33333333333333,0,0,No hypertension,0
117652,62,60-79,6.2,Male,Other Hispanic,24.5,Healthy weight (18.5-24.9),4.9,126.33333333333333,77.33333333333333,0,0,No hypertension,0
117653,52,40-59,5.2,Male,Non-Hispanic Asian,28.3,Overweight (25-29.9),5.66,138.66666666666666,92.66666666666667,0,1,Hypertension,1
117654,68,60-79,6.8,Male,Non-Hispanic Black,35.4,Obesity class 2-3 (35+),7.08,141.33333333333334,95.33333333333333,0,1,Hypertension,1
117656,33,21-39,3.3,Male,Non-Hispanic White,28.7,Overweight (25-29.9),5.74,126.66666666666667,81,0,1,Hypertension,0
117657,55,40-59,5.5,Female,Non-Hispanic White,22.1,Healthy weight (18.5-24.9),4.42,99,65,0,0,No hypertension,0
117659,46,40-59,4.6,Male,Other/Multiracial,22.4,Healthy weight (18.5-24.9),4.4799999999999995,116,74.33333333333333,0,0,No hypertension,0
117660,71,60-79,7.1,Female,Non-Hispanic White,25.8,Overweight (25-29.9),5.16,131.33333333333334,69,1,1,Hypertension,1
117662,38,21-39,3.8,Female,Non-Hispanic Black,31.5,Obesity class 1 (30-34.9),6.3,108.66666666666667,67.33333333333333,0,0,No hypertension,0
117665,66,60-79,6.6,Female,Mexican American,30.8,Obesity class 1 (30-34.9),6.16,108.66666666666667,59,0,0,No hypertension,0
117666,67,60-79,6.7,Female,Non-Hispanic White,35.5,Obesity class 2-3 (35+),7.1,126.66666666666667,73.33333333333333,0,0,No hypertension,0
117671,48,40-59,4.8,Female,Non-Hispanic Black,54.7,Obesity class 2-3 (35+),10.940000000000001,102.33333333333333,72.66666666666667,0,0,No hypertension,0
117672,55,40-59,5.5,Female,Non-Hispanic Black,38.9,Obesity class 2-3 (35+),7.779999999999999,129,88,0,1,Hypertension,0
117676,45,40-59,4.5,Female,Non-Hispanic White,41.9,Obesity class 2-3 (35+),8.379999999999999,135.33333333333334,94.33333333333333,1,1,Hypertension,1
117677,38,21-39,3.8,Female,Non-Hispanic Black,36.1,Obesity class 2-3 (35+),7.220000000000001,113.66666666666667,83.33333333333333,0,1,Hypertension,0
117678,76,60-79,7.6,Male,Non-Hispanic White,28.1,Overweight (25-29.9),5.62,141,75.66666666666667,1,1,Hypertension,1
117681,74,60-79,7.4,Female,Non-Hispanic White,20,Healthy weight (18.5-24.9),4,132.66666666666666,80.66666666666667,1,1,Hypertension,1
117682,78,60-79,7.8,Female,Non-Hispanic White,28.7,Overweight (25-29.9),5.74,133,66.66666666666667,0,1,Hypertension,0
117687,45,40-59,4.5,Female,Non-Hispanic Asian,33.7,Obesity class 1 (30-34.9),6.74,138.33333333333334,95,1,1,Hypertension,1
117690,39,21-39,3.9,Female,Non-Hispanic White,21.4,Healthy weight (18.5-24.9),4.279999999999999,116,69,0,0,No hypertension,0
117692,69,60-79,6.9,Male,Non-Hispanic Black,29.7,Overweight (25-29.9),5.9399999999999995,135.66666666666666,85,1,1,Hypertension,1
117695,66,60-79,6.6,Female,Non-Hispanic Black,29,Overweight (25-29.9),5.8,119.33333333333333,70.33333333333333,1,1,Hypertension,1
117699,47,40-59,4.7,Female,Other Hispanic,29.7,Overweight (25-29.9),5.9399999999999995,116.33333333333333,88.33333333333333,1,1,Hypertension,1
117700,68,60-79,6.8,Male,Non-Hispanic White,36.8,Obesity class 2-3 (35+),7.359999999999999,168.66666666666666,109,1,1,Hypertension,1
117701,48,40-59,4.8,Male,Non-Hispanic White,30.3,Obesity class 1 (30-34.9),6.0600000000000005,125,86,0,1,Hypertension,0
117703,73,60-79,7.3,Male,Non-Hispanic White,31.3,Obesity class 1 (30-34.9),6.26,121.33333333333333,78.66666666666667,0,0,No hypertension,0
117704,57,40-59,5.7,Female,Non-Hispanic Black,35.5,Obesity class 2-3 (35+),7.1,129,90.33333333333333,1,1,Hypertension,1
117707,38,21-39,3.8,Female,Other Hispanic,25,Overweight (25-29.9),5,106.33333333333333,67,0,0,No hypertension,0
117708,71,60-79,7.1,Male,Non-Hispanic White,26.1,Overweight (25-29.9),5.220000000000001,151,67,1,1,Hypertension,1
117710,47,40-59,4.7,Male,Non-Hispanic White,36.8,Obesity class 2-3 (35+),7.359999999999999,115.66666666666667,82,1,1,Hypertension,1
117711,60,60-79,6,Female,Non-Hispanic Asian,29.3,Overweight (25-29.9),5.86,123.66666666666667,75.66666666666667,0,0,No hypertension,0
117712,24,21-39,2.4,Male,Non-Hispanic Black,25.2,Overweight (25-29.9),5.04,97.33333333333333,50,0,0,No hypertension,0
117720,31,21-39,3.1,Male,Non-Hispanic Black,30.2,Obesity class 1 (30-34.9),6.04,119.33333333333333,57.666666666666664,0,0,No hypertension,0
117725,28,21-39,2.8,Female,Non-Hispanic Black,25.2,Overweight (25-29.9),5.04,111.33333333333333,54.333333333333336,0,0,No hypertension,0
117727,74,60-79,7.4,Female,Non-Hispanic White,26.5,Overweight (25-29.9),5.3,129.33333333333334,64.66666666666667,1,1,Hypertension,1
117728,72,60-79,7.2,Male,Non-Hispanic White,40.9,Obesity class 2-3 (35+),8.18,124.66666666666667,68,1,1,Hypertension,1
117729,67,60-79,6.7,Female,Other Hispanic,28.9,Overweight (25-29.9),5.779999999999999,132.66666666666666,81,1,1,Hypertension,1
117730,45,40-59,4.5,Female,Mexican American,27.9,Overweight (25-29.9),5.58,121,71.33333333333333,0,0,No hypertension,0
117732,53,40-59,5.3,Female,Non-Hispanic Black,37.4,Obesity class 2-3 (35+),7.4799999999999995,185.33333333333334,112.66666666666667,1,1,Hypertension,1
117733,46,40-59,4.6,Male,Other/Multiracial,35,Obesity class 2-3 (35+),7,122,77.33333333333333,1,1,Hypertension,1
117734,67,60-79,6.7,Male,Non-Hispanic White,34,Obesity class 1 (30-34.9),6.8,127,86.66666666666667,0,1,Hypertension,0
117735,31,21-39,3.1,Female,Other Hispanic,23.7,Healthy weight (18.5-24.9),4.74,100.66666666666667,63.333333333333336,0,0,No hypertension,0
117737,37,21-39,3.7,Male,Non-Hispanic Asian,25,Overweight (25-29.9),5,124.66666666666667,81.66666666666667,0,1,Hypertension,0
117738,25,21-39,2.5,Female,Non-Hispanic White,24.8,Healthy weight (18.5-24.9),4.96,102.66666666666667,69,0,0,No hypertension,0
117745,35,21-39,3.5,Male,Mexican American,39.2,Obesity class 2-3 (35+),7.840000000000001,112,73.33333333333333,0,0,No hypertension,0
117746,66,60-79,6.6,Male,Non-Hispanic White,22.4,Healthy weight (18.5-24.9),4.4799999999999995,116.66666666666667,75,1,1,Hypertension,1
117748,54,40-59,5.4,Male,Non-Hispanic Black,30,Obesity class 1 (30-34.9),6,111.66666666666667,66.66666666666667,1,1,Hypertension,1
117752,33,21-39,3.3,Female,Non-Hispanic White,23.9,Healthy weight (18.5-24.9),4.779999999999999,106,65,0,0,No hypertension,0
117753,53,40-59,5.3,Female,Non-Hispanic Asian,21.5,Healthy weight (18.5-24.9),4.3,90.66666666666667,54,0,0,No hypertension,0
117754,48,40-59,4.8,Female,Non-Hispanic Black,25.1,Overweight (25-29.9),5.0200000000000005,121.66666666666667,82.33333333333333,0,1,Hypertension,0
117755,53,40-59,5.3,Male,Non-Hispanic Black,29.9,Overweight (25-29.9),5.9799999999999995,137,88.66666666666667,0,1,Hypertension,0
117767,66,60-79,6.6,Male,Non-Hispanic White,26.1,Overweight (25-29.9),5.220000000000001,110,65,1,1,Hypertension,1
117768,38,21-39,3.8,Male,Non-Hispanic White,21.7,Healthy weight (18.5-24.9),4.34,132.66666666666666,70.66666666666667,0,1,Hypertension,0
117769,63,60-79,6.3,Male,Non-Hispanic Black,32.9,Obesity class 1 (30-34.9),6.58,213.33333333333334,108.33333333333333,0,1,Hypertension,1
117771,70,60-79,7,Male,Non-Hispanic White,22.8,Healthy weight (18.5-24.9),4.5600000000000005,149.33333333333334,75.33333333333333,0,1,Hypertension,1
117774,28,21-39,2.8,Male,Non-Hispanic White,22.6,Healthy weight (18.5-24.9),4.5200000000000005,110,56.333333333333336,0,0,No hypertension,0
117775,49,40-59,4.9,Male,Non-Hispanic Asian,24.8,Healthy weight (18.5-24.9),4.96,120.33333333333333,76,0,0,No hypertension,0
117777,41,40-59,4.1,Female,Other Hispanic,19.6,Healthy weight (18.5-24.9),3.9200000000000004,86.33333333333333,48,0,0,No hypertension,0
117778,44,40-59,4.4,Female,Non-Hispanic White,30,Obesity class 1 (30-34.9),6,106.33333333333333,66,0,0,No hypertension,0
117780,55,40-59,5.5,Male,Non-Hispanic White,23,Healthy weight (18.5-24.9),4.6,127,72.33333333333333,1,1,Hypertension,1
117785,39,21-39,3.9,Female,Other Hispanic,21.9,Healthy weight (18.5-24.9),4.38,93.66666666666667,54.333333333333336,0,0,No hypertension,0
117792,60,60-79,6,Female,Non-Hispanic Asian,23.1,Healthy weight (18.5-24.9),4.62,140.33333333333334,82.66666666666667,1,1,Hypertension,1
117795,31,21-39,3.1,Female,Other/Multiracial,33.1,Obesity class 1 (30-34.9),6.62,105.33333333333333,75.33333333333333,0,0,No hypertension,0
117800,65,60-79,6.5,Female,Non-Hispanic Black,28.8,Overweight (25-29.9),5.76,144.66666666666666,74,1,1,Hypertension,1
117806,62,60-79,6.2,Male,Mexican American,34.7,Obesity class 1 (30-34.9),6.94,135,80,0,1,Hypertension,0
117807,67,60-79,6.7,Female,Non-Hispanic White,36.6,Obesity class 2-3 (35+),7.32,140,68.33333333333333,0,1,Hypertension,1
117810,27,21-39,2.7,Male,Non-Hispanic Asian,23.8,Healthy weight (18.5-24.9),4.76,119.33333333333333,68.66666666666667,0,0,No hypertension,0
117811,35,21-39,3.5,Female,Other Hispanic,26.5,Overweight (25-29.9),5.3,97.66666666666667,58,0,0,No hypertension,0
117814,22,21-39,2.2,Male,Non-Hispanic White,23,Healthy weight (18.5-24.9),4.6,118.66666666666667,60.333333333333336,0,0,No hypertension,0
117816,67,60-79,6.7,Male,Non-Hispanic Black,25.9,Overweight (25-29.9),5.18,147.66666666666666,102,0,1,Hypertension,1
117817,54,40-59,5.4,Female,Other Hispanic,39.3,Obesity class 2-3 (35+),7.859999999999999,128.66666666666666,90.33333333333333,0,1,Hypertension,1
117818,59,40-59,5.9,Male,Non-Hispanic White,27.4,Overweight (25-29.9),5.4799999999999995,99.66666666666667,59.666666666666664,0,0,No hypertension,0
117822,53,40-59,5.3,Male,Mexican American,33.6,Obesity class 1 (30-34.9),6.720000000000001,141.66666666666666,81,1,1,Hypertension,1
117824,38,21-39,3.8,Female,Other Hispanic,20.4,Healthy weight (18.5-24.9),4.08,118.33333333333333,74,0,0,No hypertension,0
117826,61,60-79,6.1,Female,Non-Hispanic Black,32.3,Obesity class 1 (30-34.9),6.459999999999999,126,68.33333333333333,0,0,No hypertension,0
117827,59,40-59,5.9,Female,Non-Hispanic Asian,23.6,Healthy weight (18.5-24.9),4.720000000000001,129.33333333333334,77.33333333333333,1,1,Hypertension,1
117829,59,40-59,5.9,Female,Non-Hispanic White,56.1,Obesity class 2-3 (35+),11.22,119.33333333333333,82.33333333333333,0,1,Hypertension,0
117831,25,21-39,2.5,Female,Non-Hispanic Black,25,Overweight (25-29.9),5,122.33333333333333,78.33333333333333,1,1,Hypertension,1
117834,48,40-59,4.8,Female,Non-Hispanic Black,22.3,Healthy weight (18.5-24.9),4.46,100.33333333333333,59,0,0,No hypertension,0
117835,55,40-59,5.5,Male,Non-Hispanic Black,20.4,Healthy weight (18.5-24.9),4.08,136.33333333333334,75.66666666666667,1,1,Hypertension,1
117839,33,21-39,3.3,Male,Non-Hispanic White,50,Obesity class 2-3 (35+),10,127,71,0,0,No hypertension,0
117840,35,21-39,3.5,Female,Mexican American,25.8,Overweight (25-29.9),5.16,111,67.66666666666667,0,0,No hypertension,0
117845,61,60-79,6.1,Male,Other Hispanic,28.3,Overweight (25-29.9),5.66,111.66666666666667,68,0,0,No hypertension,0
117847,46,40-59,4.6,Male,Other/Multiracial,31.6,Obesity class 1 (30-34.9),6.32,135.33333333333334,86.66666666666667,0,1,Hypertension,0
117849,51,40-59,5.1,Female,Non-Hispanic Asian,26.8,Overweight (25-29.9),5.36,102,68,0,0,No hypertension,0
117856,50,40-59,5,Female,Other Hispanic,15.8,Underweight (<18.5),3.16,141.33333333333334,87.33333333333333,0,1,Hypertension,1
117857,44,40-59,4.4,Female,Other Hispanic,27.6,Overweight (25-29.9),5.5200000000000005,111,63.333333333333336,0,0,No hypertension,0
117858,60,60-79,6,Female,Non-Hispanic Black,31.5,Obesity class 1 (30-34.9),6.3,187.33333333333334,93.66666666666667,0,1,Hypertension,1
117866,51,40-59,5.1,Male,Non-Hispanic Asian,30.1,Obesity class 1 (30-34.9),6.0200000000000005,128,77,0,0,No hypertension,0
117867,48,40-59,4.8,Male,Non-Hispanic White,32.8,Obesity class 1 (30-34.9),6.56,130.33333333333334,81,1,1,Hypertension,1
117869,56,40-59,5.6,Male,Non-Hispanic Black,33.1,Obesity class 1 (30-34.9),6.62,130.66666666666666,86.33333333333333,1,1,Hypertension,1
117870,29,21-39,2.9,Male,Non-Hispanic White,23.7,Healthy weight (18.5-24.9),4.74,139.66666666666666,85.33333333333333,0,1,Hypertension,0
117873,57,40-59,5.7,Male,Mexican American,29.1,Overweight (25-29.9),5.82,162,75.66666666666667,1,1,Hypertension,1
117877,41,40-59,4.1,Female,Non-Hispanic Black,27.8,Overweight (25-29.9),5.5600000000000005,108.66666666666667,78,0,0,No hypertension,0
117881,46,40-59,4.6,Male,Non-Hispanic Black,28.9,Overweight (25-29.9),5.779999999999999,119.66666666666667,63.333333333333336,0,0,No hypertension,0
117882,62,60-79,6.2,Male,Non-Hispanic White,28.2,Overweight (25-29.9),5.64,124,76,1,1,Hypertension,1
117884,66,60-79,6.6,Female,Other Hispanic,30,Obesity class 1 (30-34.9),6,143.66666666666666,68.66666666666667,1,1,Hypertension,1
117885,41,40-59,4.1,Female,Mexican American,17.7,Underweight (<18.5),3.54,108,69.33333333333333,0,0,No hypertension,0
117886,71,60-79,7.1,Female,Non-Hispanic Black,28.9,Overweight (25-29.9),5.779999999999999,136.66666666666666,71.33333333333333,1,1,Hypertension,1
117887,34,21-39,3.4,Male,Mexican American,28.7,Overweight (25-29.9),5.74,121.66666666666667,85.66666666666667,0,1,Hypertension,0
117888,24,21-39,2.4,Male,Non-Hispanic Asian,25.2,Overweight (25-29.9),5.04,102.66666666666667,63.333333333333336,0,0,No hypertension,0
117890,71,60-79,7.1,Male,Mexican American,35.9,Obesity class 2-3 (35+),7.18,140.33333333333334,73,1,1,Hypertension,1
117893,55,40-59,5.5,Female,Mexican American,27.6,Overweight (25-29.9),5.5200000000000005,112,71,0,0,No hypertension,0
117894,58,40-59,5.8,Male,Non-Hispanic Asian,34.2,Obesity class 1 (30-34.9),6.840000000000001,136.66666666666666,83.66666666666667,1,1,Hypertension,1
117897,22,21-39,2.2,Female,Other Hispanic,21.1,Healthy weight (18.5-24.9),4.220000000000001,97.66666666666667,63.666666666666664,0,0,No hypertension,0
117900,55,40-59,5.5,Male,Other Hispanic,27.8,Overweight (25-29.9),5.5600000000000005,109.66666666666667,67.66666666666667,0,0,No hypertension,0
117907,21,21-39,2.1,Female,Other Hispanic,29,Overweight (25-29.9),5.8,100,68.33333333333333,0,0,No hypertension,0
117913,57,40-59,5.7,Female,Non-Hispanic Black,35.8,Obesity class 2-3 (35+),7.159999999999999,133.33333333333334,83.33333333333333,0,1,Hypertension,0
117915,48,40-59,4.8,Female,Non-Hispanic Asian,24.4,Healthy weight (18.5-24.9),4.88,118.66666666666667,86.33333333333333,0,1,Hypertension,0
117916,75,60-79,7.5,Male,Mexican American,29,Overweight (25-29.9),5.8,127.66666666666667,72.33333333333333,0,0,No hypertension,0
117918,62,60-79,6.2,Female,Other/Multiracial,36.5,Obesity class 2-3 (35+),7.3,135.66666666666666,77.33333333333333,0,1,Hypertension,0
117919,32,21-39,3.2,Male,Other Hispanic,26.4,Overweight (25-29.9),5.279999999999999,113.66666666666667,68,0,0,No hypertension,0
117922,31,21-39,3.1,Male,Other Hispanic,27.7,Overweight (25-29.9),5.54,122,78.66666666666667,0,0,No hypertension,0
117923,41,40-59,4.1,Female,Non-Hispanic White,31.6,Obesity class 1 (30-34.9),6.32,155.66666666666666,93.33333333333333,1,1,Hypertension,1
117925,35,21-39,3.5,Male,Other Hispanic,36.4,Obesity class 2-3 (35+),7.279999999999999,119.33333333333333,68.33333333333333,0,0,No hypertension,0
117929,58,40-59,5.8,Male,Other Hispanic,25.5,Overweight (25-29.9),5.1,102.33333333333333,56,0,0,No hypertension,0
117930,23,21-39,2.3,Female,Non-Hispanic Black,22.3,Healthy weight (18.5-24.9),4.46,104,65.33333333333333,0,0,No hypertension,0
117931,44,40-59,4.4,Female,Non-Hispanic Asian,37.3,Obesity class 2-3 (35+),7.459999999999999,127,90.66666666666667,0,1,Hypertension,1
117933,34,21-39,3.4,Male,Non-Hispanic Black,38.9,Obesity class 2-3 (35+),7.779999999999999,144.66666666666666,93.66666666666667,1,1,Hypertension,1
117937,29,21-39,2.9,Female,Non-Hispanic White,35.7,Obesity class 2-3 (35+),7.140000000000001,124,86,0,1,Hypertension,0
117939,46,40-59,4.6,Female,Non-Hispanic Asian,21.9,Healthy weight (18.5-24.9),4.38,106,69.33333333333333,0,0,No hypertension,0
117941,33,21-39,3.3,Female,Non-Hispanic Asian,21.5,Healthy weight (18.5-24.9),4.3,111.33333333333333,69,0,0,No hypertension,0
117942,36,21-39,3.6,Female,Mexican American,40.9,Obesity class 2-3 (35+),8.18,102,71.33333333333333,0,0,No hypertension,0
117950,59,40-59,5.9,Female,Non-Hispanic Asian,20.6,Healthy weight (18.5-24.9),4.12,137,79,0,1,Hypertension,0
117953,41,40-59,4.1,Female,Non-Hispanic White,44.4,Obesity class 2-3 (35+),8.879999999999999,116,87,0,1,Hypertension,0
117957,76,60-79,7.6,Female,Non-Hispanic Black,41.9,Obesity class 2-3 (35+),8.379999999999999,163.66666666666666,72.66666666666667,1,1,Hypertension,1
117960,63,60-79,6.3,Male,Non-Hispanic Asian,24.2,Healthy weight (18.5-24.9),4.84,167.66666666666666,80.33333333333333,1,1,Hypertension,1
117964,60,60-79,6,Male,Non-Hispanic Black,25,Overweight (25-29.9),5,142.33333333333334,90,0,1,Hypertension,1
117965,51,40-59,5.1,Male,Non-Hispanic White,30.7,Obesity class 1 (30-34.9),6.14,132.66666666666666,80.33333333333333,1,1,Hypertension,1
117966,26,21-39,2.6,Female,Non-Hispanic Asian,27.3,Overweight (25-29.9),5.46,103.33333333333333,61.333333333333336,0,0,No hypertension,0
117968,39,21-39,3.9,Male,Non-Hispanic White,36.1,Obesity class 2-3 (35+),7.220000000000001,157,102.33333333333333,0,1,Hypertension,1
117971,21,21-39,2.1,Female,Non-Hispanic White,20.6,Healthy weight (18.5-24.9),4.12,102.66666666666667,59.333333333333336,0,0,No hypertension,0
117974,39,21-39,3.9,Female,Non-Hispanic Asian,23.9,Healthy weight (18.5-24.9),4.779999999999999,104.66666666666667,65.66666666666667,0,0,No hypertension,0
117975,22,21-39,2.2,Female,Non-Hispanic White,36.8,Obesity class 2-3 (35+),7.359999999999999,110,72.33333333333333,0,0,No hypertension,0
117981,24,21-39,2.4,Male,Non-Hispanic White,24.1,Healthy weight (18.5-24.9),4.82,105,67.66666666666667,0,0,No hypertension,0
117984,65,60-79,6.5,Female,Non-Hispanic Black,35.1,Obesity class 2-3 (35+),7.0200000000000005,155.33333333333334,86,1,1,Hypertension,1
117986,26,21-39,2.6,Male,Non-Hispanic Black,23.9,Healthy weight (18.5-24.9),4.779999999999999,104,64.66666666666667,0,0,No hypertension,0
117987,72,60-79,7.2,Male,Other Hispanic,25.4,Overweight (25-29.9),5.08,146.66666666666666,68,1,1,Hypertension,1
117989,64,60-79,6.4,Male,Non-Hispanic White,28.1,Overweight (25-29.9),5.62,127.33333333333333,73.33333333333333,1,1,Hypertension,1
117990,34,21-39,3.4,Female,Non-Hispanic Asian,25.5,Overweight (25-29.9),5.1,104.66666666666667,69.66666666666667,0,0,No hypertension,0
117991,47,40-59,4.7,Male,Other Hispanic,27.5,Overweight (25-29.9),5.5,144,95.66666666666667,0,1,Hypertension,1
117993,32,21-39,3.2,Female,Non-Hispanic White,30.4,Obesity class 1 (30-34.9),6.08,91.66666666666667,61.666666666666664,0,0,No hypertension,0
117996,47,40-59,4.7,Male,Mexican American,31.6,Obesity class 1 (30-34.9),6.32,121.33333333333333,71.33333333333333,0,0,No hypertension,0
117997,74,60-79,7.4,Female,Non-Hispanic White,28.6,Overweight (25-29.9),5.720000000000001,138.66666666666666,75.33333333333333,1,1,Hypertension,1
117998,43,40-59,4.3,Male,Non-Hispanic Black,28.5,Overweight (25-29.9),5.7,115.33333333333333,79.33333333333333,0,0,No hypertension,0
117999,52,40-59,5.2,Female,Mexican American,27.7,Overweight (25-29.9),5.54,134.66666666666666,90.33333333333333,0,1,Hypertension,1
118000,43,40-59,4.3,Female,Other/Multiracial,19.5,Healthy weight (18.5-24.9),3.9,97.33333333333333,62.333333333333336,0,0,No hypertension,0
118001,75,60-79,7.5,Female,Non-Hispanic White,25.5,Overweight (25-29.9),5.1,131.33333333333334,81,0,1,Hypertension,0
118004,55,40-59,5.5,Male,Non-Hispanic White,29,Overweight (25-29.9),5.8,121.66666666666667,78.66666666666667,0,0,No hypertension,0
118008,44,40-59,4.4,Female,Non-Hispanic Asian,22.8,Healthy weight (18.5-24.9),4.5600000000000005,153.66666666666666,91,0,1,Hypertension,1
118013,56,40-59,5.6,Male,Non-Hispanic White,32,Obesity class 1 (30-34.9),6.4,118.33333333333333,67.66666666666667,0,0,No hypertension,0
118014,71,60-79,7.1,Male,Non-Hispanic White,26.6,Overweight (25-29.9),5.32,125,57,1,1,Hypertension,1
118017,79,60-79,7.9,Female,Non-Hispanic White,32.4,Obesity class 1 (30-34.9),6.4799999999999995,108,60,0,0,No hypertension,0
118018,31,21-39,3.1,Female,Non-Hispanic White,25.7,Overweight (25-29.9),5.14,104.33333333333333,70.33333333333333,0,0,No hypertension,0
118019,74,60-79,7.4,Male,Non-Hispanic Black,42.3,Obesity class 2-3 (35+),8.459999999999999,91.33333333333333,61.666666666666664,1,1,Hypertension,1
118022,60,60-79,6,Female,Non-Hispanic White,23.4,Healthy weight (18.5-24.9),4.68,124.33333333333333,74.33333333333333,0,0,No hypertension,0
118024,35,21-39,3.5,Female,Non-Hispanic Black,44.1,Obesity class 2-3 (35+),8.82,148.66666666666666,114.66666666666667,1,1,Hypertension,1
118025,50,40-59,5,Female,Non-Hispanic Black,25.8,Overweight (25-29.9),5.16,136.33333333333334,78.66666666666667,1,1,Hypertension,1
118029,52,40-59,5.2,Female,Mexican American,21.4,Healthy weight (18.5-24.9),4.279999999999999,117,73,0,0,No hypertension,0
118030,53,40-59,5.3,Female,Other Hispanic,28.6,Overweight (25-29.9),5.720000000000001,128.66666666666666,74.66666666666667,0,0,No hypertension,0
118031,59,40-59,5.9,Female,Non-Hispanic White,17.5,Underweight (<18.5),3.5,143,84,0,1,Hypertension,1
118035,49,40-59,4.9,Female,Non-Hispanic Asian,28.6,Overweight (25-29.9),5.720000000000001,108,65.33333333333333,0,0,No hypertension,0
118037,24,21-39,2.4,Male,Other Hispanic,24.2,Healthy weight (18.5-24.9),4.84,120,78.66666666666667,0,0,No hypertension,0
118038,65,60-79,6.5,Female,Other Hispanic,25.4,Overweight (25-29.9),5.08,145.33333333333334,86,0,1,Hypertension,1
118039,66,60-79,6.6,Female,Non-Hispanic White,23.8,Healthy weight (18.5-24.9),4.76,113.66666666666667,67.33333333333333,1,1,Hypertension,1
118040,36,21-39,3.6,Female,Non-Hispanic Black,29.5,Overweight (25-29.9),5.9,119.33333333333333,78.66666666666667,0,0,No hypertension,0
118042,53,40-59,5.3,Female,Non-Hispanic Black,25.5,Overweight (25-29.9),5.1,134.66666666666666,89,0,1,Hypertension,0
118044,48,40-59,4.8,Male,Non-Hispanic White,26.2,Overweight (25-29.9),5.24,101.33333333333333,72.66666666666667,0,0,No hypertension,0
118045,51,40-59,5.1,Male,Non-Hispanic Asian,22.8,Healthy weight (18.5-24.9),4.5600000000000005,91.33333333333333,46.333333333333336,0,0,No hypertension,0
118046,65,60-79,6.5,Female,Non-Hispanic White,33,Obesity class 1 (30-34.9),6.6,154.33333333333334,94,1,1,Hypertension,1
118050,69,60-79,6.9,Male,Mexican American,38.6,Obesity class 2-3 (35+),7.720000000000001,131.66666666666666,79.33333333333333,1,1,Hypertension,1
118051,75,60-79,7.5,Female,Non-Hispanic White,30.9,Obesity class 1 (30-34.9),6.18,127.33333333333333,77.33333333333333,1,1,Hypertension,1
118055,53,40-59,5.3,Female,Non-Hispanic Black,49.8,Obesity class 2-3 (35+),9.959999999999999,120,77.33333333333333,0,0,No hypertension,0
118056,36,21-39,3.6,Male,Non-Hispanic Black,26.5,Overweight (25-29.9),5.3,130,76,0,1,Hypertension,0
118057,65,60-79,6.5,Male,Other/Multiracial,20.1,Healthy weight (18.5-24.9),4.0200000000000005,102,58,0,0,No hypertension,0
118058,50,40-59,5,Male,Other/Multiracial,31.8,Obesity class 1 (30-34.9),6.36,117.66666666666667,73.33333333333333,0,0,No hypertension,0
118061,69,60-79,6.9,Female,Mexican American,49.8,Obesity class 2-3 (35+),9.959999999999999,139.66666666666666,73.33333333333333,0,1,Hypertension,0
118063,25,21-39,2.5,Male,Non-Hispanic White,22.5,Healthy weight (18.5-24.9),4.5,112.66666666666667,65,0,0,No hypertension,0
118069,28,21-39,2.8,Female,Non-Hispanic White,40.6,Obesity class 2-3 (35+),8.120000000000001,122.66666666666667,85,0,1,Hypertension,0
118071,47,40-59,4.7,Male,Non-Hispanic Asian,31,Obesity class 1 (30-34.9),6.2,113,68.66666666666667,0,0,No hypertension,0
118072,56,40-59,5.6,Female,Mexican American,32.5,Obesity class 1 (30-34.9),6.5,157.33333333333334,86,0,1,Hypertension,1
118073,72,60-79,7.2,Male,Non-Hispanic White,27.7,Overweight (25-29.9),5.54,158.33333333333334,103.33333333333333,0,1,Hypertension,1
118075,26,21-39,2.6,Female,Non-Hispanic Black,22.9,Healthy weight (18.5-24.9),4.58,103.33333333333333,58.666666666666664,0,0,No hypertension,0
118079,61,60-79,6.1,Male,Non-Hispanic Black,27.4,Overweight (25-29.9),5.4799999999999995,166.33333333333334,101,0,1,Hypertension,1
118082,57,40-59,5.7,Male,Non-Hispanic White,25.2,Overweight (25-29.9),5.04,129,75.33333333333333,0,0,No hypertension,0
118083,64,60-79,6.4,Male,Other Hispanic,28.7,Overweight (25-29.9),5.74,150.66666666666666,80.33333333333333,0,1,Hypertension,1
118085,28,21-39,2.8,Male,Non-Hispanic White,23.2,Healthy weight (18.5-24.9),4.64,106.33333333333333,56,0,0,No hypertension,0
118086,39,21-39,3.9,Male,Non-Hispanic White,37.2,Obesity class 2-3 (35+),7.44,120.33333333333333,84.33333333333333,0,1,Hypertension,0
118087,51,40-59,5.1,Male,Other Hispanic,29.2,Overweight (25-29.9),5.84,129.33333333333334,85,0,1,Hypertension,0
118091,72,60-79,7.2,Male,Non-Hispanic White,32.9,Obesity class 1 (30-34.9),6.58,134.33333333333334,62.666666666666664,1,1,Hypertension,1
118093,47,40-59,4.7,Male,Mexican American,35.9,Obesity class 2-3 (35+),7.18,126.66666666666667,74.66666666666667,0,0,No hypertension,0
118101,28,21-39,2.8,Female,Non-Hispanic White,54.2,Obesity class 2-3 (35+),10.84,128.66666666666666,92.66666666666667,0,1,Hypertension,1
118103,54,40-59,5.4,Male,Other/Multiracial,31.5,Obesity class 1 (30-34.9),6.3,137.33333333333334,89,0,1,Hypertension,0
118104,65,60-79,6.5,Female,Non-Hispanic Black,32.1,Obesity class 1 (30-34.9),6.42,114.66666666666667,60,1,1,Hypertension,1
118105,59,40-59,5.9,Female,Non-Hispanic Black,20.5,Healthy weight (18.5-24.9),4.1,166.33333333333334,84.33333333333333,1,1,Hypertension,1
118107,39,21-39,3.9,Male,Mexican American,28.3,Overweight (25-29.9),5.66,141,97,1,1,Hypertension,1
118108,63,60-79,6.3,Male,Non-Hispanic Black,19.3,Healthy weight (18.5-24.9),3.8600000000000003,122.33333333333333,76.33333333333333,0,0,No hypertension,0
118111,54,40-59,5.4,Female,Non-Hispanic Asian,31.3,Obesity class 1 (30-34.9),6.26,117.66666666666667,69.66666666666667,1,1,Hypertension,1
118113,59,40-59,5.9,Female,Non-Hispanic White,41.7,Obesity class 2-3 (35+),8.34,151.66666666666666,87.33333333333333,1,1,Hypertension,1
118114,73,60-79,7.3,Female,Non-Hispanic White,36.8,Obesity class 2-3 (35+),7.359999999999999,148.33333333333334,70.66666666666667,0,1,Hypertension,1
118115,62,60-79,6.2,Male,Other Hispanic,27.3,Overweight (25-29.9),5.46,112.33333333333333,74.33333333333333,0,0,No hypertension,0
118118,46,40-59,4.6,Female,Non-Hispanic White,32.1,Obesity class 1 (30-34.9),6.42,110.33333333333333,79,0,0,No hypertension,0
118121,58,40-59,5.8,Female,Other Hispanic,37.1,Obesity class 2-3 (35+),7.42,113.33333333333333,79.66666666666667,0,0,No hypertension,0
118122,54,40-59,5.4,Female,Non-Hispanic Black,18,Underweight (<18.5),3.6,179.33333333333334,94,0,1,Hypertension,1
118123,65,60-79,6.5,Female,Non-Hispanic White,32.4,Obesity class 1 (30-34.9),6.4799999999999995,86.33333333333333,57.666666666666664,1,1,Hypertension,1
118124,61,60-79,6.1,Female,Mexican American,33.6,Obesity class 1 (30-34.9),6.720000000000001,130,77.33333333333333,0,1,Hypertension,0
118125,57,40-59,5.7,Female,Non-Hispanic Black,46.3,Obesity class 2-3 (35+),9.26,104.33333333333333,58,1,1,Hypertension,1
118126,38,21-39,3.8,Male,Non-Hispanic White,32.2,Obesity class 1 (30-34.9),6.44,126.66666666666667,75.66666666666667,0,0,No hypertension,0
118128,56,40-59,5.6,Female,Non-Hispanic Black,43.2,Obesity class 2-3 (35+),8.64,181.33333333333334,96.33333333333333,0,1,Hypertension,1
118131,43,40-59,4.3,Male,Non-Hispanic Black,27.4,Overweight (25-29.9),5.4799999999999995,123.66666666666667,76.66666666666667,0,0,No hypertension,0
118135,49,40-59,4.9,Female,Non-Hispanic Black,36.1,Obesity class 2-3 (35+),7.220000000000001,127.33333333333333,89,1,1,Hypertension,1
118136,41,40-59,4.1,Male,Non-Hispanic White,37.6,Obesity class 2-3 (35+),7.5200000000000005,126.33333333333333,73,0,0,No hypertension,0
118140,54,40-59,5.4,Female,Other Hispanic,29.2,Overweight (25-29.9),5.84,131.33333333333334,78.66666666666667,1,1,Hypertension,1
118142,73,60-79,7.3,Male,Non-Hispanic White,40.2,Obesity class 2-3 (35+),8.040000000000001,125,71,0,0,No hypertension,0
118147,30,21-39,3,Female,Non-Hispanic Asian,27,Overweight (25-29.9),5.4,102,61.333333333333336,0,0,No hypertension,0
118150,60,60-79,6,Female,Non-Hispanic White,23.4,Healthy weight (18.5-24.9),4.68,112.33333333333333,62,0,0,No hypertension,0
118154,70,60-79,7,Female,Non-Hispanic White,35,Obesity class 2-3 (35+),7,128.66666666666666,71.33333333333333,1,1,Hypertension,1
118156,48,40-59,4.8,Female,Non-Hispanic White,34.6,Obesity class 1 (30-34.9),6.92,107.33333333333333,72,0,0,No hypertension,0
118161,60,60-79,6,Female,Non-Hispanic Black,35.5,Obesity class 2-3 (35+),7.1,145,77.66666666666667,1,1,Hypertension,1
118162,59,40-59,5.9,Male,Non-Hispanic White,24.7,Healthy weight (18.5-24.9),4.9399999999999995,127,79.66666666666667,0,0,No hypertension,0
118163,51,40-59,5.1,Male,Non-Hispanic Black,31.6,Obesity class 1 (30-34.9),6.32,154.33333333333334,103.66666666666667,1,1,Hypertension,1
118164,49,40-59,4.9,Male,Non-Hispanic White,38.1,Obesity class 2-3 (35+),7.62,119,81,1,1,Hypertension,1
118165,22,21-39,2.2,Male,Non-Hispanic Black,23.1,Healthy weight (18.5-24.9),4.62,108,70,0,0,No hypertension,0
118166,36,21-39,3.6,Male,Other Hispanic,22.9,Healthy weight (18.5-24.9),4.58,129.33333333333334,76,0,0,No hypertension,0
118171,30,21-39,3,Female,Non-Hispanic White,22.7,Healthy weight (18.5-24.9),4.54,123.66666666666667,78,0,0,No hypertension,0
118172,43,40-59,4.3,Female,Non-Hispanic Black,22.9,Healthy weight (18.5-24.9),4.58,114,71,0,0,No hypertension,0
118178,62,60-79,6.2,Male,Non-Hispanic Black,21.7,Healthy weight (18.5-24.9),4.34,174,87.33333333333333,1,1,Hypertension,1
118179,48,40-59,4.8,Female,Non-Hispanic White,18.3,Underweight (<18.5),3.66,112.33333333333333,67.33333333333333,0,0,No hypertension,0
118183,51,40-59,5.1,Male,Non-Hispanic Black,30.1,Obesity class 1 (30-34.9),6.0200000000000005,140,78.33333333333333,0,1,Hypertension,1
118184,38,21-39,3.8,Male,Non-Hispanic Black,21.1,Healthy weight (18.5-24.9),4.220000000000001,167.66666666666666,109.33333333333333,0,1,Hypertension,1
118185,32,21-39,3.2,Female,Non-Hispanic Black,36.2,Obesity class 2-3 (35+),7.24,144,106.66666666666667,0,1,Hypertension,1
118190,45,40-59,4.5,Male,Non-Hispanic Asian,28.8,Overweight (25-29.9),5.76,114.33333333333333,70,0,0,No hypertension,0
118191,34,21-39,3.4,Female,Non-Hispanic Black,29.5,Overweight (25-29.9),5.9,137.33333333333334,103.66666666666667,0,1,Hypertension,1
118193,51,40-59,5.1,Male,Non-Hispanic White,23.1,Healthy weight (18.5-24.9),4.62,139.66666666666666,86.33333333333333,0,1,Hypertension,0
118196,27,21-39,2.7,Female,Non-Hispanic Black,40.8,Obesity class 2-3 (35+),8.16,117.66666666666667,84,0,1,Hypertension,0
118197,62,60-79,6.2,Female,Non-Hispanic White,21.4,Healthy weight (18.5-24.9),4.279999999999999,112.66666666666667,82.66666666666667,0,1,Hypertension,0
118199,22,21-39,2.2,Female,Mexican American,28.9,Overweight (25-29.9),5.779999999999999,94,60.333333333333336,0,0,No hypertension,0
118201,25,21-39,2.5,Male,Non-Hispanic Asian,22.2,Healthy weight (18.5-24.9),4.4399999999999995,133.33333333333334,88.33333333333333,0,1,Hypertension,0
118204,65,60-79,6.5,Male,Non-Hispanic White,24.8,Healthy weight (18.5-24.9),4.96,105.33333333333333,59,0,0,No hypertension,0
118209,75,60-79,7.5,Female,Non-Hispanic White,20.2,Healthy weight (18.5-24.9),4.04,136,69,1,1,Hypertension,1
118210,53,40-59,5.3,Male,Non-Hispanic Asian,28.6,Overweight (25-29.9),5.720000000000001,117,75,1,1,Hypertension,1
118211,50,40-59,5,Female,Non-Hispanic Asian,32.5,Obesity class 1 (30-34.9),6.5,113.33333333333333,79.66666666666667,0,0,No hypertension,0
118216,55,40-59,5.5,Female,Non-Hispanic White,22.2,Healthy weight (18.5-24.9),4.4399999999999995,122.66666666666667,78,0,0,No hypertension,0
118217,48,40-59,4.8,Male,Non-Hispanic White,25.5,Overweight (25-29.9),5.1,122,83,0,1,Hypertension,0
118219,61,60-79,6.1,Male,Non-Hispanic Asian,25.6,Overweight (25-29.9),5.12,126,62.666666666666664,0,0,No hypertension,0
118220,39,21-39,3.9,Female,Non-Hispanic Black,26.9,Overweight (25-29.9),5.38,99.33333333333333,69,0,0,No hypertension,0
118221,52,40-59,5.2,Male,Non-Hispanic Asian,22.1,Healthy weight (18.5-24.9),4.42,104,58,1,1,Hypertension,1
118226,59,40-59,5.9,Female,Non-Hispanic White,30.1,Obesity class 1 (30-34.9),6.0200000000000005,118.66666666666667,74.33333333333333,0,0,No hypertension,0
118227,29,21-39,2.9,Female,Non-Hispanic Black,25.5,Overweight (25-29.9),5.1,130.33333333333334,77,0,1,Hypertension,0
118232,25,21-39,2.5,Female,Other Hispanic,25.6,Overweight (25-29.9),5.12,99,67.66666666666667,0,0,No hypertension,0
118235,23,21-39,2.3,Male,Other Hispanic,46.6,Obesity class 2-3 (35+),9.32,116.66666666666667,80.33333333333333,0,1,Hypertension,0
118237,48,40-59,4.8,Male,Mexican American,32.1,Obesity class 1 (30-34.9),6.42,119.66666666666667,69,0,0,No hypertension,0
118238,24,21-39,2.4,Male,Non-Hispanic Asian,29.5,Overweight (25-29.9),5.9,106,68.66666666666667,0,0,No hypertension,0
118240,60,60-79,6,Female,Non-Hispanic Black,45.4,Obesity class 2-3 (35+),9.08,156,78,1,1,Hypertension,1
118242,76,60-79,7.6,Male,Non-Hispanic White,30.4,Obesity class 1 (30-34.9),6.08,105,73.66666666666667,1,1,Hypertension,1
118244,60,60-79,6,Female,Non-Hispanic White,25.1,Overweight (25-29.9),5.0200000000000005,152.66666666666666,79.33333333333333,1,1,Hypertension,1
118245,21,21-39,2.1,Female,Mexican American,38.2,Obesity class 2-3 (35+),7.640000000000001,102.66666666666667,73.33333333333333,0,0,No hypertension,0
118248,61,60-79,6.1,Male,Non-Hispanic White,27.5,Overweight (25-29.9),5.5,131.66666666666666,64.33333333333333,1,1,Hypertension,1
118250,71,60-79,7.1,Male,Non-Hispanic White,27.3,Overweight (25-29.9),5.46,121,77,0,0,No hypertension,0
118253,47,40-59,4.7,Female,Non-Hispanic Asian,29.6,Overweight (25-29.9),5.92,109.66666666666667,76,0,0,No hypertension,0
118254,63,60-79,6.3,Female,Mexican American,32,Obesity class 1 (30-34.9),6.4,138.66666666666666,77.33333333333333,0,1,Hypertension,0
118256,47,40-59,4.7,Male,Non-Hispanic Asian,20.9,Healthy weight (18.5-24.9),4.18,104.66666666666667,65.33333333333333,0,0,No hypertension,0
118257,32,21-39,3.2,Female,Mexican American,31.2,Obesity class 1 (30-34.9),6.24,108,78.66666666666667,0,0,No hypertension,0
118258,29,21-39,2.9,Female,Non-Hispanic White,34.4,Obesity class 1 (30-34.9),6.88,134,89.33333333333333,0,1,Hypertension,0
118262,28,21-39,2.8,Male,Mexican American,28,Overweight (25-29.9),5.6,108.33333333333333,55,0,0,No hypertension,0
118263,38,21-39,3.8,Female,Non-Hispanic White,20.7,Healthy weight (18.5-24.9),4.14,98.66666666666667,68.66666666666667,0,0,No hypertension,0
118264,42,40-59,4.2,Male,Non-Hispanic White,23.3,Healthy weight (18.5-24.9),4.66,113.33333333333333,72.33333333333333,0,0,No hypertension,0
118265,36,21-39,3.6,Male,Other Hispanic,26.5,Overweight (25-29.9),5.3,108,63.666666666666664,0,0,No hypertension,0
118266,68,60-79,6.8,Male,Other Hispanic,25.9,Overweight (25-29.9),5.18,97.33333333333333,57.666666666666664,0,0,No hypertension,0
118267,47,40-59,4.7,Female,Other Hispanic,31.7,Obesity class 1 (30-34.9),6.34,143,86.66666666666667,0,1,Hypertension,1
118269,40,40-59,4,Female,Mexican American,28.3,Overweight (25-29.9),5.66,86.33333333333333,48,0,0,No hypertension,0
118271,61,60-79,6.1,Female,Non-Hispanic Black,30.5,Obesity class 1 (30-34.9),6.1,172.66666666666666,67.66666666666667,1,1,Hypertension,1
118276,31,21-39,3.1,Female,Non-Hispanic Asian,31.8,Obesity class 1 (30-34.9),6.36,92.33333333333333,64.33333333333333,0,0,No hypertension,0
118279,65,60-79,6.5,Female,Non-Hispanic White,26.4,Overweight (25-29.9),5.279999999999999,97.66666666666667,57.333333333333336,0,0,No hypertension,0
118282,34,21-39,3.4,Male,Non-Hispanic White,31.6,Obesity class 1 (30-34.9),6.32,109.66666666666667,73.66666666666667,0,0,No hypertension,0
118283,37,21-39,3.7,Female,Non-Hispanic White,44.9,Obesity class 2-3 (35+),8.98,112,76,0,0,No hypertension,0
118284,43,40-59,4.3,Female,Other Hispanic,29.3,Overweight (25-29.9),5.86,102,69,0,0,No hypertension,0
118285,70,60-79,7,Male,Non-Hispanic White,26.7,Overweight (25-29.9),5.34,144,81.33333333333333,1,1,Hypertension,1
118286,45,40-59,4.5,Female,Other Hispanic,33.3,Obesity class 1 (30-34.9),6.659999999999999,143.66666666666666,98.66666666666667,1,1,Hypertension,1
118292,41,40-59,4.1,Female,Mexican American,35.9,Obesity class 2-3 (35+),7.18,114,78.33333333333333,0,0,No hypertension,0
118293,61,60-79,6.1,Female,Non-Hispanic Black,33.4,Obesity class 1 (30-34.9),6.68,130.66666666666666,59,1,1,Hypertension,1
118295,59,40-59,5.9,Male,Non-Hispanic Asian,22.6,Healthy weight (18.5-24.9),4.5200000000000005,144.66666666666666,85,0,1,Hypertension,1
118297,64,60-79,6.4,Male,Mexican American,24.4,Healthy weight (18.5-24.9),4.88,122,69.33333333333333,1,1,Hypertension,1
118298,67,60-79,6.7,Male,Non-Hispanic White,30.9,Obesity class 1 (30-34.9),6.18,123.66666666666667,71.33333333333333,1,1,Hypertension,1
118299,54,40-59,5.4,Male,Non-Hispanic White,28.9,Overweight (25-29.9),5.779999999999999,132.66666666666666,92,0,1,Hypertension,1
118302,41,40-59,4.1,Female,Other/Multiracial,28.8,Overweight (25-29.9),5.76,109.33333333333333,69.66666666666667,0,0,No hypertension,0
118304,75,60-79,7.5,Female,Non-Hispanic White,36.5,Obesity class 2-3 (35+),7.3,121.66666666666667,73.33333333333333,1,1,Hypertension,1
118305,77,60-79,7.7,Female,Non-Hispanic White,32.4,Obesity class 1 (30-34.9),6.4799999999999995,101.66666666666667,46.333333333333336,1,1,Hypertension,1
118306,24,21-39,2.4,Female,Mexican American,25.2,Overweight (25-29.9),5.04,109.66666666666667,71.66666666666667,0,0,No hypertension,0
118308,65,60-79,6.5,Male,Non-Hispanic Black,23.9,Healthy weight (18.5-24.9),4.779999999999999,149.66666666666666,98.33333333333333,1,1,Hypertension,1
118315,29,21-39,2.9,Male,Non-Hispanic White,20.6,Healthy weight (18.5-24.9),4.12,108,69.33333333333333,0,0,No hypertension,0
118316,60,60-79,6,Female,Other Hispanic,26.6,Overweight (25-29.9),5.32,122,83,0,1,Hypertension,0
118317,33,21-39,3.3,Male,Non-Hispanic White,25.9,Overweight (25-29.9),5.18,115.33333333333333,73.66666666666667,0,0,No hypertension,0
118318,48,40-59,4.8,Female,Non-Hispanic White,31.8,Obesity class 1 (30-34.9),6.36,135,88,1,1,Hypertension,1
118319,27,21-39,2.7,Male,Other Hispanic,33.9,Obesity class 1 (30-34.9),6.779999999999999,131.33333333333334,57.333333333333336,0,1,Hypertension,0
118320,35,21-39,3.5,Female,Mexican American,29,Overweight (25-29.9),5.8,153.33333333333334,103.66666666666667,0,1,Hypertension,1
118324,52,40-59,5.2,Female,Non-Hispanic Asian,23.3,Healthy weight (18.5-24.9),4.66,104.66666666666667,57.333333333333336,0,0,No hypertension,0
118328,77,60-79,7.7,Male,Non-Hispanic White,28.5,Overweight (25-29.9),5.7,140.33333333333334,71.33333333333333,1,1,Hypertension,1
118330,58,40-59,5.8,Male,Non-Hispanic Asian,28,Overweight (25-29.9),5.6,117,76.33333333333333,1,1,Hypertension,1
118331,74,60-79,7.4,Male,Non-Hispanic White,25.2,Overweight (25-29.9),5.04,126.66666666666667,66.66666666666667,1,1,Hypertension,1
118333,55,40-59,5.5,Male,Non-Hispanic Asian,24.3,Healthy weight (18.5-24.9),4.86,133.33333333333334,89.33333333333333,0,1,Hypertension,0
118336,71,60-79,7.1,Female,Non-Hispanic Black,45.4,Obesity class 2-3 (35+),9.08,113,70.66666666666667,0,0,No hypertension,0
118340,34,21-39,3.4,Female,Non-Hispanic Black,36.7,Obesity class 2-3 (35+),7.340000000000001,127,88.33333333333333,0,1,Hypertension,0
118342,40,40-59,4,Female,Other Hispanic,24.4,Healthy weight (18.5-24.9),4.88,96,62,0,0,No hypertension,0
118343,37,21-39,3.7,Male,Mexican American,34.8,Obesity class 1 (30-34.9),6.959999999999999,133.33333333333334,70.66666666666667,0,1,Hypertension,0
118344,45,40-59,4.5,Female,Non-Hispanic White,31.8,Obesity class 1 (30-34.9),6.36,138.66666666666666,94,1,1,Hypertension,1
118347,76,60-79,7.6,Male,Non-Hispanic White,28.8,Overweight (25-29.9),5.76,128.33333333333334,63.333333333333336,0,0,No hypertension,0
118349,48,40-59,4.8,Female,Non-Hispanic Black,41,Obesity class 2-3 (35+),8.2,115,76.33333333333333,1,1,Hypertension,1
118351,61,60-79,6.1,Male,Non-Hispanic White,36.1,Obesity class 2-3 (35+),7.220000000000001,132,82.66666666666667,0,1,Hypertension,0
118352,62,60-79,6.2,Female,Non-Hispanic White,27.5,Overweight (25-29.9),5.5,124.33333333333333,70.33333333333333,1,1,Hypertension,1
118358,51,40-59,5.1,Male,Non-Hispanic White,25.2,Overweight (25-29.9),5.04,107.66666666666667,70,0,0,No hypertension,0
118359,23,21-39,2.3,Male,Other Hispanic,19,Healthy weight (18.5-24.9),3.8,128.33333333333334,76,0,0,No hypertension,0
118363,39,21-39,3.9,Male,Non-Hispanic Asian,24.2,Healthy weight (18.5-24.9),4.84,108.33333333333333,65.66666666666667,0,0,No hypertension,0
118367,28,21-39,2.8,Female,Non-Hispanic Black,39.2,Obesity class 2-3 (35+),7.840000000000001,95.66666666666667,62,0,0,No hypertension,0
118369,42,40-59,4.2,Female,Non-Hispanic Black,46.1,Obesity class 2-3 (35+),9.22,131.33333333333334,99.33333333333333,1,1,Hypertension,1
118370,43,40-59,4.3,Female,Non-Hispanic White,32.3,Obesity class 1 (30-34.9),6.459999999999999,122.33333333333333,82.66666666666667,0,1,Hypertension,0
118374,28,21-39,2.8,Male,Non-Hispanic Black,28.7,Overweight (25-29.9),5.74,110.33333333333333,65.33333333333333,0,0,No hypertension,0
118375,34,21-39,3.4,Male,Non-Hispanic White,36.4,Obesity class 2-3 (35+),7.279999999999999,115.66666666666667,84.33333333333333,0,1,Hypertension,0
118378,23,21-39,2.3,Female,Non-Hispanic White,31.3,Obesity class 1 (30-34.9),6.26,118.66666666666667,53.666666666666664,0,0,No hypertension,0
118380,70,60-79,7,Male,Non-Hispanic Black,28.1,Overweight (25-29.9),5.62,120,64.33333333333333,0,0,No hypertension,0
118384,47,40-59,4.7,Male,Non-Hispanic White,33.1,Obesity class 1 (30-34.9),6.62,125.33333333333333,79.66666666666667,0,0,No hypertension,0
118385,39,21-39,3.9,Female,Non-Hispanic White,21.4,Healthy weight (18.5-24.9),4.279999999999999,104.66666666666667,68.66666666666667,0,0,No hypertension,0
118386,59,40-59,5.9,Male,Non-Hispanic White,34.8,Obesity class 1 (30-34.9),6.959999999999999,89,47.333333333333336,0,0,No hypertension,0
118391,34,21-39,3.4,Female,Non-Hispanic Asian,31.1,Obesity class 1 (30-34.9),6.220000000000001,96.33333333333333,68,0,0,No hypertension,0
118393,69,60-79,6.9,Female,Non-Hispanic Black,31.1,Obesity class 1 (30-34.9),6.220000000000001,145,75.66666666666667,1,1,Hypertension,1
118395,56,40-59,5.6,Female,Non-Hispanic White,30,Obesity class 1 (30-34.9),6,109.66666666666667,78.33333333333333,0,0,No hypertension,0
118396,57,40-59,5.7,Female,Mexican American,26.4,Overweight (25-29.9),5.279999999999999,112.66666666666667,61,0,0,No hypertension,0
118399,66,60-79,6.6,Male,Non-Hispanic Black,22.1,Healthy weight (18.5-24.9),4.42,168.33333333333334,86.66666666666667,1,1,Hypertension,1
118402,53,40-59,5.3,Male,Non-Hispanic Black,31.8,Obesity class 1 (30-34.9),6.36,118.33333333333333,71,0,0,No hypertension,0
118406,42,40-59,4.2,Male,Non-Hispanic White,27.7,Overweight (25-29.9),5.54,117.33333333333333,74.33333333333333,0,0,No hypertension,0
118408,26,21-39,2.6,Male,Mexican American,40.6,Obesity class 2-3 (35+),8.120000000000001,127.33333333333333,76.66666666666667,0,0,No hypertension,0
118409,37,21-39,3.7,Female,Non-Hispanic White,39.4,Obesity class 2-3 (35+),7.88,102.33333333333333,71.66666666666667,0,0,No hypertension,0
118411,67,60-79,6.7,Male,Non-Hispanic White,30.1,Obesity class 1 (30-34.9),6.0200000000000005,111,69,0,0,No hypertension,0
118412,68,60-79,6.8,Female,Non-Hispanic Black,28.4,Overweight (25-29.9),5.68,138.33333333333334,83.33333333333333,1,1,Hypertension,1
118414,65,60-79,6.5,Male,Non-Hispanic White,29,Overweight (25-29.9),5.8,131.66666666666666,78,0,1,Hypertension,0
118417,38,21-39,3.8,Male,Non-Hispanic Black,26.8,Overweight (25-29.9),5.36,142.66666666666666,95.33333333333333,0,1,Hypertension,1
118418,56,40-59,5.6,Male,Non-Hispanic White,22.6,Healthy weight (18.5-24.9),4.5200000000000005,127,70,0,0,No hypertension,0
118419,31,21-39,3.1,Female,Non-Hispanic Black,34.8,Obesity class 1 (30-34.9),6.959999999999999,103.66666666666667,71.66666666666667,0,0,No hypertension,0
118423,41,40-59,4.1,Female,Non-Hispanic White,37.3,Obesity class 2-3 (35+),7.459999999999999,116.33333333333333,80,0,1,Hypertension,0
118424,71,60-79,7.1,Female,Other Hispanic,31.5,Obesity class 1 (30-34.9),6.3,142,80.33333333333333,1,1,Hypertension,1
118433,48,40-59,4.8,Male,Non-Hispanic Asian,28.6,Overweight (25-29.9),5.720000000000001,114,80.33333333333333,0,1,Hypertension,0
118435,61,60-79,6.1,Female,Non-Hispanic Black,48,Obesity class 2-3 (35+),9.6,108.33333333333333,71,1,1,Hypertension,1
118436,64,60-79,6.4,Male,Non-Hispanic Black,15.7,Underweight (<18.5),3.1399999999999997,130.33333333333334,80.33333333333333,0,1,Hypertension,0
118437,66,60-79,6.6,Male,Mexican American,36.1,Obesity class 2-3 (35+),7.220000000000001,117.33333333333333,70,0,0,No hypertension,0
118439,78,60-79,7.8,Female,Non-Hispanic White,48,Obesity class 2-3 (35+),9.6,121,71.33333333333333,1,1,Hypertension,1
118442,27,21-39,2.7,Male,Non-Hispanic Black,27.7,Overweight (25-29.9),5.54,110.66666666666667,69.66666666666667,0,0,No hypertension,0
118445,26,21-39,2.6,Female,Other/Multiracial,26.4,Overweight (25-29.9),5.279999999999999,102.33333333333333,65.66666666666667,0,0,No hypertension,0
118449,58,40-59,5.8,Male,Non-Hispanic Black,16.8,Underweight (<18.5),3.3600000000000003,154.33333333333334,84.66666666666667,0,1,Hypertension,1
118450,21,21-39,2.1,Male,Non-Hispanic White,26.6,Overweight (25-29.9),5.32,125,72.66666666666667,0,0,No hypertension,0
118451,32,21-39,3.2,Male,Non-Hispanic White,35,Obesity class 2-3 (35+),7,141.66666666666666,84.33333333333333,0,1,Hypertension,1
118452,63,60-79,6.3,Female,Non-Hispanic Black,26.3,Overweight (25-29.9),5.26,164,60,1,1,Hypertension,1
118458,65,60-79,6.5,Female,Non-Hispanic White,25.1,Overweight (25-29.9),5.0200000000000005,116,74,0,0,No hypertension,0
118460,35,21-39,3.5,Male,Mexican American,25,Overweight (25-29.9),5,118.66666666666667,70.66666666666667,0,0,No hypertension,0
118462,50,40-59,5,Male,Non-Hispanic Black,29.7,Overweight (25-29.9),5.9399999999999995,123.66666666666667,77,0,0,No hypertension,0
118463,62,60-79,6.2,Male,Non-Hispanic Black,32.2,Obesity class 1 (30-34.9),6.44,124.33333333333333,54.666666666666664,0,0,No hypertension,0
118464,59,40-59,5.9,Female,Non-Hispanic Black,39.9,Obesity class 2-3 (35+),7.9799999999999995,109.66666666666667,77.66666666666667,0,0,No hypertension,0
118471,61,60-79,6.1,Male,Non-Hispanic Black,23.8,Healthy weight (18.5-24.9),4.76,157.66666666666666,101,1,1,Hypertension,1
118475,67,60-79,6.7,Male,Non-Hispanic Black,28.2,Overweight (25-29.9),5.64,168.33333333333334,92.33333333333333,1,1,Hypertension,1
118476,42,40-59,4.2,Male,Non-Hispanic White,32.6,Obesity class 1 (30-34.9),6.5200000000000005,126,85.33333333333333,0,1,Hypertension,0
118478,63,60-79,6.3,Male,Mexican American,30.1,Obesity class 1 (30-34.9),6.0200000000000005,127,74,1,1,Hypertension,1
118479,68,60-79,6.8,Male,Other Hispanic,26.5,Overweight (25-29.9),5.3,123,63,0,0,No hypertension,0
118480,47,40-59,4.7,Male,Non-Hispanic Black,41,Obesity class 2-3 (35+),8.2,134.66666666666666,91,1,1,Hypertension,1
118482,38,21-39,3.8,Female,Non-Hispanic White,38.1,Obesity class 2-3 (35+),7.62,119.33333333333333,75,0,0,No hypertension,0
118484,54,40-59,5.4,Male,Non-Hispanic Black,34.9,Obesity class 1 (30-34.9),6.9799999999999995,130.66666666666666,83,0,1,Hypertension,0
118488,35,21-39,3.5,Female,Non-Hispanic Asian,26.1,Overweight (25-29.9),5.220000000000001,85.33333333333333,44.666666666666664,0,0,No hypertension,0
118491,72,60-79,7.2,Male,Other Hispanic,27.6,Overweight (25-29.9),5.5200000000000005,118.33333333333333,60.333333333333336,1,1,Hypertension,1
118492,33,21-39,3.3,Male,Non-Hispanic White,29.4,Overweight (25-29.9),5.88,117.33333333333333,75,0,0,No hypertension,0
118493,78,60-79,7.8,Male,Non-Hispanic White,36.9,Obesity class 2-3 (35+),7.38,125.66666666666667,76.33333333333333,1,1,Hypertension,1
118495,31,21-39,3.1,Female,Non-Hispanic Black,33.2,Obesity class 1 (30-34.9),6.640000000000001,102,69.66666666666667,0,0,No hypertension,0
118496,57,40-59,5.7,Male,Mexican American,37.1,Obesity class 2-3 (35+),7.42,140.33333333333334,91.33333333333333,0,1,Hypertension,1
118500,57,40-59,5.7,Male,Non-Hispanic Black,33.4,Obesity class 1 (30-34.9),6.68,110,67,0,0,No hypertension,0
118503,33,21-39,3.3,Female,Other Hispanic,28.4,Overweight (25-29.9),5.68,100.33333333333333,70.33333333333333,0,0,No hypertension,0
118504,25,21-39,2.5,Male,Non-Hispanic White,31.4,Obesity class 1 (30-34.9),6.279999999999999,118.66666666666667,68,0,0,No hypertension,0
118505,65,60-79,6.5,Female,Non-Hispanic Asian,28.6,Overweight (25-29.9),5.720000000000001,128,76.33333333333333,0,0,No hypertension,0
118512,52,40-59,5.2,Male,Mexican American,36.7,Obesity class 2-3 (35+),7.340000000000001,122.66666666666667,68.66666666666667,0,0,No hypertension,0
118514,48,40-59,4.8,Female,Non-Hispanic White,29.1,Overweight (25-29.9),5.82,102,70.33333333333333,0,0,No hypertension,0
118515,76,60-79,7.6,Male,Other/Multiracial,25.5,Overweight (25-29.9),5.1,145.33333333333334,81,0,1,Hypertension,1
118518,39,21-39,3.9,Female,Non-Hispanic Black,35,Obesity class 2-3 (35+),7,133.66666666666666,90.33333333333333,0,1,Hypertension,1
118520,64,60-79,6.4,Female,Non-Hispanic Black,28.5,Overweight (25-29.9),5.7,131.33333333333334,72.33333333333333,1,1,Hypertension,1
118521,55,40-59,5.5,Female,Non-Hispanic Black,32.2,Obesity class 1 (30-34.9),6.44,111.66666666666667,76.33333333333333,1,1,Hypertension,1
118523,54,40-59,5.4,Female,Mexican American,28.3,Overweight (25-29.9),5.66,105,69,0,0,No hypertension,0
118525,69,60-79,6.9,Male,Other Hispanic,31.2,Obesity class 1 (30-34.9),6.24,133.33333333333334,68.33333333333333,1,1,Hypertension,1
118528,34,21-39,3.4,Male,Non-Hispanic Black,20.4,Healthy weight (18.5-24.9),4.08,123.66666666666667,76,0,0,No hypertension,0
118533,68,60-79,6.8,Male,Non-Hispanic White,25.8,Overweight (25-29.9),5.16,128.33333333333334,69.66666666666667,0,0,No hypertension,0
118536,61,60-79,6.1,Female,Non-Hispanic White,23.7,Healthy weight (18.5-24.9),4.74,110.33333333333333,61.666666666666664,0,0,No hypertension,0
118537,25,21-39,2.5,Male,Non-Hispanic Asian,23.3,Healthy weight (18.5-24.9),4.66,114.66666666666667,70.66666666666667,0,0,No hypertension,0
118539,28,21-39,2.8,Male,Non-Hispanic White,37.3,Obesity class 2-3 (35+),7.459999999999999,119.33333333333333,75.33333333333333,0,0,No hypertension,0
118541,46,40-59,4.6,Male,Non-Hispanic Black,45,Obesity class 2-3 (35+),9,112.33333333333333,72.33333333333333,0,0,No hypertension,0
118548,37,21-39,3.7,Male,Non-Hispanic Black,23.3,Healthy weight (18.5-24.9),4.66,108,76,0,0,No hypertension,0
118550,24,21-39,2.4,Male,Other/Multiracial,36.2,Obesity class 2-3 (35+),7.24,117,80.33333333333333,0,1,Hypertension,0
118552,39,21-39,3.9,Male,Non-Hispanic Black,33.4,Obesity class 1 (30-34.9),6.68,122.33333333333333,91,0,1,Hypertension,1
118553,57,40-59,5.7,Female,Non-Hispanic Asian,19.9,Healthy weight (18.5-24.9),3.9799999999999995,124.66666666666667,73.66666666666667,1,1,Hypertension,1
118556,63,60-79,6.3,Male,Mexican American,32.7,Obesity class 1 (30-34.9),6.540000000000001,149.66666666666666,69.66666666666667,0,1,Hypertension,1
118561,55,40-59,5.5,Female,Non-Hispanic Asian,31.5,Obesity class 1 (30-34.9),6.3,107,72.33333333333333,1,1,Hypertension,1
118563,57,40-59,5.7,Male,Non-Hispanic White,34,Obesity class 1 (30-34.9),6.8,111,76,1,1,Hypertension,1
118565,53,40-59,5.3,Female,Other Hispanic,28,Overweight (25-29.9),5.6,97.33333333333333,64.66666666666667,0,0,No hypertension,0
118567,33,21-39,3.3,Male,Mexican American,27.3,Overweight (25-29.9),5.46,117.66666666666667,72,0,0,No hypertension,0
118569,61,60-79,6.1,Male,Non-Hispanic Black,38.2,Obesity class 2-3 (35+),7.640000000000001,103.33333333333333,62.333333333333336,1,1,Hypertension,1
118571,77,60-79,7.7,Female,Non-Hispanic Asian,20.7,Healthy weight (18.5-24.9),4.14,135.5,68,0,1,Hypertension,0
118573,57,40-59,5.7,Female,Non-Hispanic White,26.2,Overweight (25-29.9),5.24,134.33333333333334,82.33333333333333,0,1,Hypertension,0
118575,42,40-59,4.2,Female,Mexican American,27.8,Overweight (25-29.9),5.5600000000000005,137,85.66666666666667,0,1,Hypertension,0
118576,50,40-59,5,Male,Non-Hispanic Asian,25.9,Overweight (25-29.9),5.18,112.66666666666667,70.33333333333333,0,0,No hypertension,0
118578,53,40-59,5.3,Male,Non-Hispanic Black,31.3,Obesity class 1 (30-34.9),6.26,131.33333333333334,84,0,1,Hypertension,0
118579,72,60-79,7.2,Male,Non-Hispanic Black,18.9,Healthy weight (18.5-24.9),3.78,161.66666666666666,68,0,1,Hypertension,1
118580,25,21-39,2.5,Female,Non-Hispanic White,27,Overweight (25-29.9),5.4,133.33333333333334,90.66666666666667,1,1,Hypertension,1
118581,71,60-79,7.1,Male,Non-Hispanic Black,32.4,Obesity class 1 (30-34.9),6.4799999999999995,123,82.66666666666667,1,1,Hypertension,1
118582,29,21-39,2.9,Female,Non-Hispanic White,30.3,Obesity class 1 (30-34.9),6.0600000000000005,118.66666666666667,78.66666666666667,0,0,No hypertension,0
118586,37,21-39,3.7,Female,Mexican American,43.2,Obesity class 2-3 (35+),8.64,89.66666666666667,58.666666666666664,0,0,No hypertension,0
118588,60,60-79,6,Male,Non-Hispanic White,44,Obesity class 2-3 (35+),8.8,127,76,0,0,No hypertension,0
118592,54,40-59,5.4,Female,Non-Hispanic White,27,Overweight (25-29.9),5.4,148.33333333333334,87.66666666666667,0,1,Hypertension,1
118595,71,60-79,7.1,Female,Non-Hispanic White,29,Overweight (25-29.9),5.8,132.33333333333334,70,0,1,Hypertension,0
118597,28,21-39,2.8,Female,Mexican American,30.6,Obesity class 1 (30-34.9),6.12,95.33333333333333,58,0,0,No hypertension,0
118598,52,40-59,5.2,Female,Non-Hispanic Black,67.7,Obesity class 2-3 (35+),13.540000000000001,114,68.66666666666667,1,1,Hypertension,1
118599,69,60-79,6.9,Male,Non-Hispanic Black,33.4,Obesity class 1 (30-34.9),6.68,154,96.33333333333333,1,1,Hypertension,1
118600,35,21-39,3.5,Male,Non-Hispanic White,25.2,Overweight (25-29.9),5.04,119.66666666666667,68,0,0,No hypertension,0
118601,55,40-59,5.5,Female,Mexican American,41.2,Obesity class 2-3 (35+),8.24,114.33333333333333,87.66666666666667,0,1,Hypertension,0
118602,69,60-79,6.9,Female,Mexican American,48.2,Obesity class 2-3 (35+),9.64,111,76.66666666666667,0,0,No hypertension,0
118606,32,21-39,3.2,Female,Non-Hispanic Black,34.3,Obesity class 1 (30-34.9),6.859999999999999,110,70.33333333333333,0,0,No hypertension,0
118607,48,40-59,4.8,Male,Non-Hispanic Black,37.8,Obesity class 2-3 (35+),7.56,119.66666666666667,71.66666666666667,0,0,No hypertension,0
118609,53,40-59,5.3,Female,Mexican American,23.6,Healthy weight (18.5-24.9),4.720000000000001,139.33333333333334,85.66666666666667,0,1,Hypertension,0
118610,59,40-59,5.9,Male,Non-Hispanic White,24.9,Healthy weight (18.5-24.9),4.9799999999999995,107.66666666666667,63.333333333333336,0,0,No hypertension,0
118611,59,40-59,5.9,Female,Non-Hispanic White,29.4,Overweight (25-29.9),5.88,110.33333333333333,74.66666666666667,0,0,No hypertension,0
118612,33,21-39,3.3,Female,Non-Hispanic Black,22.6,Healthy weight (18.5-24.9),4.5200000000000005,100,64.33333333333333,0,0,No hypertension,0
118614,66,60-79,6.6,Female,Non-Hispanic Black,32.4,Obesity class 1 (30-34.9),6.4799999999999995,166.33333333333334,81.66666666666667,0,1,Hypertension,1
118618,57,40-59,5.7,Female,Non-Hispanic Black,43.7,Obesity class 2-3 (35+),8.74,106,74.66666666666667,1,1,Hypertension,1
118620,77,60-79,7.7,Female,Other Hispanic,30.3,Obesity class 1 (30-34.9),6.0600000000000005,130.66666666666666,75.33333333333333,1,1,Hypertension,1
118621,46,40-59,4.6,Female,Non-Hispanic White,36.3,Obesity class 2-3 (35+),7.26,120,84.33333333333333,0,1,Hypertension,0
118622,69,60-79,6.9,Female,Non-Hispanic Black,30,Obesity class 1 (30-34.9),6,146.33333333333334,71,1,1,Hypertension,1
118624,26,21-39,2.6,Male,Non-Hispanic Asian,25.9,Overweight (25-29.9),5.18,118.33333333333333,72.33333333333333,0,0,No hypertension,0
118628,44,40-59,4.4,Female,Non-Hispanic Black,34,Obesity class 1 (30-34.9),6.8,110.33333333333333,76.33333333333333,0,0,No hypertension,0
118629,24,21-39,2.4,Male,Non-Hispanic Black,21.7,Healthy weight (18.5-24.9),4.34,132,71.33333333333333,0,1,Hypertension,0
118630,42,40-59,4.2,Male,Non-Hispanic Asian,27.5,Overweight (25-29.9),5.5,166.33333333333334,125.33333333333333,1,1,Hypertension,1
118633,59,40-59,5.9,Male,Non-Hispanic White,35.8,Obesity class 2-3 (35+),7.159999999999999,155.66666666666666,90.33333333333333,0,1,Hypertension,1
118634,74,60-79,7.4,Female,Non-Hispanic White,23.4,Healthy weight (18.5-24.9),4.68,166.66666666666666,88.33333333333333,0,1,Hypertension,1
118636,60,60-79,6,Female,Other Hispanic,34.3,Obesity class 1 (30-34.9),6.859999999999999,103.33333333333333,70,0,0,No hypertension,0
118638,70,60-79,7,Female,Non-Hispanic Asian,19.8,Healthy weight (18.5-24.9),3.96,135,73.33333333333333,0,1,Hypertension,0
118640,56,40-59,5.6,Male,Other Hispanic,27.6,Overweight (25-29.9),5.5200000000000005,164.33333333333334,97.66666666666667,1,1,Hypertension,1
118641,28,21-39,2.8,Female,Non-Hispanic Black,21.4,Healthy weight (18.5-24.9),4.279999999999999,110,71,0,0,No hypertension,0
118643,50,40-59,5,Female,Non-Hispanic Black,30.7,Obesity class 1 (30-34.9),6.14,150.33333333333334,86,0,1,Hypertension,1
118647,55,40-59,5.5,Female,Non-Hispanic Black,31.5,Obesity class 1 (30-34.9),6.3,132.66666666666666,82,0,1,Hypertension,0
118648,47,40-59,4.7,Male,Mexican American,29.6,Overweight (25-29.9),5.92,113,73.33333333333333,0,0,No hypertension,0
118650,39,21-39,3.9,Male,Non-Hispanic White,34.2,Obesity class 1 (30-34.9),6.840000000000001,128.66666666666666,81.66666666666667,0,1,Hypertension,0
118651,51,40-59,5.1,Female,Mexican American,28.9,Overweight (25-29.9),5.779999999999999,116.66666666666667,76,0,0,No hypertension,0
118654,28,21-39,2.8,Male,Other Hispanic,27.5,Overweight (25-29.9),5.5,107.66666666666667,67,0,0,No hypertension,0
118656,64,60-79,6.4,Male,Non-Hispanic White,29.9,Overweight (25-29.9),5.9799999999999995,150.66666666666666,77,1,1,Hypertension,1
118658,30,21-39,3,Male,Non-Hispanic Black,37.7,Obesity class 2-3 (35+),7.540000000000001,120.66666666666667,78.33333333333333,0,0,No hypertension,0
118662,70,60-79,7,Female,Non-Hispanic White,37.7,Obesity class 2-3 (35+),7.540000000000001,128,80,1,1,Hypertension,1
118664,32,21-39,3.2,Male,Non-Hispanic Asian,21.5,Healthy weight (18.5-24.9),4.3,109.33333333333333,66,0,0,No hypertension,0
118665,70,60-79,7,Male,Non-Hispanic White,35.4,Obesity class 2-3 (35+),7.08,127.33333333333333,75.66666666666667,1,1,Hypertension,1
118669,38,21-39,3.8,Female,Non-Hispanic White,26,Overweight (25-29.9),5.2,100.66666666666667,63,0,0,No hypertension,0
118670,42,40-59,4.2,Male,Non-Hispanic White,28.1,Overweight (25-29.9),5.62,120.66666666666667,90,0,1,Hypertension,1
118671,73,60-79,7.3,Male,Non-Hispanic Black,21.5,Healthy weight (18.5-24.9),4.3,150,78.66666666666667,0,1,Hypertension,1
118673,25,21-39,2.5,Female,Mexican American,28.6,Overweight (25-29.9),5.720000000000001,108.66666666666667,68.66666666666667,0,0,No hypertension,0
118675,59,40-59,5.9,Male,Non-Hispanic White,26.8,Overweight (25-29.9),5.36,133.33333333333334,78,1,1,Hypertension,1
118676,52,40-59,5.2,Male,Mexican American,31.7,Obesity class 1 (30-34.9),6.34,143,92.33333333333333,0,1,Hypertension,1
118678,78,60-79,7.8,Female,Non-Hispanic White,34.1,Obesity class 1 (30-34.9),6.82,156,59,0,1,Hypertension,1
118679,44,40-59,4.4,Female,Non-Hispanic White,28.5,Overweight (25-29.9),5.7,98.66666666666667,71.33333333333333,0,0,No hypertension,0
118681,65,60-79,6.5,Male,Other Hispanic,28.8,Overweight (25-29.9),5.76,107.66666666666667,62,0,0,No hypertension,0
118682,40,40-59,4,Female,Other/Multiracial,21.5,Healthy weight (18.5-24.9),4.3,119.33333333333333,76.66666666666667,0,0,No hypertension,0
118687,53,40-59,5.3,Female,Non-Hispanic White,26.3,Overweight (25-29.9),5.26,109,79.66666666666667,0,0,No hypertension,0
118692,65,60-79,6.5,Male,Non-Hispanic Black,44.9,Obesity class 2-3 (35+),8.98,100.33333333333333,65.33333333333333,1,1,Hypertension,1
118693,51,40-59,5.1,Male,Other Hispanic,24,Healthy weight (18.5-24.9),4.8,112.66666666666667,65.33333333333333,0,0,No hypertension,0
118696,27,21-39,2.7,Male,Other Hispanic,23.5,Healthy weight (18.5-24.9),4.7,104,49.333333333333336,0,0,No hypertension,0
118697,42,40-59,4.2,Female,Mexican American,23.4,Healthy weight (18.5-24.9),4.68,111.33333333333333,57.333333333333336,0,0,No hypertension,0
118699,65,60-79,6.5,Female,Other/Multiracial,26.6,Overweight (25-29.9),5.32,122,63.666666666666664,0,0,No hypertension,0
118701,45,40-59,4.5,Female,Other/Multiracial,27.2,Overweight (25-29.9),5.4399999999999995,128,87,1,1,Hypertension,1
118702,37,21-39,3.7,Male,Non-Hispanic White,32.9,Obesity class 1 (30-34.9),6.58,116.66666666666667,77.33333333333333,0,0,No hypertension,0
118711,34,21-39,3.4,Female,Non-Hispanic Asian,25.3,Overweight (25-29.9),5.0600000000000005,101.33333333333333,67.66666666666667,0,0,No hypertension,0
118712,23,21-39,2.3,Male,Other Hispanic,39.2,Obesity class 2-3 (35+),7.840000000000001,119.33333333333333,63,0,0,No hypertension,0
118713,54,40-59,5.4,Male,Non-Hispanic Asian,25.8,Overweight (25-29.9),5.16,115.66666666666667,66,0,0,No hypertension,0
118714,71,60-79,7.1,Female,Non-Hispanic White,37.7,Obesity class 2-3 (35+),7.540000000000001,151.66666666666666,84.33333333333333,1,1,Hypertension,1
118718,24,21-39,2.4,Male,Mexican American,38.3,Obesity class 2-3 (35+),7.659999999999999,120.33333333333333,89.66666666666667,0,1,Hypertension,0
118719,23,21-39,2.3,Male,Non-Hispanic Black,19.6,Healthy weight (18.5-24.9),3.9200000000000004,117.33333333333333,74.66666666666667,0,0,No hypertension,0
118721,70,60-79,7,Female,Mexican American,46.3,Obesity class 2-3 (35+),9.26,141,71,1,1,Hypertension,1
118722,62,60-79,6.2,Female,Non-Hispanic Black,49.9,Obesity class 2-3 (35+),9.98,162,83,1,1,Hypertension,1
118723,44,40-59,4.4,Female,Non-Hispanic Asian,28.5,Overweight (25-29.9),5.7,132.66666666666666,85.66666666666667,0,1,Hypertension,0
118724,62,60-79,6.2,Female,Non-Hispanic White,25.2,Overweight (25-29.9),5.04,121.66666666666667,64.66666666666667,1,1,Hypertension,1
118725,37,21-39,3.7,Female,Non-Hispanic White,30.3,Obesity class 1 (30-34.9),6.0600000000000005,131.66666666666666,92,1,1,Hypertension,1
118727,66,60-79,6.6,Female,Other Hispanic,33.2,Obesity class 1 (30-34.9),6.640000000000001,127.33333333333333,72.66666666666667,0,0,No hypertension,0
118728,31,21-39,3.1,Male,Mexican American,25.2,Overweight (25-29.9),5.04,107.33333333333333,69.33333333333333,0,0,No hypertension,0
118729,43,40-59,4.3,Female,Mexican American,40.9,Obesity class 2-3 (35+),8.18,117.33333333333333,73,0,0,No hypertension,0
118731,67,60-79,6.7,Male,Non-Hispanic Black,20.6,Healthy weight (18.5-24.9),4.12,144,72,1,1,Hypertension,1
118732,51,40-59,5.1,Female,Other Hispanic,25.6,Overweight (25-29.9),5.12,108.66666666666667,63,0,0,No hypertension,0
118734,37,21-39,3.7,Male,Non-Hispanic Black,24.9,Healthy weight (18.5-24.9),4.9799999999999995,135.66666666666666,91.66666666666667,0,1,Hypertension,1
118736,66,60-79,6.6,Female,Non-Hispanic White,34.7,Obesity class 1 (30-34.9),6.94,154.33333333333334,83,1,1,Hypertension,1
118737,26,21-39,2.6,Female,Mexican American,41,Obesity class 2-3 (35+),8.2,95.66666666666667,66,0,0,No hypertension,0
118738,42,40-59,4.2,Female,Mexican American,43.2,Obesity class 2-3 (35+),8.64,144,105.33333333333333,0,1,Hypertension,1
118740,56,40-59,5.6,Male,Non-Hispanic White,24.9,Healthy weight (18.5-24.9),4.9799999999999995,144.33333333333334,104.33333333333333,0,1,Hypertension,1
118745,32,21-39,3.2,Male,Non-Hispanic Black,32.6,Obesity class 1 (30-34.9),6.5200000000000005,134.66666666666666,92.66666666666667,0,1,Hypertension,1
118746,21,21-39,2.1,Female,Non-Hispanic White,29.5,Overweight (25-29.9),5.9,110,72.33333333333333,0,0,No hypertension,0
118748,31,21-39,3.1,Male,Non-Hispanic Black,15.5,Underweight (<18.5),3.1,118,72.33333333333333,0,0,No hypertension,0
118750,22,21-39,2.2,Male,Mexican American,25.8,Overweight (25-29.9),5.16,114.33333333333333,64,0,0,No hypertension,0
118752,37,21-39,3.7,Female,Non-Hispanic White,28,Overweight (25-29.9),5.6,115.33333333333333,76.66666666666667,0,0,No hypertension,0
118753,71,60-79,7.1,Male,Non-Hispanic Black,36.9,Obesity class 2-3 (35+),7.38,106.33333333333333,63,1,1,Hypertension,1
118755,65,60-79,6.5,Male,Other Hispanic,38.5,Obesity class 2-3 (35+),7.7,88.33333333333333,55,1,1,Hypertension,1
118756,29,21-39,2.9,Female,Non-Hispanic White,25.3,Overweight (25-29.9),5.0600000000000005,100,72,0,0,No hypertension,0
118762,34,21-39,3.4,Female,Non-Hispanic Black,37.8,Obesity class 2-3 (35+),7.56,165.66666666666666,116,0,1,Hypertension,1
118764,76,60-79,7.6,Female,Non-Hispanic White,28.3,Overweight (25-29.9),5.66,143.33333333333334,71,1,1,Hypertension,1
118766,37,21-39,3.7,Female,Non-Hispanic Black,35.3,Obesity class 2-3 (35+),7.06,104.66666666666667,76.66666666666667,0,0,No hypertension,0
118767,62,60-79,6.2,Female,Non-Hispanic Asian,21,Healthy weight (18.5-24.9),4.2,113.66666666666667,59.333333333333336,0,0,No hypertension,0
118775,56,40-59,5.6,Female,Non-Hispanic White,28,Overweight (25-29.9),5.6,97,58.666666666666664,0,0,No hypertension,0
118776,55,40-59,5.5,Male,Mexican American,29,Overweight (25-29.9),5.8,151.66666666666666,99.66666666666667,0,1,Hypertension,1
118778,77,60-79,7.7,Male,Non-Hispanic White,20.4,Healthy weight (18.5-24.9),4.08,134.66666666666666,67.33333333333333,0,1,Hypertension,0
118781,44,40-59,4.4,Male,Non-Hispanic Black,34.1,Obesity class 1 (30-34.9),6.82,118,90,0,1,Hypertension,1
118783,65,60-79,6.5,Male,Mexican American,29.2,Overweight (25-29.9),5.84,131.33333333333334,53.333333333333336,0,1,Hypertension,0
118784,27,21-39,2.7,Male,Mexican American,35.2,Obesity class 2-3 (35+),7.040000000000001,124.33333333333333,67.33333333333333,0,0,No hypertension,0
118786,45,40-59,4.5,Male,Non-Hispanic Asian,24.8,Healthy weight (18.5-24.9),4.96,115,72,0,0,No hypertension,0
118789,32,21-39,3.2,Male,Other/Multiracial,35.8,Obesity class 2-3 (35+),7.159999999999999,131.33333333333334,60,0,1,Hypertension,0
118791,25,21-39,2.5,Female,Non-Hispanic Asian,31.9,Obesity class 1 (30-34.9),6.38,120.66666666666667,81.66666666666667,0,1,Hypertension,0
118796,77,60-79,7.7,Male,Non-Hispanic White,29.2,Overweight (25-29.9),5.84,142.33333333333334,74,0,1,Hypertension,1
118802,39,21-39,3.9,Male,Non-Hispanic Black,43.8,Obesity class 2-3 (35+),8.76,119,73.66666666666667,0,0,No hypertension,0
118803,34,21-39,3.4,Male,Non-Hispanic White,29.1,Overweight (25-29.9),5.82,112.33333333333333,74.66666666666667,0,0,No hypertension,0
118804,21,21-39,2.1,Male,Other/Multiracial,34.1,Obesity class 1 (30-34.9),6.82,119.66666666666667,79,0,0,No hypertension,0
118805,56,40-59,5.6,Male,Non-Hispanic White,42.1,Obesity class 2-3 (35+),8.42,123.33333333333333,66,1,1,Hypertension,1
118807,43,40-59,4.3,Male,Other/Multiracial,34.6,Obesity class 1 (30-34.9),6.92,128.66666666666666,77.33333333333333,0,0,No hypertension,0
118809,67,60-79,6.7,Female,Non-Hispanic Black,34.9,Obesity class 1 (30-34.9),6.9799999999999995,151.33333333333334,85.66666666666667,1,1,Hypertension,1
118810,24,21-39,2.4,Male,Non-Hispanic Asian,27.6,Overweight (25-29.9),5.5200000000000005,129,76,0,0,No hypertension,0
118813,72,60-79,7.2,Male,Non-Hispanic Black,30.2,Obesity class 1 (30-34.9),6.04,133,77,0,1,Hypertension,0
118815,50,40-59,5,Male,Other Hispanic,31.7,Obesity class 1 (30-34.9),6.34,125,79,0,0,No hypertension,0
118816,26,21-39,2.6,Male,Non-Hispanic Black,25.2,Overweight (25-29.9),5.04,102.33333333333333,75.33333333333333,0,0,No hypertension,0
118827,43,40-59,4.3,Male,Non-Hispanic Black,29.8,Overweight (25-29.9),5.96,94,50.333333333333336,0,0,No hypertension,0
118829,67,60-79,6.7,Male,Non-Hispanic Black,28.5,Overweight (25-29.9),5.7,121.33333333333333,76.66666666666667,1,1,Hypertension,1
118831,38,21-39,3.8,Male,Other Hispanic,27.7,Overweight (25-29.9),5.54,116.66666666666667,63.666666666666664,0,0,No hypertension,0
118833,53,40-59,5.3,Female,Non-Hispanic Black,24.1,Healthy weight (18.5-24.9),4.82,118.33333333333333,67.33333333333333,1,1,Hypertension,1
118834,41,40-59,4.1,Male,Non-Hispanic White,27.8,Overweight (25-29.9),5.5600000000000005,120,77.33333333333333,0,0,No hypertension,0
118839,58,40-59,5.8,Male,Non-Hispanic White,27,Overweight (25-29.9),5.4,133.66666666666666,84,0,1,Hypertension,0
118840,23,21-39,2.3,Female,Non-Hispanic Asian,19.6,Healthy weight (18.5-24.9),3.9200000000000004,104,71.66666666666667,0,0,No hypertension,0
118841,59,40-59,5.9,Male,Mexican American,22.2,Healthy weight (18.5-24.9),4.4399999999999995,123.66666666666667,64.66666666666667,1,1,Hypertension,1
118845,64,60-79,6.4,Male,Non-Hispanic White,24.7,Healthy weight (18.5-24.9),4.9399999999999995,130.66666666666666,72.66666666666667,1,1,Hypertension,1
118853,40,40-59,4,Female,Mexican American,23.5,Healthy weight (18.5-24.9),4.7,97,66,0,0,No hypertension,0
118857,67,60-79,6.7,Female,Other Hispanic,30.2,Obesity class 1 (30-34.9),6.04,102,57.666666666666664,1,1,Hypertension,1
118861,65,60-79,6.5,Female,Non-Hispanic Black,36.9,Obesity class 2-3 (35+),7.38,141.66666666666666,84,0,1,Hypertension,1
118862,60,60-79,6,Female,Non-Hispanic White,20.8,Healthy weight (18.5-24.9),4.16,143.33333333333334,76.66666666666667,0,1,Hypertension,1
118863,58,40-59,5.8,Female,Non-Hispanic White,22.5,Healthy weight (18.5-24.9),4.5,115.33333333333333,74,1,1,Hypertension,1
118864,61,60-79,6.1,Female,Other/Multiracial,33.3,Obesity class 1 (30-34.9),6.659999999999999,110,65.66666666666667,0,0,No hypertension,0
118871,63,60-79,6.3,Male,Non-Hispanic White,29,Overweight (25-29.9),5.8,116.66666666666667,69,1,1,Hypertension,1
118872,62,60-79,6.2,Male,Other Hispanic,29.1,Overweight (25-29.9),5.82,126,86.33333333333333,0,1,Hypertension,0
118873,69,60-79,6.9,Male,Non-Hispanic Asian,22.5,Healthy weight (18.5-24.9),4.5,130,75,0,1,Hypertension,0
118875,30,21-39,3,Female,Non-Hispanic Black,22.8,Healthy weight (18.5-24.9),4.5600000000000005,99.33333333333333,54.333333333333336,0,0,No hypertension,0
118876,44,40-59,4.4,Male,Non-Hispanic Black,32.5,Obesity class 1 (30-34.9),6.5,107.33333333333333,69.33333333333333,0,0,No hypertension,0
118877,59,40-59,5.9,Female,Non-Hispanic White,35.6,Obesity class 2-3 (35+),7.12,133,88.66666666666667,0,1,Hypertension,0
118879,36,21-39,3.6,Female,Non-Hispanic White,23.1,Healthy weight (18.5-24.9),4.62,87,51,0,0,No hypertension,0
118884,75,60-79,7.5,Female,Non-Hispanic Black,28.7,Overweight (25-29.9),5.74,129.66666666666666,64.66666666666667,1,1,Hypertension,1
118887,64,60-79,6.4,Female,Non-Hispanic Black,25.4,Overweight (25-29.9),5.08,129,78.66666666666667,1,1,Hypertension,1
118890,67,60-79,6.7,Male,Mexican American,31.7,Obesity class 1 (30-34.9),6.34,126.66666666666667,79.66666666666667,1,1,Hypertension,1
118893,29,21-39,2.9,Male,Non-Hispanic Asian,25.5,Overweight (25-29.9),5.1,123.33333333333333,85.33333333333333,0,1,Hypertension,0
118894,52,40-59,5.2,Female,Non-Hispanic Black,27.3,Overweight (25-29.9),5.46,128,88,0,1,Hypertension,0
118895,32,21-39,3.2,Female,Non-Hispanic Asian,18.4,Underweight (<18.5),3.6799999999999997,92.33333333333333,56.666666666666664,0,0,No hypertension,0
118897,40,40-59,4,Male,Non-Hispanic White,31.4,Obesity class 1 (30-34.9),6.279999999999999,123.66666666666667,85.33333333333333,0,1,Hypertension,0
118898,60,60-79,6,Male,Non-Hispanic Black,24.5,Healthy weight (18.5-24.9),4.9,102.33333333333333,61.666666666666664,0,0,No hypertension,0
118899,70,60-79,7,Male,Non-Hispanic Black,30.1,Obesity class 1 (30-34.9),6.0200000000000005,132,71,0,1,Hypertension,0
118900,45,40-59,4.5,Male,Non-Hispanic Black,22.1,Healthy weight (18.5-24.9),4.42,159,104,0,1,Hypertension,1
118901,36,21-39,3.6,Male,Non-Hispanic Asian,24,Healthy weight (18.5-24.9),4.8,114.66666666666667,69.33333333333333,0,0,No hypertension,0
118903,50,40-59,5,Male,Non-Hispanic White,25.4,Overweight (25-29.9),5.08,132.66666666666666,79.33333333333333,1,1,Hypertension,1
118905,48,40-59,4.8,Male,Non-Hispanic Black,31,Obesity class 1 (30-34.9),6.2,120,78.66666666666667,0,0,No hypertension,0
118908,35,21-39,3.5,Male,Non-Hispanic Black,38.7,Obesity class 2-3 (35+),7.74,110.66666666666667,72.33333333333333,0,0,No hypertension,0
118913,47,40-59,4.7,Female,Non-Hispanic White,20.2,Healthy weight (18.5-24.9),4.04,95,61.666666666666664,0,0,No hypertension,0
118914,60,60-79,6,Male,Non-Hispanic Asian,22.2,Healthy weight (18.5-24.9),4.4399999999999995,110,70,0,0,No hypertension,0
118915,56,40-59,5.6,Female,Non-Hispanic White,19.8,Healthy weight (18.5-24.9),3.96,102.33333333333333,70,0,0,No hypertension,0
118921,59,40-59,5.9,Male,Non-Hispanic Black,24.6,Healthy weight (18.5-24.9),4.92,120,70.66666666666667,1,1,Hypertension,1
118922,72,60-79,7.2,Female,Non-Hispanic White,21.2,Healthy weight (18.5-24.9),4.24,136.33333333333334,60.333333333333336,0,1,Hypertension,0
118924,49,40-59,4.9,Male,Non-Hispanic Black,25.3,Overweight (25-29.9),5.0600000000000005,128.33333333333334,81.66666666666667,1,1,Hypertension,1
118926,28,21-39,2.8,Female,Non-Hispanic Black,21.3,Healthy weight (18.5-24.9),4.26,110,71.33333333333333,0,0,No hypertension,0
118929,45,40-59,4.5,Male,Non-Hispanic White,27.2,Overweight (25-29.9),5.4399999999999995,122.33333333333333,73.66666666666667,0,0,No hypertension,0
118930,24,21-39,2.4,Female,Non-Hispanic White,21.9,Healthy weight (18.5-24.9),4.38,103.33333333333333,54,0,0,No hypertension,0
118932,39,21-39,3.9,Female,Non-Hispanic Black,36.5,Obesity class 2-3 (35+),7.3,100.66666666666667,71.33333333333333,0,0,No hypertension,0
118935,60,60-79,6,Male,Non-Hispanic Black,33.6,Obesity class 1 (30-34.9),6.720000000000001,137,82,0,1,Hypertension,0
118936,67,60-79,6.7,Male,Other Hispanic,42.1,Obesity class 2-3 (35+),8.42,178,105.33333333333333,0,1,Hypertension,1
118937,69,60-79,6.9,Male,Other/Multiracial,48.4,Obesity class 2-3 (35+),9.68,117.66666666666667,76,1,1,Hypertension,1
118938,24,21-39,2.4,Female,Non-Hispanic White,30.6,Obesity class 1 (30-34.9),6.12,120.33333333333333,76.66666666666667,0,0,No hypertension,0
118940,64,60-79,6.4,Male,Non-Hispanic Black,23.1,Healthy weight (18.5-24.9),4.62,128.33333333333334,79,1,1,Hypertension,1
118942,30,21-39,3,Female,Non-Hispanic Asian,20.9,Healthy weight (18.5-24.9),4.18,95.66666666666667,57,0,0,No hypertension,0
118943,29,21-39,2.9,Male,Other Hispanic,30.5,Obesity class 1 (30-34.9),6.1,126,79.33333333333333,0,0,No hypertension,0
118944,51,40-59,5.1,Male,Non-Hispanic Black,18.2,Underweight (<18.5),3.6399999999999997,127.66666666666667,78,0,0,No hypertension,0
118946,24,21-39,2.4,Male,Non-Hispanic White,26.1,Overweight (25-29.9),5.220000000000001,114.33333333333333,75.66666666666667,0,0,No hypertension,0
118947,58,40-59,5.8,Female,Non-Hispanic Asian,25.7,Overweight (25-29.9),5.14,134,85.66666666666667,1,1,Hypertension,1
118949,64,60-79,6.4,Female,Other Hispanic,33.1,Obesity class 1 (30-34.9),6.62,165.33333333333334,101.33333333333333,1,1,Hypertension,1
118951,45,40-59,4.5,Male,Other Hispanic,34.9,Obesity class 1 (30-34.9),6.9799999999999995,109,74,1,1,Hypertension,1
118953,76,60-79,7.6,Female,Non-Hispanic White,31.8,Obesity class 1 (30-34.9),6.36,179,67.33333333333333,1,1,Hypertension,1
118954,63,60-79,6.3,Female,Non-Hispanic Black,50.8,Obesity class 2-3 (35+),10.16,130.33333333333334,91.33333333333333,1,1,Hypertension,1
118957,64,60-79,6.4,Female,Non-Hispanic Black,28.4,Overweight (25-29.9),5.68,129,66.66666666666667,0,0,No hypertension,0
118958,40,40-59,4,Male,Non-Hispanic Black,22.2,Healthy weight (18.5-24.9),4.4399999999999995,130.33333333333334,84.33333333333333,0,1,Hypertension,0
118962,71,60-79,7.1,Female,Non-Hispanic Asian,30.7,Obesity class 1 (30-34.9),6.14,167,87.66666666666667,1,1,Hypertension,1
118967,33,21-39,3.3,Male,Non-Hispanic White,33,Obesity class 1 (30-34.9),6.6,108.33333333333333,69.33333333333333,0,0,No hypertension,0
118971,58,40-59,5.8,Male,Non-Hispanic White,31.3,Obesity class 1 (30-34.9),6.26,142.66666666666666,87.66666666666667,0,1,Hypertension,1
118972,52,40-59,5.2,Female,Non-Hispanic White,29.2,Overweight (25-29.9),5.84,131,86,0,1,Hypertension,0
118977,45,40-59,4.5,Female,Other Hispanic,42.6,Obesity class 2-3 (35+),8.52,111,80.33333333333333,0,1,Hypertension,0
118980,59,40-59,5.9,Female,Non-Hispanic Black,25,Overweight (25-29.9),5,101.66666666666667,65.66666666666667,0,0,No hypertension,0
118985,54,40-59,5.4,Male,Non-Hispanic White,26.3,Overweight (25-29.9),5.26,130,83.33333333333333,0,1,Hypertension,0
118986,51,40-59,5.1,Male,Other Hispanic,31.8,Obesity class 1 (30-34.9),6.36,125.66666666666667,75,1,1,Hypertension,1
118987,70,60-79,7,Female,Non-Hispanic White,33.8,Obesity class 1 (30-34.9),6.76,101,72,1,1,Hypertension,1
118989,53,40-59,5.3,Female,Non-Hispanic Asian,19.6,Healthy weight (18.5-24.9),3.9200000000000004,138.66666666666666,96,0,1,Hypertension,1
118990,56,40-59,5.6,Female,Non-Hispanic Black,32.1,Obesity class 1 (30-34.9),6.42,139.33333333333334,70,1,1,Hypertension,1
118991,28,21-39,2.8,Male,Mexican American,23.9,Healthy weight (18.5-24.9),4.779999999999999,109.66666666666667,62.333333333333336,0,0,No hypertension,0
118992,51,40-59,5.1,Male,Non-Hispanic White,35.9,Obesity class 2-3 (35+),7.18,113,72.66666666666667,1,1,Hypertension,1
118994,23,21-39,2.3,Male,Other/Multiracial,36.2,Obesity class 2-3 (35+),7.24,136.66666666666666,80.33333333333333,0,1,Hypertension,0
118999,60,60-79,6,Male,Other/Multiracial,30.6,Obesity class 1 (30-34.9),6.12,133.33333333333334,83,0,1,Hypertension,0
119000,72,60-79,7.2,Male,Other Hispanic,29.1,Overweight (25-29.9),5.82,141,84.66666666666667,1,1,Hypertension,1
119001,52,40-59,5.2,Female,Non-Hispanic White,22.4,Healthy weight (18.5-24.9),4.4799999999999995,166.33333333333334,87.66666666666667,1,1,Hypertension,1
119005,27,21-39,2.7,Female,Other/Multiracial,18.9,Healthy weight (18.5-24.9),3.78,113.66666666666667,72.33333333333333,0,0,No hypertension,0
119007,47,40-59,4.7,Male,Non-Hispanic Black,23.4,Healthy weight (18.5-24.9),4.68,129.66666666666666,74,0,0,No hypertension,0
119009,64,60-79,6.4,Female,Non-Hispanic Asian,27.4,Overweight (25-29.9),5.4799999999999995,111.66666666666667,68.66666666666667,1,1,Hypertension,1
119016,56,40-59,5.6,Male,Non-Hispanic Asian,24.1,Healthy weight (18.5-24.9),4.82,133.66666666666666,80.33333333333333,0,1,Hypertension,0
119017,65,60-79,6.5,Male,Non-Hispanic White,35,Obesity class 2-3 (35+),7,171,88.66666666666667,1,1,Hypertension,1
119019,50,40-59,5,Male,Mexican American,27,Overweight (25-29.9),5.4,116.66666666666667,82.33333333333333,0,1,Hypertension,0
119022,64,60-79,6.4,Male,Non-Hispanic White,28.6,Overweight (25-29.9),5.720000000000001,176.33333333333334,91.66666666666667,0,1,Hypertension,1
119024,22,21-39,2.2,Male,Non-Hispanic Black,22.3,Healthy weight (18.5-24.9),4.46,125.33333333333333,61.666666666666664,0,0,No hypertension,0
119029,42,40-59,4.2,Male,Other/Multiracial,28.3,Overweight (25-29.9),5.66,116.66666666666667,76,0,0,No hypertension,0
119030,67,60-79,6.7,Male,Non-Hispanic White,24.8,Healthy weight (18.5-24.9),4.96,131,77,1,1,Hypertension,1
119031,76,60-79,7.6,Male,Non-Hispanic White,32.9,Obesity class 1 (30-34.9),6.58,153,80.66666666666667,1,1,Hypertension,1
119034,33,21-39,3.3,Female,Non-Hispanic White,23.5,Healthy weight (18.5-24.9),4.7,110.66666666666667,65.33333333333333,0,0,No hypertension,0
119041,37,21-39,3.7,Male,Mexican American,37.2,Obesity class 2-3 (35+),7.44,134,83.66666666666667,0,1,Hypertension,0
119044,43,40-59,4.3,Male,Non-Hispanic Black,32.2,Obesity class 1 (30-34.9),6.44,131.33333333333334,80.66666666666667,0,1,Hypertension,0
119053,49,40-59,4.9,Female,Non-Hispanic White,29.7,Overweight (25-29.9),5.9399999999999995,106.66666666666667,74.66666666666667,0,0,No hypertension,0
119054,66,60-79,6.6,Male,Other Hispanic,25.2,Overweight (25-29.9),5.04,137.66666666666666,70.33333333333333,0,1,Hypertension,0
119055,61,60-79,6.1,Male,Non-Hispanic White,19.2,Healthy weight (18.5-24.9),3.84,101,62.333333333333336,0,0,No hypertension,0
119056,72,60-79,7.2,Male,Non-Hispanic White,36.4,Obesity class 2-3 (35+),7.279999999999999,135.33333333333334,71.66666666666667,1,1,Hypertension,1
119058,78,60-79,7.8,Female,Non-Hispanic White,27.1,Overweight (25-29.9),5.42,140.33333333333334,64.33333333333333,1,1,Hypertension,1
119059,49,40-59,4.9,Female,Non-Hispanic White,44.7,Obesity class 2-3 (35+),8.940000000000001,130.33333333333334,87,1,1,Hypertension,1
119060,46,40-59,4.6,Male,Non-Hispanic White,41.7,Obesity class 2-3 (35+),8.34,121.66666666666667,79,0,0,No hypertension,0
119062,63,60-79,6.3,Male,Other Hispanic,33.5,Obesity class 1 (30-34.9),6.7,122.66666666666667,67,0,0,No hypertension,0
119065,55,40-59,5.5,Female,Non-Hispanic Black,29.4,Overweight (25-29.9),5.88,129,85.66666666666667,0,1,Hypertension,0
119066,24,21-39,2.4,Female,Non-Hispanic Black,31.2,Obesity class 1 (30-34.9),6.24,104.33333333333333,69.33333333333333,0,0,No hypertension,0
119067,47,40-59,4.7,Female,Non-Hispanic White,23.6,Healthy weight (18.5-24.9),4.720000000000001,106.66666666666667,57,0,0,No hypertension,0
119068,46,40-59,4.6,Male,Other Hispanic,50.2,Obesity class 2-3 (35+),10.040000000000001,99.33333333333333,66,1,1,Hypertension,1
119073,77,60-79,7.7,Female,Non-Hispanic Black,25.1,Overweight (25-29.9),5.0200000000000005,124,61.333333333333336,1,1,Hypertension,1
119075,56,40-59,5.6,Female,Non-Hispanic Asian,18.9,Healthy weight (18.5-24.9),3.78,95.66666666666667,63,0,0,No hypertension,0
119076,67,60-79,6.7,Female,Non-Hispanic Black,51.9,Obesity class 2-3 (35+),10.379999999999999,105.66666666666667,67.66666666666667,0,0,No hypertension,0
119077,53,40-59,5.3,Male,Other/Multiracial,31.6,Obesity class 1 (30-34.9),6.32,113.66666666666667,67.66666666666667,0,0,No hypertension,0
119079,32,21-39,3.2,Female,Mexican American,35.4,Obesity class 2-3 (35+),7.08,102,71.66666666666667,0,0,No hypertension,0
119080,25,21-39,2.5,Female,Non-Hispanic White,29.8,Overweight (25-29.9),5.96,101,72.66666666666667,0,0,No hypertension,0
119081,23,21-39,2.3,Male,Mexican American,28.3,Overweight (25-29.9),5.66,121.33333333333333,66,0,0,No hypertension,0
119082,72,60-79,7.2,Male,Non-Hispanic Asian,25,Overweight (25-29.9),5,104.66666666666667,59.666666666666664,1,1,Hypertension,1
119083,63,60-79,6.3,Female,Non-Hispanic White,38.8,Obesity class 2-3 (35+),7.76,161.33333333333334,95.66666666666667,1,1,Hypertension,1
119085,43,40-59,4.3,Female,Non-Hispanic White,22.8,Healthy weight (18.5-24.9),4.5600000000000005,119.33333333333333,74.66666666666667,0,0,No hypertension,0
119086,36,21-39,3.6,Female,Non-Hispanic Asian,17.9,Underweight (<18.5),3.5799999999999996,112.66666666666667,83.33333333333333,0,1,Hypertension,0
119091,51,40-59,5.1,Male,Non-Hispanic Asian,25.1,Overweight (25-29.9),5.0200000000000005,146.33333333333334,100,0,1,Hypertension,1
119092,67,60-79,6.7,Female,Non-Hispanic White,22.4,Healthy weight (18.5-24.9),4.4799999999999995,144,87,0,1,Hypertension,1
119094,51,40-59,5.1,Female,Non-Hispanic Black,36.3,Obesity class 2-3 (35+),7.26,136,101.33333333333333,1,1,Hypertension,1
119095,52,40-59,5.2,Male,Non-Hispanic Black,29.1,Overweight (25-29.9),5.82,118.66666666666667,74,1,1,Hypertension,1
119096,47,40-59,4.7,Female,Other Hispanic,19.3,Healthy weight (18.5-24.9),3.8600000000000003,114,71.33333333333333,0,0,No hypertension,0
119097,40,40-59,4,Female,Non-Hispanic Asian,31.8,Obesity class 1 (30-34.9),6.36,128.33333333333334,72,0,0,No hypertension,0
119098,32,21-39,3.2,Male,Non-Hispanic White,53.5,Obesity class 2-3 (35+),10.7,117.66666666666667,81,0,1,Hypertension,0
119099,57,40-59,5.7,Female,Non-Hispanic White,27.5,Overweight (25-29.9),5.5,122,67.66666666666667,1,1,Hypertension,1
119101,68,60-79,6.8,Male,Non-Hispanic White,30.4,Obesity class 1 (30-34.9),6.08,142,78.66666666666667,1,1,Hypertension,1
119102,66,60-79,6.6,Female,Non-Hispanic Asian,32.5,Obesity class 1 (30-34.9),6.5,136,85.33333333333333,1,1,Hypertension,1
119104,35,21-39,3.5,Male,Non-Hispanic Black,33,Obesity class 1 (30-34.9),6.6,117.66666666666667,75.66666666666667,0,0,No hypertension,0
119105,57,40-59,5.7,Male,Non-Hispanic White,30.4,Obesity class 1 (30-34.9),6.08,139.66666666666666,78.33333333333333,1,1,Hypertension,1
119108,74,60-79,7.4,Male,Non-Hispanic Black,30.5,Obesity class 1 (30-34.9),6.1,164,99,1,1,Hypertension,1
119109,33,21-39,3.3,Female,Non-Hispanic Asian,26.3,Overweight (25-29.9),5.26,94,61,0,0,No hypertension,0
119112,33,21-39,3.3,Female,Other Hispanic,32.5,Obesity class 1 (30-34.9),6.5,104.33333333333333,65,0,0,No hypertension,0
119117,66,60-79,6.6,Male,Non-Hispanic Black,23.2,Healthy weight (18.5-24.9),4.64,119,63.666666666666664,0,0,No hypertension,0
119123,57,40-59,5.7,Male,Other/Multiracial,21.7,Healthy weight (18.5-24.9),4.34,122.66666666666667,77.33333333333333,0,0,No hypertension,0
119124,61,60-79,6.1,Female,Non-Hispanic Black,24.6,Healthy weight (18.5-24.9),4.92,133.33333333333334,68.66666666666667,0,1,Hypertension,0
119127,33,21-39,3.3,Male,Other/Multiracial,27.4,Overweight (25-29.9),5.4799999999999995,117,78,0,0,No hypertension,0
119130,62,60-79,6.2,Female,Non-Hispanic Asian,20.4,Healthy weight (18.5-24.9),4.08,138.33333333333334,61.666666666666664,0,1,Hypertension,0
119132,59,40-59,5.9,Male,Non-Hispanic White,23,Healthy weight (18.5-24.9),4.6,152.33333333333334,98,0,1,Hypertension,1
119133,25,21-39,2.5,Female,Non-Hispanic White,19.8,Healthy weight (18.5-24.9),3.96,116.66666666666667,62.666666666666664,0,0,No hypertension,0
119136,62,60-79,6.2,Male,Non-Hispanic Black,19.7,Healthy weight (18.5-24.9),3.94,145.66666666666666,86.33333333333333,0,1,Hypertension,1
119139,73,60-79,7.3,Female,Non-Hispanic Asian,25.2,Overweight (25-29.9),5.04,103.33333333333333,60.333333333333336,0,0,No hypertension,0
119142,69,60-79,6.9,Male,Mexican American,29,Overweight (25-29.9),5.8,131,82.33333333333333,1,1,Hypertension,1
119144,22,21-39,2.2,Male,Non-Hispanic Black,33.9,Obesity class 1 (30-34.9),6.779999999999999,119.66666666666667,72,0,0,No hypertension,0
119146,39,21-39,3.9,Male,Mexican American,34.3,Obesity class 1 (30-34.9),6.859999999999999,123,77.33333333333333,0,0,No hypertension,0
119149,48,40-59,4.8,Male,Non-Hispanic White,24.9,Healthy weight (18.5-24.9),4.9799999999999995,116,71,0,0,No hypertension,0
119150,32,21-39,3.2,Male,Non-Hispanic Asian,28.9,Overweight (25-29.9),5.779999999999999,105.33333333333333,62.333333333333336,0,0,No hypertension,0
119152,55,40-59,5.5,Male,Non-Hispanic White,17.1,Underweight (<18.5),3.4200000000000004,132.66666666666666,79,0,1,Hypertension,0
119155,70,60-79,7,Female,Non-Hispanic Asian,38.7,Obesity class 2-3 (35+),7.74,115,49.666666666666664,0,0,No hypertension,0
119156,22,21-39,2.2,Female,Non-Hispanic White,21.5,Healthy weight (18.5-24.9),4.3,95.33333333333333,58,0,0,No hypertension,0
119157,74,60-79,7.4,Female,Non-Hispanic Black,34.8,Obesity class 1 (30-34.9),6.959999999999999,169.66666666666666,75,1,1,Hypertension,1
119158,44,40-59,4.4,Female,Non-Hispanic Asian,33.6,Obesity class 1 (30-34.9),6.720000000000001,121.33333333333333,80.66666666666667,0,1,Hypertension,0
119160,71,60-79,7.1,Female,Non-Hispanic White,32,Obesity class 1 (30-34.9),6.4,129.33333333333334,66.66666666666667,1,1,Hypertension,1
119161,29,21-39,2.9,Female,Non-Hispanic Black,31,Obesity class 1 (30-34.9),6.2,100.33333333333333,59.666666666666664,0,0,No hypertension,0
119164,68,60-79,6.8,Male,Mexican American,31.4,Obesity class 1 (30-34.9),6.279999999999999,145.66666666666666,87.33333333333333,1,1,Hypertension,1
119166,42,40-59,4.2,Male,Non-Hispanic White,28.2,Overweight (25-29.9),5.64,151,94.66666666666667,1,1,Hypertension,1
119169,42,40-59,4.2,Male,Mexican American,23.8,Healthy weight (18.5-24.9),4.76,104.66666666666667,70.66666666666667,1,1,Hypertension,1
119170,65,60-79,6.5,Male,Non-Hispanic Black,44.1,Obesity class 2-3 (35+),8.82,152,74.66666666666667,0,1,Hypertension,1
119175,49,40-59,4.9,Female,Non-Hispanic Asian,30.3,Obesity class 1 (30-34.9),6.0600000000000005,128,84,1,1,Hypertension,1
119179,70,60-79,7,Male,Non-Hispanic White,28.7,Overweight (25-29.9),5.74,97,57.666666666666664,0,0,No hypertension,0
119181,42,40-59,4.2,Male,Non-Hispanic White,36.8,Obesity class 2-3 (35+),7.359999999999999,139.33333333333334,86.66666666666667,0,1,Hypertension,0
119183,25,21-39,2.5,Female,Non-Hispanic Black,24.5,Healthy weight (18.5-24.9),4.9,107.33333333333333,67,0,0,No hypertension,0
119184,35,21-39,3.5,Male,Non-Hispanic Black,24.8,Healthy weight (18.5-24.9),4.96,169.33333333333334,108.33333333333333,0,1,Hypertension,1
119186,63,60-79,6.3,Female,Non-Hispanic White,22.5,Healthy weight (18.5-24.9),4.5,133,83.66666666666667,1,1,Hypertension,1
119187,45,40-59,4.5,Male,Non-Hispanic White,27.8,Overweight (25-29.9),5.5600000000000005,114.66666666666667,71.33333333333333,0,0,No hypertension,0
119189,64,60-79,6.4,Female,Non-Hispanic Black,32,Obesity class 1 (30-34.9),6.4,142.66666666666666,83.33333333333333,1,1,Hypertension,1
119192,44,40-59,4.4,Female,Non-Hispanic Black,44.6,Obesity class 2-3 (35+),8.92,153,101,1,1,Hypertension,1
119193,52,40-59,5.2,Female,Non-Hispanic Black,29.9,Overweight (25-29.9),5.9799999999999995,113.33333333333333,78,1,1,Hypertension,1
119194,41,40-59,4.1,Male,Mexican American,25.3,Overweight (25-29.9),5.0600000000000005,112,68.66666666666667,0,0,No hypertension,0
119196,40,40-59,4,Male,Non-Hispanic Black,27.3,Overweight (25-29.9),5.46,80,50,0,0,No hypertension,0
119197,72,60-79,7.2,Female,Other Hispanic,35.5,Obesity class 2-3 (35+),7.1,139.66666666666666,89,1,1,Hypertension,1
119201,25,21-39,2.5,Female,Mexican American,38.1,Obesity class 2-3 (35+),7.62,91.33333333333333,61.333333333333336,0,0,No hypertension,0
119206,69,60-79,6.9,Female,Non-Hispanic White,38.9,Obesity class 2-3 (35+),7.779999999999999,131,85.66666666666667,1,1,Hypertension,1
119207,45,40-59,4.5,Female,Non-Hispanic Asian,24.4,Healthy weight (18.5-24.9),4.88,127,73.33333333333333,0,0,No hypertension,0
119210,48,40-59,4.8,Female,Non-Hispanic Asian,20.9,Healthy weight (18.5-24.9),4.18,103.33333333333333,66.33333333333333,0,0,No hypertension,0
119212,35,21-39,3.5,Male,Non-Hispanic Black,25.8,Overweight (25-29.9),5.16,106,70,0,0,No hypertension,0
119216,43,40-59,4.3,Male,Non-Hispanic White,27.3,Overweight (25-29.9),5.46,133,89,1,1,Hypertension,1
119218,29,21-39,2.9,Female,Non-Hispanic White,35.9,Obesity class 2-3 (35+),7.18,117.33333333333333,89.33333333333333,0,1,Hypertension,0
119222,69,60-79,6.9,Female,Non-Hispanic Black,29.7,Overweight (25-29.9),5.9399999999999995,153,94,1,1,Hypertension,1
119223,63,60-79,6.3,Male,Non-Hispanic Asian,25.9,Overweight (25-29.9),5.18,116,66.33333333333333,0,0,No hypertension,0
119229,29,21-39,2.9,Male,Non-Hispanic Black,25.1,Overweight (25-29.9),5.0200000000000005,118,80,0,1,Hypertension,0
119230,61,60-79,6.1,Female,Non-Hispanic Black,25,Overweight (25-29.9),5,151,89.66666666666667,1,1,Hypertension,1
119232,51,40-59,5.1,Male,Non-Hispanic White,22.6,Healthy weight (18.5-24.9),4.5200000000000005,111,68,0,0,No hypertension,0
119234,41,40-59,4.1,Female,Non-Hispanic White,32.3,Obesity class 1 (30-34.9),6.459999999999999,114,83.66666666666667,0,1,Hypertension,0
119237,67,60-79,6.7,Female,Non-Hispanic Asian,26.4,Overweight (25-29.9),5.279999999999999,142,79,1,1,Hypertension,1
119240,70,60-79,7,Male,Non-Hispanic White,14.9,Underweight (<18.5),2.98,128,52,0,0,No hypertension,0
119241,54,40-59,5.4,Female,Mexican American,32.5,Obesity class 1 (30-34.9),6.5,110.66666666666667,69.33333333333333,0,0,No hypertension,0
119242,61,60-79,6.1,Female,Non-Hispanic White,36.7,Obesity class 2-3 (35+),7.340000000000001,93,51.333333333333336,0,0,No hypertension,0
119243,66,60-79,6.6,Male,Non-Hispanic Black,26.3,Overweight (25-29.9),5.26,141,81,0,1,Hypertension,1
119245,45,40-59,4.5,Male,Non-Hispanic White,28.8,Overweight (25-29.9),5.76,149.66666666666666,96.66666666666667,0,1,Hypertension,1
119248,61,60-79,6.1,Male,Other Hispanic,27.8,Overweight (25-29.9),5.5600000000000005,139.33333333333334,84.66666666666667,1,1,Hypertension,1
119250,38,21-39,3.8,Male,Mexican American,32.5,Obesity class 1 (30-34.9),6.5,127,72,0,0,No hypertension,0
119252,24,21-39,2.4,Male,Non-Hispanic Asian,29.1,Overweight (25-29.9),5.82,137,96.33333333333333,0,1,Hypertension,1
119254,51,40-59,5.1,Female,Non-Hispanic Black,40.1,Obesity class 2-3 (35+),8.02,128.33333333333334,90.33333333333333,1,1,Hypertension,1
119257,44,40-59,4.4,Male,Non-Hispanic Black,30.2,Obesity class 1 (30-34.9),6.04,114.33333333333333,68.66666666666667,0,0,No hypertension,0
119260,65,60-79,6.5,Female,Non-Hispanic White,35,Obesity class 2-3 (35+),7,158.66666666666666,93,1,1,Hypertension,1
119262,51,40-59,5.1,Male,Non-Hispanic White,41.9,Obesity class 2-3 (35+),8.379999999999999,105.66666666666667,59.333333333333336,1,1,Hypertension,1
119265,64,60-79,6.4,Female,Other Hispanic,36.2,Obesity class 2-3 (35+),7.24,138.66666666666666,86.33333333333333,0,1,Hypertension,0
119266,46,40-59,4.6,Male,Non-Hispanic Black,29.8,Overweight (25-29.9),5.96,104.66666666666667,64.66666666666667,0,0,No hypertension,0
119269,72,60-79,7.2,Female,Mexican American,24.5,Healthy weight (18.5-24.9),4.9,171,73.66666666666667,1,1,Hypertension,1
119272,69,60-79,6.9,Male,Non-Hispanic White,27.4,Overweight (25-29.9),5.4799999999999995,126.33333333333333,76.33333333333333,0,0,No hypertension,0
119274,61,60-79,6.1,Male,Non-Hispanic White,29,Overweight (25-29.9),5.8,137.33333333333334,82,1,1,Hypertension,1
119283,30,21-39,3,Female,Non-Hispanic Asian,20.9,Healthy weight (18.5-24.9),4.18,93.66666666666667,64.66666666666667,0,0,No hypertension,0
119292,56,40-59,5.6,Female,Non-Hispanic White,20.9,Healthy weight (18.5-24.9),4.18,110,68,0,0,No hypertension,0
119293,68,60-79,6.8,Male,Non-Hispanic Black,24.4,Healthy weight (18.5-24.9),4.88,148,71.66666666666667,1,1,Hypertension,1
119298,64,60-79,6.4,Male,Non-Hispanic White,29.2,Overweight (25-29.9),5.84,110,62.333333333333336,0,0,No hypertension,0
119299,56,40-59,5.6,Male,Non-Hispanic Black,29.9,Overweight (25-29.9),5.9799999999999995,112.33333333333333,71.66666666666667,0,0,No hypertension,0
119300,56,40-59,5.6,Female,Non-Hispanic Asian,26.8,Overweight (25-29.9),5.36,125.66666666666667,78.33333333333333,1,1,Hypertension,1
119302,37,21-39,3.7,Male,Non-Hispanic Black,22.3,Healthy weight (18.5-24.9),4.46,123.33333333333333,68.66666666666667,0,0,No hypertension,0
119311,36,21-39,3.6,Male,Non-Hispanic Black,28,Overweight (25-29.9),5.6,123.66666666666667,65,0,0,No hypertension,0
119312,52,40-59,5.2,Female,Other Hispanic,51.3,Obesity class 2-3 (35+),10.26,164,105,0,1,Hypertension,1
119313,62,60-79,6.2,Female,Non-Hispanic Black,43.8,Obesity class 2-3 (35+),8.76,168,92.33333333333333,1,1,Hypertension,1
119320,49,40-59,4.9,Female,Non-Hispanic White,35,Obesity class 2-3 (35+),7,121.33333333333333,72.66666666666667,1,1,Hypertension,1
119321,77,60-79,7.7,Female,Non-Hispanic White,23,Healthy weight (18.5-24.9),4.6,149,80.66666666666667,0,1,Hypertension,1
119322,66,60-79,6.6,Female,Non-Hispanic Black,37.2,Obesity class 2-3 (35+),7.44,114.33333333333333,76.33333333333333,0,0,No hypertension,0
119323,47,40-59,4.7,Male,Other/Multiracial,29.6,Overweight (25-29.9),5.92,105.66666666666667,61.666666666666664,0,0,No hypertension,0
119324,69,60-79,6.9,Male,Other Hispanic,27.9,Overweight (25-29.9),5.58,120.33333333333333,68.33333333333333,1,1,Hypertension,1
119325,71,60-79,7.1,Male,Other/Multiracial,37.3,Obesity class 2-3 (35+),7.459999999999999,117,63.666666666666664,0,0,No hypertension,0
119326,48,40-59,4.8,Female,Non-Hispanic Asian,27.8,Overweight (25-29.9),5.5600000000000005,123,77.33333333333333,0,0,No hypertension,0
119328,25,21-39,2.5,Female,Other/Multiracial,23.6,Healthy weight (18.5-24.9),4.720000000000001,115.33333333333333,74.33333333333333,0,0,No hypertension,0
119334,24,21-39,2.4,Female,Other Hispanic,21,Healthy weight (18.5-24.9),4.2,111.66666666666667,65,0,0,No hypertension,0
119337,75,60-79,7.5,Female,Non-Hispanic White,30.7,Obesity class 1 (30-34.9),6.14,123.66666666666667,60.333333333333336,1,1,Hypertension,1
119340,31,21-39,3.1,Male,Other Hispanic,30.4,Obesity class 1 (30-34.9),6.08,114.33333333333333,66,0,0,No hypertension,0
119343,52,40-59,5.2,Male,Non-Hispanic Black,29.9,Overweight (25-29.9),5.9799999999999995,162,100.66666666666667,0,1,Hypertension,1
119345,36,21-39,3.6,Male,Non-Hispanic White,22.3,Healthy weight (18.5-24.9),4.46,125,76,0,0,No hypertension,0
119348,69,60-79,6.9,Male,Non-Hispanic White,16.7,Underweight (<18.5),3.34,103.33333333333333,68,0,0,No hypertension,0
119349,74,60-79,7.4,Female,Non-Hispanic White,33.4,Obesity class 1 (30-34.9),6.68,116.33333333333333,70,0,0,No hypertension,0
119350,56,40-59,5.6,Female,Mexican American,19,Healthy weight (18.5-24.9),3.8,96,60.666666666666664,0,0,No hypertension,0
119353,52,40-59,5.2,Female,Non-Hispanic Asian,24.6,Healthy weight (18.5-24.9),4.92,113.33333333333333,66.66666666666667,0,0,No hypertension,0
119354,34,21-39,3.4,Female,Non-Hispanic Black,52.9,Obesity class 2-3 (35+),10.58,126,88.33333333333333,0,1,Hypertension,0
119355,38,21-39,3.8,Male,Other Hispanic,30.3,Obesity class 1 (30-34.9),6.0600000000000005,119,75.33333333333333,0,0,No hypertension,0
119356,64,60-79,6.4,Male,Non-Hispanic White,21.9,Healthy weight (18.5-24.9),4.38,118,66.66666666666667,0,0,No hypertension,0
119358,51,40-59,5.1,Male,Non-Hispanic Asian,27.5,Overweight (25-29.9),5.5,101.33333333333333,64,1,1,Hypertension,1
119360,60,60-79,6,Female,Mexican American,29.8,Overweight (25-29.9),5.96,126.66666666666667,74.33333333333333,1,1,Hypertension,1
119361,72,60-79,7.2,Male,Non-Hispanic White,28.3,Overweight (25-29.9),5.66,131.33333333333334,73.66666666666667,1,1,Hypertension,1
119363,70,60-79,7,Male,Non-Hispanic Asian,21.7,Healthy weight (18.5-24.9),4.34,140.33333333333334,85.33333333333333,1,1,Hypertension,1
119365,56,40-59,5.6,Female,Non-Hispanic White,27.4,Overweight (25-29.9),5.4799999999999995,136.66666666666666,88.33333333333333,1,1,Hypertension,1
119367,75,60-79,7.5,Male,Non-Hispanic Asian,24.6,Healthy weight (18.5-24.9),4.92,150,77,1,1,Hypertension,1
119369,73,60-79,7.3,Male,Non-Hispanic White,28.4,Overweight (25-29.9),5.68,147.33333333333334,73.66666666666667,1,1,Hypertension,1
119370,63,60-79,6.3,Female,Non-Hispanic White,44.7,Obesity class 2-3 (35+),8.940000000000001,109.33333333333333,60.666666666666664,1,1,Hypertension,1
119372,63,60-79,6.3,Male,Non-Hispanic Black,26.3,Overweight (25-29.9),5.26,157,102.33333333333333,1,1,Hypertension,1
119375,31,21-39,3.1,Female,Non-Hispanic Asian,23.4,Healthy weight (18.5-24.9),4.68,119.33333333333333,73.66666666666667,0,0,No hypertension,0
119376,53,40-59,5.3,Female,Non-Hispanic Asian,24.3,Healthy weight (18.5-24.9),4.86,155.66666666666666,101,0,1,Hypertension,1
119381,67,60-79,6.7,Female,Other/Multiracial,25.2,Overweight (25-29.9),5.04,143.66666666666666,81.33333333333333,0,1,Hypertension,1
119382,63,60-79,6.3,Male,Non-Hispanic White,23.1,Healthy weight (18.5-24.9),4.62,121.33333333333333,74.33333333333333,0,0,No hypertension,0
119383,34,21-39,3.4,Female,Non-Hispanic White,45.5,Obesity class 2-3 (35+),9.1,100.33333333333333,70.33333333333333,0,0,No hypertension,0
119385,43,40-59,4.3,Female,Other/Multiracial,33.1,Obesity class 1 (30-34.9),6.62,114,90,0,1,Hypertension,1
119386,37,21-39,3.7,Female,Non-Hispanic Black,42,Obesity class 2-3 (35+),8.4,115.66666666666667,76,0,0,No hypertension,0
119391,74,60-79,7.4,Male,Other Hispanic,34.8,Obesity class 1 (30-34.9),6.959999999999999,177,101,1,1,Hypertension,1
119393,54,40-59,5.4,Male,Other Hispanic,28.7,Overweight (25-29.9),5.74,114,72.33333333333333,0,0,No hypertension,0
119394,37,21-39,3.7,Female,Other/Multiracial,38.7,Obesity class 2-3 (35+),7.74,115,73.33333333333333,0,0,No hypertension,0
119399,79,60-79,7.9,Female,Non-Hispanic White,25.2,Overweight (25-29.9),5.04,111,65.66666666666667,1,1,Hypertension,1
119400,45,40-59,4.5,Male,Non-Hispanic Black,41.3,Obesity class 2-3 (35+),8.26,128,80.33333333333333,1,1,Hypertension,1
119403,79,60-79,7.9,Male,Non-Hispanic White,28.2,Overweight (25-29.9),5.64,141.66666666666666,67.66666666666667,0,1,Hypertension,1
119405,55,40-59,5.5,Female,Other Hispanic,29.2,Overweight (25-29.9),5.84,180,106.66666666666667,0,1,Hypertension,1
119407,57,40-59,5.7,Male,Non-Hispanic Black,23.5,Healthy weight (18.5-24.9),4.7,155.66666666666666,84,1,1,Hypertension,1
119413,48,40-59,4.8,Male,Non-Hispanic White,37.1,Obesity class 2-3 (35+),7.42,116.33333333333333,73,0,0,No hypertension,0
119417,58,40-59,5.8,Female,Non-Hispanic Black,30.2,Obesity class 1 (30-34.9),6.04,115.33333333333333,62.666666666666664,1,1,Hypertension,1
119418,33,21-39,3.3,Male,Non-Hispanic Asian,33.1,Obesity class 1 (30-34.9),6.62,123.33333333333333,78.33333333333333,1,1,Hypertension,1
119421,38,21-39,3.8,Female,Non-Hispanic Asian,26.2,Overweight (25-29.9),5.24,97.66666666666667,55,0,0,No hypertension,0
119422,52,40-59,5.2,Female,Non-Hispanic White,18.2,Underweight (<18.5),3.6399999999999997,117,72.66666666666667,0,0,No hypertension,0
119423,54,40-59,5.4,Female,Non-Hispanic White,40.9,Obesity class 2-3 (35+),8.18,88.66666666666667,50,1,1,Hypertension,1
119427,67,60-79,6.7,Female,Mexican American,40.6,Obesity class 2-3 (35+),8.120000000000001,139.33333333333334,73,1,1,Hypertension,1
119428,38,21-39,3.8,Female,Other Hispanic,33.5,Obesity class 1 (30-34.9),6.7,120.66666666666667,89.33333333333333,0,1,Hypertension,0
119429,26,21-39,2.6,Female,Non-Hispanic Black,38.3,Obesity class 2-3 (35+),7.659999999999999,106,70.66666666666667,0,0,No hypertension,0
119433,71,60-79,7.1,Male,Non-Hispanic Black,27.4,Overweight (25-29.9),5.4799999999999995,105.33333333333333,67,1,1,Hypertension,1
119434,75,60-79,7.5,Male,Mexican American,26.7,Overweight (25-29.9),5.34,155,76.66666666666667,1,1,Hypertension,1
119435,66,60-79,6.6,Female,Non-Hispanic White,19.8,Healthy weight (18.5-24.9),3.96,131.33333333333334,64,0,1,Hypertension,0
119437,48,40-59,4.8,Female,Mexican American,26.8,Overweight (25-29.9),5.36,90.66666666666667,52.333333333333336,0,0,No hypertension,0
119438,27,21-39,2.7,Male,Non-Hispanic Asian,31.2,Obesity class 1 (30-34.9),6.24,128.33333333333334,82,0,1,Hypertension,0
119441,68,60-79,6.8,Female,Other Hispanic,27.9,Overweight (25-29.9),5.58,150.66666666666666,67.66666666666667,1,1,Hypertension,1
119442,40,40-59,4,Male,Other Hispanic,35.3,Obesity class 2-3 (35+),7.06,125.33333333333333,87.33333333333333,0,1,Hypertension,0
119444,62,60-79,6.2,Male,Other Hispanic,26.5,Overweight (25-29.9),5.3,117.66666666666667,65.66666666666667,0,0,No hypertension,0
119447,64,60-79,6.4,Male,Non-Hispanic Black,26.5,Overweight (25-29.9),5.3,133,83.66666666666667,1,1,Hypertension,1
119450,67,60-79,6.7,Male,Other/Multiracial,26.7,Overweight (25-29.9),5.34,104.66666666666667,70,0,0,No hypertension,0
119451,68,60-79,6.8,Male,Non-Hispanic White,31.7,Obesity class 1 (30-34.9),6.34,121.33333333333333,69.66666666666667,0,0,No hypertension,0
119453,39,21-39,3.9,Female,Non-Hispanic Asian,23.6,Healthy weight (18.5-24.9),4.720000000000001,111,66,0,0,No hypertension,0
119455,63,60-79,6.3,Female,Non-Hispanic White,32.5,Obesity class 1 (30-34.9),6.5,164.66666666666666,101,0,1,Hypertension,1
119456,56,40-59,5.6,Female,Non-Hispanic Black,28.1,Overweight (25-29.9),5.62,130.66666666666666,77,0,1,Hypertension,0
119461,53,40-59,5.3,Male,Non-Hispanic Asian,22.9,Healthy weight (18.5-24.9),4.58,131,76,0,1,Hypertension,0
119462,35,21-39,3.5,Female,Non-Hispanic Asian,33.2,Obesity class 1 (30-34.9),6.640000000000001,97.33333333333333,62.666666666666664,0,0,No hypertension,0
119465,67,60-79,6.7,Female,Non-Hispanic Black,20.9,Healthy weight (18.5-24.9),4.18,151,84,0,1,Hypertension,1
119466,61,60-79,6.1,Male,Mexican American,26.3,Overweight (25-29.9),5.26,119,70.66666666666667,0,0,No hypertension,0
119467,21,21-39,2.1,Female,Mexican American,21.6,Healthy weight (18.5-24.9),4.32,103.33333333333333,59.333333333333336,0,0,No hypertension,0
119470,39,21-39,3.9,Female,Non-Hispanic Asian,20.6,Healthy weight (18.5-24.9),4.12,125.33333333333333,81,0,1,Hypertension,0
119478,51,40-59,5.1,Male,Other/Multiracial,34.2,Obesity class 1 (30-34.9),6.840000000000001,126.33333333333333,78,1,1,Hypertension,1
119480,34,21-39,3.4,Female,Non-Hispanic Asian,24,Healthy weight (18.5-24.9),4.8,104.66666666666667,67.33333333333333,0,0,No hypertension,0
119481,36,21-39,3.6,Female,Non-Hispanic White,29.4,Overweight (25-29.9),5.88,105.66666666666667,67.66666666666667,0,0,No hypertension,0
119483,38,21-39,3.8,Male,Non-Hispanic Asian,23.7,Healthy weight (18.5-24.9),4.74,145.66666666666666,99.66666666666667,0,1,Hypertension,1
119484,21,21-39,2.1,Female,Other Hispanic,29.9,Overweight (25-29.9),5.9799999999999995,108.33333333333333,66.33333333333333,0,0,No hypertension,0
119485,21,21-39,2.1,Female,Non-Hispanic White,38.1,Obesity class 2-3 (35+),7.62,109,72,0,0,No hypertension,0
119486,62,60-79,6.2,Female,Non-Hispanic Black,15,Underweight (<18.5),3,114.33333333333333,75.33333333333333,0,0,No hypertension,0
119487,52,40-59,5.2,Female,Other/Multiracial,26.3,Overweight (25-29.9),5.26,125.33333333333333,71.66666666666667,0,0,No hypertension,0
119488,30,21-39,3,Male,Other Hispanic,35,Obesity class 2-3 (35+),7,135.33333333333334,87.33333333333333,0,1,Hypertension,0
119489,59,40-59,5.9,Female,Non-Hispanic White,28,Overweight (25-29.9),5.6,96.33333333333333,66,1,1,Hypertension,1
119491,79,60-79,7.9,Male,Non-Hispanic White,21.1,Healthy weight (18.5-24.9),4.220000000000001,139,86.66666666666667,1,1,Hypertension,1
119497,24,21-39,2.4,Male,Mexican American,24.4,Healthy weight (18.5-24.9),4.88,133.33333333333334,83.33333333333333,0,1,Hypertension,0
119499,48,40-59,4.8,Male,Mexican American,28.8,Overweight (25-29.9),5.76,114,69.66666666666667,0,0,No hypertension,0
119500,45,40-59,4.5,Male,Non-Hispanic Black,29.8,Overweight (25-29.9),5.96,121.33333333333333,69.66666666666667,0,0,No hypertension,0
119501,39,21-39,3.9,Female,Mexican American,31.5,Obesity class 1 (30-34.9),6.3,133,89.66666666666667,0,1,Hypertension,0
119503,50,40-59,5,Male,Non-Hispanic Black,29.2,Overweight (25-29.9),5.84,112,68,0,0,No hypertension,0
119504,44,40-59,4.4,Male,Non-Hispanic White,30.6,Obesity class 1 (30-34.9),6.12,123.33333333333333,75.66666666666667,0,0,No hypertension,0
119507,56,40-59,5.6,Male,Mexican American,25,Overweight (25-29.9),5,126,76.33333333333333,0,0,No hypertension,0
119508,37,21-39,3.7,Female,Non-Hispanic Black,19.7,Healthy weight (18.5-24.9),3.94,110,64,0,0,No hypertension,0
119510,56,40-59,5.6,Male,Non-Hispanic White,33.4,Obesity class 1 (30-34.9),6.68,145,88.66666666666667,1,1,Hypertension,1
119512,71,60-79,7.1,Male,Non-Hispanic Black,24.4,Healthy weight (18.5-24.9),4.88,142.66666666666666,71,1,1,Hypertension,1
119519,67,60-79,6.7,Female,Non-Hispanic Black,47.1,Obesity class 2-3 (35+),9.42,138.66666666666666,62,1,1,Hypertension,1
119521,25,21-39,2.5,Female,Other/Multiracial,28.2,Overweight (25-29.9),5.64,100.33333333333333,68,0,0,No hypertension,0
119523,25,21-39,2.5,Female,Non-Hispanic Black,23.6,Healthy weight (18.5-24.9),4.720000000000001,106.66666666666667,66.66666666666667,0,0,No hypertension,0
119526,55,40-59,5.5,Male,Non-Hispanic Asian,22.8,Healthy weight (18.5-24.9),4.5600000000000005,108.33333333333333,63.666666666666664,0,0,No hypertension,0
119532,60,60-79,6,Male,Non-Hispanic Black,31.8,Obesity class 1 (30-34.9),6.36,135.66666666666666,75,1,1,Hypertension,1
119533,33,21-39,3.3,Male,Non-Hispanic Asian,27.4,Overweight (25-29.9),5.4799999999999995,108,63.666666666666664,0,0,No hypertension,0
119537,22,21-39,2.2,Male,Mexican American,19.4,Healthy weight (18.5-24.9),3.88,104.66666666666667,60.333333333333336,0,0,No hypertension,0
119540,70,60-79,7,Male,Non-Hispanic White,28.2,Overweight (25-29.9),5.64,112.66666666666667,73.66666666666667,0,0,No hypertension,0
119541,49,40-59,4.9,Female,Non-Hispanic White,31.5,Obesity class 1 (30-34.9),6.3,101.33333333333333,62.333333333333336,1,1,Hypertension,1
119543,54,40-59,5.4,Male,Non-Hispanic White,20.1,Healthy weight (18.5-24.9),4.0200000000000005,146.33333333333334,87.66666666666667,0,1,Hypertension,1
119545,44,40-59,4.4,Male,Non-Hispanic Black,51.6,Obesity class 2-3 (35+),10.32,141.33333333333334,100,0,1,Hypertension,1
119547,62,60-79,6.2,Male,Non-Hispanic White,32.7,Obesity class 1 (30-34.9),6.540000000000001,108,58.666666666666664,0,0,No hypertension,0
119548,76,60-79,7.6,Female,Other Hispanic,26.9,Overweight (25-29.9),5.38,95,51,1,1,Hypertension,1
119549,27,21-39,2.7,Female,Non-Hispanic White,45.5,Obesity class 2-3 (35+),9.1,103,74.66666666666667,0,0,No hypertension,0
119551,49,40-59,4.9,Male,Mexican American,29.7,Overweight (25-29.9),5.9399999999999995,117.33333333333333,73,0,0,No hypertension,0
119554,73,60-79,7.3,Female,Non-Hispanic White,48.5,Obesity class 2-3 (35+),9.7,127,83,0,1,Hypertension,0
119556,52,40-59,5.2,Female,Non-Hispanic Black,19.2,Healthy weight (18.5-24.9),3.84,131.66666666666666,71.33333333333333,0,1,Hypertension,0
119557,22,21-39,2.2,Male,Other Hispanic,31.2,Obesity class 1 (30-34.9),6.24,109,63.666666666666664,0,0,No hypertension,0
119559,54,40-59,5.4,Male,Mexican American,29.9,Overweight (25-29.9),5.9799999999999995,145.66666666666666,75,0,1,Hypertension,1
119561,59,40-59,5.9,Male,Other/Multiracial,33,Obesity class 1 (30-34.9),6.6,138.33333333333334,91.33333333333333,0,1,Hypertension,1
119563,62,60-79,6.2,Male,Other Hispanic,28,Overweight (25-29.9),5.6,128.66666666666666,80.33333333333333,0,1,Hypertension,0
119565,56,40-59,5.6,Female,Non-Hispanic White,23.2,Healthy weight (18.5-24.9),4.64,96,62,1,1,Hypertension,1
119567,69,60-79,6.9,Female,Non-Hispanic White,39.4,Obesity class 2-3 (35+),7.88,130.66666666666666,99,1,1,Hypertension,1
119571,52,40-59,5.2,Female,Non-Hispanic White,37.9,Obesity class 2-3 (35+),7.58,113.33333333333333,76.66666666666667,0,0,No hypertension,0
119572,56,40-59,5.6,Female,Non-Hispanic Black,25.3,Overweight (25-29.9),5.0600000000000005,158,76.66666666666667,0,1,Hypertension,1
119575,28,21-39,2.8,Male,Mexican American,26.3,Overweight (25-29.9),5.26,140.33333333333334,95,0,1,Hypertension,1
119579,29,21-39,2.9,Female,Non-Hispanic Black,50.5,Obesity class 2-3 (35+),10.1,97.33333333333333,70.66666666666667,0,0,No hypertension,0
119580,27,21-39,2.7,Female,Mexican American,21,Healthy weight (18.5-24.9),4.2,87.33333333333333,57.666666666666664,0,0,No hypertension,0
119583,22,21-39,2.2,Female,Non-Hispanic Asian,23.1,Healthy weight (18.5-24.9),4.62,98.33333333333333,61.666666666666664,0,0,No hypertension,0
119584,51,40-59,5.1,Male,Non-Hispanic Black,30.2,Obesity class 1 (30-34.9),6.04,110,70.33333333333333,1,1,Hypertension,1
119585,63,60-79,6.3,Female,Non-Hispanic Black,38.8,Obesity class 2-3 (35+),7.76,142.66666666666666,82.66666666666667,0,1,Hypertension,1
119586,62,60-79,6.2,Male,Non-Hispanic Black,30.1,Obesity class 1 (30-34.9),6.0200000000000005,145.33333333333334,93.66666666666667,0,1,Hypertension,1
119587,70,60-79,7,Male,Non-Hispanic Black,19.7,Healthy weight (18.5-24.9),3.94,153,82.33333333333333,1,1,Hypertension,1
119588,58,40-59,5.8,Male,Non-Hispanic White,30.5,Obesity class 1 (30-34.9),6.1,134.66666666666666,81.66666666666667,0,1,Hypertension,0
119589,24,21-39,2.4,Female,Other/Multiracial,29.1,Overweight (25-29.9),5.82,113,73,0,0,No hypertension,0
119590,44,40-59,4.4,Female,Mexican American,26.4,Overweight (25-29.9),5.279999999999999,108,69.66666666666667,0,0,No hypertension,0
119591,69,60-79,6.9,Female,Non-Hispanic White,35.2,Obesity class 2-3 (35+),7.040000000000001,190.33333333333334,92.33333333333333,0,1,Hypertension,1
119593,59,40-59,5.9,Female,Non-Hispanic White,48.1,Obesity class 2-3 (35+),9.620000000000001,124.66666666666667,78.33333333333333,0,0,No hypertension,0
119594,47,40-59,4.7,Male,Non-Hispanic Asian,26.9,Overweight (25-29.9),5.38,109,78,0,0,No hypertension,0
119595,51,40-59,5.1,Male,Non-Hispanic Black,36,Obesity class 2-3 (35+),7.2,136,81.66666666666667,1,1,Hypertension,1
119597,47,40-59,4.7,Male,Non-Hispanic White,26.9,Overweight (25-29.9),5.38,119.33333333333333,80,0,1,Hypertension,0
119600,49,40-59,4.9,Female,Non-Hispanic White,22.1,Healthy weight (18.5-24.9),4.42,105,68.66666666666667,0,0,No hypertension,0
119603,25,21-39,2.5,Male,Non-Hispanic Black,24.4,Healthy weight (18.5-24.9),4.88,107,57.666666666666664,0,0,No hypertension,0
119604,37,21-39,3.7,Male,Non-Hispanic White,25.6,Overweight (25-29.9),5.12,113,67,0,0,No hypertension,0
119606,60,60-79,6,Male,Non-Hispanic Black,21.8,Healthy weight (18.5-24.9),4.36,114,67,0,0,No hypertension,0
119608,24,21-39,2.4,Female,Non-Hispanic Black,38.9,Obesity class 2-3 (35+),7.779999999999999,108.33333333333333,73.66666666666667,0,0,No hypertension,0
119609,24,21-39,2.4,Female,Non-Hispanic White,57,Obesity class 2-3 (35+),11.4,111.33333333333333,80.66666666666667,0,1,Hypertension,0
119613,28,21-39,2.8,Female,Non-Hispanic White,24.8,Healthy weight (18.5-24.9),4.96,113.66666666666667,78.66666666666667,0,0,No hypertension,0
119617,66,60-79,6.6,Female,Non-Hispanic White,24.2,Healthy weight (18.5-24.9),4.84,141.33333333333334,80,0,1,Hypertension,1
119618,61,60-79,6.1,Male,Other Hispanic,28.7,Overweight (25-29.9),5.74,125.33333333333333,65,1,1,Hypertension,1
119619,37,21-39,3.7,Male,Other/Multiracial,33.1,Obesity class 1 (30-34.9),6.62,113.66666666666667,69,0,0,No hypertension,0
119621,32,21-39,3.2,Male,Non-Hispanic White,33.6,Obesity class 1 (30-34.9),6.720000000000001,134.66666666666666,86.33333333333333,0,1,Hypertension,0
119622,47,40-59,4.7,Female,Other Hispanic,45.6,Obesity class 2-3 (35+),9.120000000000001,119,84,1,1,Hypertension,1
119623,33,21-39,3.3,Male,Non-Hispanic Black,25.3,Overweight (25-29.9),5.0600000000000005,112.33333333333333,60.666666666666664,0,0,No hypertension,0
119624,48,40-59,4.8,Male,Non-Hispanic Black,37.9,Obesity class 2-3 (35+),7.58,146.33333333333334,98.33333333333333,0,1,Hypertension,1
119626,33,21-39,3.3,Male,Non-Hispanic White,21.6,Healthy weight (18.5-24.9),4.32,117.66666666666667,69.33333333333333,0,0,No hypertension,0
119627,48,40-59,4.8,Female,Other/Multiracial,29,Overweight (25-29.9),5.8,124.66666666666667,85.66666666666667,0,1,Hypertension,0
119628,46,40-59,4.6,Female,Mexican American,30.8,Obesity class 1 (30-34.9),6.16,121.66666666666667,78.33333333333333,0,0,No hypertension,0
119629,73,60-79,7.3,Male,Non-Hispanic White,31.2,Obesity class 1 (30-34.9),6.24,130,77.33333333333333,0,1,Hypertension,0
119630,55,40-59,5.5,Female,Mexican American,26.1,Overweight (25-29.9),5.220000000000001,126.66666666666667,77,0,0,No hypertension,0
119631,51,40-59,5.1,Female,Non-Hispanic White,34.7,Obesity class 1 (30-34.9),6.94,128.66666666666666,83.33333333333333,1,1,Hypertension,1
119632,68,60-79,6.8,Female,Other Hispanic,27.2,Overweight (25-29.9),5.4399999999999995,161.33333333333334,81.33333333333333,1,1,Hypertension,1
119634,56,40-59,5.6,Male,Non-Hispanic Black,28.9,Overweight (25-29.9),5.779999999999999,146,91,0,1,Hypertension,1
119636,64,60-79,6.4,Female,Other/Multiracial,32.5,Obesity class 1 (30-34.9),6.5,122,73.66666666666667,1,1,Hypertension,1
119637,65,60-79,6.5,Female,Non-Hispanic Black,42.8,Obesity class 2-3 (35+),8.559999999999999,139,93.33333333333333,1,1,Hypertension,1
119641,24,21-39,2.4,Male,Non-Hispanic Asian,20.3,Healthy weight (18.5-24.9),4.0600000000000005,124,76,0,0,No hypertension,0
119642,59,40-59,5.9,Female,Non-Hispanic White,37.9,Obesity class 2-3 (35+),7.58,112,72.33333333333333,0,0,No hypertension,0
119644,53,40-59,5.3,Male,Non-Hispanic Black,33.4,Obesity class 1 (30-34.9),6.68,120,79.66666666666667,1,1,Hypertension,1
119645,47,40-59,4.7,Female,Non-Hispanic White,39.1,Obesity class 2-3 (35+),7.82,129.66666666666666,93.66666666666667,0,1,Hypertension,1
119646,36,21-39,3.6,Female,Non-Hispanic White,30,Obesity class 1 (30-34.9),6,109.33333333333333,63.333333333333336,0,0,No hypertension,0
119648,65,60-79,6.5,Female,Non-Hispanic Asian,26.8,Overweight (25-29.9),5.36,122,60.333333333333336,1,1,Hypertension,1
119653,29,21-39,2.9,Male,Mexican American,22.5,Healthy weight (18.5-24.9),4.5,110.66666666666667,63,0,0,No hypertension,0
119658,70,60-79,7,Male,Mexican American,35.8,Obesity class 2-3 (35+),7.159999999999999,108.66666666666667,49,1,1,Hypertension,1
119659,59,40-59,5.9,Female,Non-Hispanic White,35.8,Obesity class 2-3 (35+),7.159999999999999,178.33333333333334,96,0,1,Hypertension,1
119660,53,40-59,5.3,Male,Non-Hispanic White,25.1,Overweight (25-29.9),5.0200000000000005,117.33333333333333,70.66666666666667,1,1,Hypertension,1
119664,61,60-79,6.1,Male,Other Hispanic,38.5,Obesity class 2-3 (35+),7.7,145.33333333333334,97.33333333333333,1,1,Hypertension,1
119665,54,40-59,5.4,Female,Non-Hispanic White,36.4,Obesity class 2-3 (35+),7.279999999999999,118,77.33333333333333,0,0,No hypertension,0
119667,32,21-39,3.2,Male,Non-Hispanic Black,35.8,Obesity class 2-3 (35+),7.159999999999999,132.33333333333334,93.33333333333333,0,1,Hypertension,1
119668,38,21-39,3.8,Female,Non-Hispanic White,29.2,Overweight (25-29.9),5.84,110.33333333333333,76.66666666666667,0,0,No hypertension,0
119669,64,60-79,6.4,Female,Non-Hispanic Asian,26,Overweight (25-29.9),5.2,130.66666666666666,77,0,1,Hypertension,0
119670,52,40-59,5.2,Female,Non-Hispanic Black,33.4,Obesity class 1 (30-34.9),6.68,129.33333333333334,92.33333333333333,0,1,Hypertension,1
119672,24,21-39,2.4,Female,Non-Hispanic Black,38.8,Obesity class 2-3 (35+),7.76,108,80,0,1,Hypertension,0
119675,71,60-79,7.1,Male,Non-Hispanic Black,37.1,Obesity class 2-3 (35+),7.42,104,57,1,1,Hypertension,1
119676,24,21-39,2.4,Female,Non-Hispanic White,28.6,Overweight (25-29.9),5.720000000000001,107.33333333333333,59.666666666666664,0,0,No hypertension,0
119678,71,60-79,7.1,Male,Non-Hispanic Black,35.4,Obesity class 2-3 (35+),7.08,181,89.66666666666667,1,1,Hypertension,1
119679,35,21-39,3.5,Female,Non-Hispanic Asian,28.4,Overweight (25-29.9),5.68,100.66666666666667,59.666666666666664,0,0,No hypertension,0
119680,41,40-59,4.1,Male,Non-Hispanic Black,34.1,Obesity class 1 (30-34.9),6.82,126.66666666666667,92.66666666666667,1,1,Hypertension,1
119683,62,60-79,6.2,Female,Other/Multiracial,25.8,Overweight (25-29.9),5.16,138.66666666666666,77.66666666666667,0,1,Hypertension,0
119688,51,40-59,5.1,Female,Other Hispanic,26.7,Overweight (25-29.9),5.34,127,83.66666666666667,0,1,Hypertension,0
119689,36,21-39,3.6,Female,Other Hispanic,37.4,Obesity class 2-3 (35+),7.4799999999999995,107,78.66666666666667,0,0,No hypertension,0
119693,37,21-39,3.7,Female,Other/Multiracial,33.7,Obesity class 1 (30-34.9),6.74,104.66666666666667,75,0,0,No hypertension,0
119696,45,40-59,4.5,Female,Mexican American,35,Obesity class 2-3 (35+),7,106.66666666666667,61.333333333333336,0,0,No hypertension,0
119699,72,60-79,7.2,Female,Non-Hispanic Asian,29.1,Overweight (25-29.9),5.82,152,87.66666666666667,1,1,Hypertension,1
119700,53,40-59,5.3,Female,Non-Hispanic Black,28.6,Overweight (25-29.9),5.720000000000001,138.33333333333334,78,0,1,Hypertension,0
119703,40,40-59,4,Male,Non-Hispanic White,35.4,Obesity class 2-3 (35+),7.08,123,88,0,1,Hypertension,0
119711,67,60-79,6.7,Female,Non-Hispanic Black,29.2,Overweight (25-29.9),5.84,145.66666666666666,97.66666666666667,1,1,Hypertension,1
119716,73,60-79,7.3,Female,Non-Hispanic White,37.2,Obesity class 2-3 (35+),7.44,109.33333333333333,58,1,1,Hypertension,1
119727,24,21-39,2.4,Male,Non-Hispanic White,16.3,Underweight (<18.5),3.2600000000000002,109.33333333333333,69.33333333333333,0,0,No hypertension,0
119728,63,60-79,6.3,Male,Non-Hispanic Black,32.8,Obesity class 1 (30-34.9),6.56,132.66666666666666,84.66666666666667,1,1,Hypertension,1
119731,69,60-79,6.9,Male,Non-Hispanic White,36.1,Obesity class 2-3 (35+),7.220000000000001,133.33333333333334,73.33333333333333,1,1,Hypertension,1
119734,73,60-79,7.3,Male,Non-Hispanic White,28.3,Overweight (25-29.9),5.66,117.33333333333333,55.666666666666664,0,0,No hypertension,0
119737,22,21-39,2.2,Female,Mexican American,33.5,Obesity class 1 (30-34.9),6.7,100.33333333333333,66.33333333333333,0,0,No hypertension,0
119738,66,60-79,6.6,Male,Non-Hispanic Black,36.5,Obesity class 2-3 (35+),7.3,130.33333333333334,65,1,1,Hypertension,1
119742,35,21-39,3.5,Male,Non-Hispanic White,29.3,Overweight (25-29.9),5.86,121,77,0,0,No hypertension,0
119743,28,21-39,2.8,Male,Other/Multiracial,32.1,Obesity class 1 (30-34.9),6.42,119,74.33333333333333,0,0,No hypertension,0
119745,45,40-59,4.5,Female,Non-Hispanic Black,54.5,Obesity class 2-3 (35+),10.9,133.66666666666666,109,1,1,Hypertension,1
119746,58,40-59,5.8,Male,Other Hispanic,29.1,Overweight (25-29.9),5.82,111.33333333333333,68.33333333333333,0,0,No hypertension,0
119749,77,60-79,7.7,Female,Non-Hispanic Black,20,Healthy weight (18.5-24.9),4,151.33333333333334,68.33333333333333,1,1,Hypertension,1
119750,67,60-79,6.7,Female,Non-Hispanic Asian,22.1,Healthy weight (18.5-24.9),4.42,141,76.33333333333333,1,1,Hypertension,1
119751,72,60-79,7.2,Female,Non-Hispanic White,34,Obesity class 1 (30-34.9),6.8,128.66666666666666,70,1,1,Hypertension,1
119752,69,60-79,6.9,Female,Non-Hispanic White,31.9,Obesity class 1 (30-34.9),6.38,175.66666666666666,92,1,1,Hypertension,1
119753,46,40-59,4.6,Female,Non-Hispanic White,34.9,Obesity class 1 (30-34.9),6.9799999999999995,116.33333333333333,83.33333333333333,0,1,Hypertension,0
119755,75,60-79,7.5,Female,Non-Hispanic Asian,21,Healthy weight (18.5-24.9),4.2,165,73.33333333333333,0,1,Hypertension,1
119761,36,21-39,3.6,Male,Other Hispanic,28.7,Overweight (25-29.9),5.74,151.33333333333334,109.33333333333333,0,1,Hypertension,1
119762,62,60-79,6.2,Female,Non-Hispanic White,39.8,Obesity class 2-3 (35+),7.959999999999999,142.66666666666666,83,1,1,Hypertension,1
119766,61,60-79,6.1,Male,Non-Hispanic Asian,22.4,Healthy weight (18.5-24.9),4.4799999999999995,167.33333333333334,87.33333333333333,0,1,Hypertension,1
119768,54,40-59,5.4,Male,Non-Hispanic Black,27.9,Overweight (25-29.9),5.58,138.33333333333334,76.66666666666667,0,1,Hypertension,0
119769,70,60-79,7,Female,Non-Hispanic White,29.5,Overweight (25-29.9),5.9,152,77,1,1,Hypertension,1
119772,36,21-39,3.6,Male,Non-Hispanic White,25.1,Overweight (25-29.9),5.0200000000000005,117.66666666666667,79,0,0,No hypertension,0
119775,67,60-79,6.7,Female,Non-Hispanic Asian,22,Healthy weight (18.5-24.9),4.4,128.33333333333334,70,0,0,No hypertension,0
119779,67,60-79,6.7,Male,Other Hispanic,28.5,Overweight (25-29.9),5.7,180.33333333333334,84.66666666666667,1,1,Hypertension,1
119780,42,40-59,4.2,Female,Non-Hispanic White,48.9,Obesity class 2-3 (35+),9.78,121,87.33333333333333,0,1,Hypertension,0
119781,40,40-59,4,Male,Non-Hispanic White,33.3,Obesity class 1 (30-34.9),6.659999999999999,117,70,0,0,No hypertension,0
119785,47,40-59,4.7,Male,Non-Hispanic Black,44.3,Obesity class 2-3 (35+),8.86,138.66666666666666,88.66666666666667,0,1,Hypertension,0
119787,60,60-79,6,Male,Non-Hispanic Asian,28.2,Overweight (25-29.9),5.64,135.33333333333334,70.33333333333333,0,1,Hypertension,0
119791,66,60-79,6.6,Male,Non-Hispanic Black,20.4,Healthy weight (18.5-24.9),4.08,130.33333333333334,81.66666666666667,1,1,Hypertension,1
119795,67,60-79,6.7,Female,Non-Hispanic White,24.8,Healthy weight (18.5-24.9),4.96,131.33333333333334,71.66666666666667,0,1,Hypertension,0
119797,77,60-79,7.7,Male,Non-Hispanic White,37.2,Obesity class 2-3 (35+),7.44,116.66666666666667,68,1,1,Hypertension,1
119798,68,60-79,6.8,Male,Non-Hispanic White,32,Obesity class 1 (30-34.9),6.4,139.66666666666666,92,0,1,Hypertension,1
119799,70,60-79,7,Female,Non-Hispanic Asian,23,Healthy weight (18.5-24.9),4.6,146,71,0,1,Hypertension,1
119800,54,40-59,5.4,Male,Non-Hispanic White,39.8,Obesity class 2-3 (35+),7.959999999999999,103.66666666666667,74.66666666666667,1,1,Hypertension,1
119801,48,40-59,4.8,Female,Non-Hispanic Asian,32.8,Obesity class 1 (30-34.9),6.56,108,70.33333333333333,0,0,No hypertension,0
119802,27,21-39,2.7,Male,Non-Hispanic White,32.4,Obesity class 1 (30-34.9),6.4799999999999995,125.66666666666667,74,0,0,No hypertension,0
119806,56,40-59,5.6,Male,Mexican American,34.7,Obesity class 1 (30-34.9),6.94,136.66666666666666,80,0,1,Hypertension,0
119807,58,40-59,5.8,Male,Non-Hispanic White,29.9,Overweight (25-29.9),5.9799999999999995,127,76.33333333333333,1,1,Hypertension,1
119808,78,60-79,7.8,Male,Non-Hispanic Black,33.4,Obesity class 1 (30-34.9),6.68,140.66666666666666,68.66666666666667,1,1,Hypertension,1
119809,50,40-59,5,Female,Non-Hispanic White,40.1,Obesity class 2-3 (35+),8.02,129,90,1,1,Hypertension,1
119811,45,40-59,4.5,Male,Non-Hispanic Black,29.7,Overweight (25-29.9),5.9399999999999995,115.33333333333333,71.33333333333333,1,1,Hypertension,1
119813,60,60-79,6,Female,Non-Hispanic Black,23.9,Healthy weight (18.5-24.9),4.779999999999999,153.66666666666666,95.33333333333333,1,1,Hypertension,1
119814,71,60-79,7.1,Female,Non-Hispanic Black,28.1,Overweight (25-29.9),5.62,117.66666666666667,61.666666666666664,1,1,Hypertension,1
119817,50,40-59,5,Male,Non-Hispanic White,29.1,Overweight (25-29.9),5.82,110.66666666666667,68,0,0,No hypertension,0
119825,51,40-59,5.1,Female,Non-Hispanic White,25.2,Overweight (25-29.9),5.04,108,70.66666666666667,0,0,No hypertension,0
119829,35,21-39,3.5,Female,Non-Hispanic Black,31.1,Obesity class 1 (30-34.9),6.220000000000001,120,88.33333333333333,0,1,Hypertension,0
119830,33,21-39,3.3,Female,Non-Hispanic Black,20.9,Healthy weight (18.5-24.9),4.18,104,60.333333333333336,0,0,No hypertension,0
119833,39,21-39,3.9,Male,Non-Hispanic White,24.6,Healthy weight (18.5-24.9),4.92,113,69,0,0,No hypertension,0
119834,52,40-59,5.2,Male,Non-Hispanic White,34.4,Obesity class 1 (30-34.9),6.88,139.66666666666666,99,1,1,Hypertension,1
119839,68,60-79,6.8,Female,Other Hispanic,30.2,Obesity class 1 (30-34.9),6.04,147.33333333333334,84.66666666666667,1,1,Hypertension,1
119841,45,40-59,4.5,Female,Non-Hispanic White,32.7,Obesity class 1 (30-34.9),6.540000000000001,107.33333333333333,71.66666666666667,0,0,No hypertension,0
119842,40,40-59,4,Male,Non-Hispanic White,37.8,Obesity class 2-3 (35+),7.56,127.66666666666667,73.66666666666667,0,0,No hypertension,0
119843,58,40-59,5.8,Male,Non-Hispanic White,33.7,Obesity class 1 (30-34.9),6.74,120,75.33333333333333,0,0,No hypertension,0
119845,70,60-79,7,Male,Non-Hispanic White,27.9,Overweight (25-29.9),5.58,149.66666666666666,67.66666666666667,0,1,Hypertension,1
119848,56,40-59,5.6,Female,Other Hispanic,29.5,Overweight (25-29.9),5.9,126,76.66666666666667,0,0,No hypertension,0
119852,42,40-59,4.2,Male,Non-Hispanic Black,27.6,Overweight (25-29.9),5.5200000000000005,116,68,0,0,No hypertension,0
119854,46,40-59,4.6,Female,Non-Hispanic Asian,22.9,Healthy weight (18.5-24.9),4.58,110,66.33333333333333,0,0,No hypertension,0
119855,50,40-59,5,Male,Non-Hispanic Asian,25.9,Overweight (25-29.9),5.18,115,75.66666666666667,0,0,No hypertension,0
119859,25,21-39,2.5,Male,Non-Hispanic White,32.1,Obesity class 1 (30-34.9),6.42,109,71,0,0,No hypertension,0
119870,65,60-79,6.5,Male,Non-Hispanic Black,34.9,Obesity class 1 (30-34.9),6.9799999999999995,108.66666666666667,61,1,1,Hypertension,1
119871,39,21-39,3.9,Female,Non-Hispanic Black,47.6,Obesity class 2-3 (35+),9.52,138,98,1,1,Hypertension,1
119875,36,21-39,3.6,Female,Non-Hispanic White,20.6,Healthy weight (18.5-24.9),4.12,101.66666666666667,65.33333333333333,0,0,No hypertension,0
119876,60,60-79,6,Male,Non-Hispanic Asian,23.3,Healthy weight (18.5-24.9),4.66,116.66666666666667,73.33333333333333,1,1,Hypertension,1
119878,30,21-39,3,Female,Non-Hispanic Black,21.2,Healthy weight (18.5-24.9),4.24,91,48,0,0,No hypertension,0
119879,42,40-59,4.2,Female,Non-Hispanic White,23.5,Healthy weight (18.5-24.9),4.7,105.66666666666667,68,0,0,No hypertension,0
119880,25,21-39,2.5,Female,Non-Hispanic White,18.9,Healthy weight (18.5-24.9),3.78,98.66666666666667,61.333333333333336,0,0,No hypertension,0
119882,26,21-39,2.6,Female,Non-Hispanic Black,50.5,Obesity class 2-3 (35+),10.1,105,73.66666666666667,0,0,No hypertension,0
119883,61,60-79,6.1,Female,Non-Hispanic White,39.7,Obesity class 2-3 (35+),7.94,116.33333333333333,72.33333333333333,1,1,Hypertension,1
119885,58,40-59,5.8,Female,Non-Hispanic Black,37.8,Obesity class 2-3 (35+),7.56,146.33333333333334,90.66666666666667,1,1,Hypertension,1
119886,73,60-79,7.3,Female,Non-Hispanic Black,31.5,Obesity class 1 (30-34.9),6.3,167.66666666666666,61.333333333333336,0,1,Hypertension,1
119890,51,40-59,5.1,Female,Non-Hispanic White,32.9,Obesity class 1 (30-34.9),6.58,104.66666666666667,70.66666666666667,1,1,Hypertension,1
119891,30,21-39,3,Male,Non-Hispanic Black,25.8,Overweight (25-29.9),5.16,102.66666666666667,65.66666666666667,0,0,No hypertension,0
119892,24,21-39,2.4,Female,Non-Hispanic Black,34,Obesity class 1 (30-34.9),6.8,96.66666666666667,64.33333333333333,0,0,No hypertension,0
119896,43,40-59,4.3,Female,Non-Hispanic Black,32.1,Obesity class 1 (30-34.9),6.42,109.66666666666667,74.66666666666667,1,1,Hypertension,1
119897,32,21-39,3.2,Male,Non-Hispanic Black,27.9,Overweight (25-29.9),5.58,111.66666666666667,72.66666666666667,0,0,No hypertension,0
119898,28,21-39,2.8,Female,Non-Hispanic Black,18,Underweight (<18.5),3.6,132.66666666666666,85,0,1,Hypertension,0
119899,42,40-59,4.2,Male,Other/Multiracial,39,Obesity class 2-3 (35+),7.8,125.33333333333333,80.33333333333333,0,1,Hypertension,0
119901,30,21-39,3,Female,Non-Hispanic White,20.9,Healthy weight (18.5-24.9),4.18,106.66666666666667,71,0,0,No hypertension,0
119905,52,40-59,5.2,Male,Non-Hispanic Black,40.9,Obesity class 2-3 (35+),8.18,119.33333333333333,73.33333333333333,0,0,No hypertension,0
119907,22,21-39,2.2,Female,Other Hispanic,24.1,Healthy weight (18.5-24.9),4.82,100,61.666666666666664,0,0,No hypertension,0
119911,69,60-79,6.9,Male,Non-Hispanic White,38.7,Obesity class 2-3 (35+),7.74,147.66666666666666,75.66666666666667,1,1,Hypertension,1
119915,25,21-39,2.5,Male,Non-Hispanic Black,19,Healthy weight (18.5-24.9),3.8,103,55.666666666666664,0,0,No hypertension,0
119917,55,40-59,5.5,Male,Mexican American,28.6,Overweight (25-29.9),5.720000000000001,136.33333333333334,86,0,1,Hypertension,0
119918,68,60-79,6.8,Female,Non-Hispanic Black,29.5,Overweight (25-29.9),5.9,128.33333333333334,74.33333333333333,1,1,Hypertension,1
119923,69,60-79,6.9,Female,Non-Hispanic White,45.3,Obesity class 2-3 (35+),9.059999999999999,120.33333333333333,62.333333333333336,0,0,No hypertension,0
119928,58,40-59,5.8,Female,Non-Hispanic Asian,21.2,Healthy weight (18.5-24.9),4.24,147.66666666666666,85.33333333333333,1,1,Hypertension,1
119932,66,60-79,6.6,Male,Non-Hispanic White,26.2,Overweight (25-29.9),5.24,117,74.33333333333333,0,0,No hypertension,0
119934,79,60-79,7.9,Male,Non-Hispanic Asian,24.2,Healthy weight (18.5-24.9),4.84,134.66666666666666,70,1,1,Hypertension,1
119935,38,21-39,3.8,Female,Mexican American,25.6,Overweight (25-29.9),5.12,108.33333333333333,59.666666666666664,0,0,No hypertension,0
119936,30,21-39,3,Female,Non-Hispanic Asian,21.5,Healthy weight (18.5-24.9),4.3,96,66,0,0,No hypertension,0
119939,58,40-59,5.8,Male,Non-Hispanic Asian,29,Overweight (25-29.9),5.8,103,65.66666666666667,1,1,Hypertension,1
119940,63,60-79,6.3,Male,Non-Hispanic Black,28.2,Overweight (25-29.9),5.64,155.33333333333334,98.33333333333333,0,1,Hypertension,1
119944,65,60-79,6.5,Female,Non-Hispanic Black,58.2,Obesity class 2-3 (35+),11.64,140.33333333333334,92.66666666666667,1,1,Hypertension,1
119948,62,60-79,6.2,Male,Non-Hispanic White,26.5,Overweight (25-29.9),5.3,118.66666666666667,87,0,1,Hypertension,0
119950,37,21-39,3.7,Male,Non-Hispanic Black,19.3,Healthy weight (18.5-24.9),3.8600000000000003,105.66666666666667,65.66666666666667,0,0,No hypertension,0
119951,75,60-79,7.5,Male,Mexican American,27.6,Overweight (25-29.9),5.5200000000000005,136.33333333333334,76.33333333333333,1,1,Hypertension,1
119953,29,21-39,2.9,Female,Non-Hispanic Black,38.9,Obesity class 2-3 (35+),7.779999999999999,110.33333333333333,67.66666666666667,0,0,No hypertension,0
119958,30,21-39,3,Male,Non-Hispanic White,44.9,Obesity class 2-3 (35+),8.98,125.66666666666667,82,0,1,Hypertension,0
119959,59,40-59,5.9,Male,Non-Hispanic White,29.3,Overweight (25-29.9),5.86,122.33333333333333,78.66666666666667,0,0,No hypertension,0
119960,45,40-59,4.5,Female,Non-Hispanic Black,27.7,Overweight (25-29.9),5.54,109,68,0,0,No hypertension,0
119961,51,40-59,5.1,Male,Non-Hispanic White,22.4,Healthy weight (18.5-24.9),4.4799999999999995,104.66666666666667,66,0,0,No hypertension,0
119964,54,40-59,5.4,Male,Non-Hispanic Asian,18.8,Healthy weight (18.5-24.9),3.7600000000000002,125.66666666666667,76.66666666666667,0,0,No hypertension,0
119965,29,21-39,2.9,Male,Non-Hispanic White,18.6,Healthy weight (18.5-24.9),3.72,107.33333333333333,63,0,0,No hypertension,0
119966,66,60-79,6.6,Male,Non-Hispanic Black,26.2,Overweight (25-29.9),5.24,141,84.66666666666667,0,1,Hypertension,1
119968,70,60-79,7,Male,Non-Hispanic White,43.2,Obesity class 2-3 (35+),8.64,141,80.33333333333333,1,1,Hypertension,1
119969,48,40-59,4.8,Male,Non-Hispanic Asian,23.4,Healthy weight (18.5-24.9),4.68,121.33333333333333,76,0,0,No hypertension,0
119970,36,21-39,3.6,Female,Other Hispanic,21.3,Healthy weight (18.5-24.9),4.26,107.66666666666667,70.66666666666667,0,0,No hypertension,0
119978,29,21-39,2.9,Female,Non-Hispanic Black,42.2,Obesity class 2-3 (35+),8.440000000000001,162.66666666666666,97.66666666666667,1,1,Hypertension,1
119980,22,21-39,2.2,Male,Other/Multiracial,24,Healthy weight (18.5-24.9),4.8,119.33333333333333,68,0,0,No hypertension,0
119981,33,21-39,3.3,Female,Mexican American,20.7,Healthy weight (18.5-24.9),4.14,116,81.33333333333333,0,1,Hypertension,0
119984,41,40-59,4.1,Female,Non-Hispanic White,34.2,Obesity class 1 (30-34.9),6.840000000000001,125.33333333333333,87.33333333333333,0,1,Hypertension,0
119987,40,40-59,4,Male,Other/Multiracial,29.9,Overweight (25-29.9),5.9799999999999995,131,85.66666666666667,1,1,Hypertension,1
119989,33,21-39,3.3,Female,Non-Hispanic Black,26.5,Overweight (25-29.9),5.3,114.66666666666667,73,0,0,No hypertension,0
119994,55,40-59,5.5,Female,Other/Multiracial,22.3,Healthy weight (18.5-24.9),4.46,163,81.66666666666667,1,1,Hypertension,1
119996,53,40-59,5.3,Female,Non-Hispanic Black,28.1,Overweight (25-29.9),5.62,137.66666666666666,81,1,1,Hypertension,1
120000,29,21-39,2.9,Female,Other/Multiracial,42.7,Obesity class 2-3 (35+),8.540000000000001,105.33333333333333,80.66666666666667,0,1,Hypertension,0
120001,57,40-59,5.7,Female,Non-Hispanic Black,31.6,Obesity class 1 (30-34.9),6.32,140,94.33333333333333,1,1,Hypertension,1
120003,53,40-59,5.3,Male,Non-Hispanic Black,34.7,Obesity class 1 (30-34.9),6.94,117,74.66666666666667,0,0,No hypertension,0
120005,41,40-59,4.1,Male,Non-Hispanic Black,33.3,Obesity class 1 (30-34.9),6.659999999999999,122,76,0,0,No hypertension,0
120010,61,60-79,6.1,Female,Non-Hispanic White,44.8,Obesity class 2-3 (35+),8.959999999999999,122.33333333333333,69.66666666666667,1,1,Hypertension,1
120011,34,21-39,3.4,Male,Non-Hispanic Black,28.5,Overweight (25-29.9),5.7,133,84,0,1,Hypertension,0
120013,62,60-79,6.2,Male,Other Hispanic,39.5,Obesity class 2-3 (35+),7.9,161.66666666666666,96.33333333333333,1,1,Hypertension,1
120016,33,21-39,3.3,Male,Non-Hispanic White,42.9,Obesity class 2-3 (35+),8.58,135.66666666666666,89,0,1,Hypertension,0
120017,45,40-59,4.5,Female,Non-Hispanic Asian,30.9,Obesity class 1 (30-34.9),6.18,126.33333333333333,79.66666666666667,0,0,No hypertension,0
120018,30,21-39,3,Female,Non-Hispanic Black,42.2,Obesity class 2-3 (35+),8.440000000000001,120,79.66666666666667,0,0,No hypertension,0
120019,62,60-79,6.2,Female,Non-Hispanic Black,23.9,Healthy weight (18.5-24.9),4.779999999999999,140.33333333333334,84.33333333333333,1,1,Hypertension,1
120021,56,40-59,5.6,Female,Non-Hispanic Black,37.6,Obesity class 2-3 (35+),7.5200000000000005,148.66666666666666,80.66666666666667,0,1,Hypertension,1
120022,56,40-59,5.6,Male,Non-Hispanic White,22.4,Healthy weight (18.5-24.9),4.4799999999999995,146.33333333333334,78,0,1,Hypertension,1
120025,36,21-39,3.6,Female,Mexican American,29.5,Overweight (25-29.9),5.9,111.33333333333333,68,0,0,No hypertension,0
120026,60,60-79,6,Female,Non-Hispanic Asian,18.3,Underweight (<18.5),3.66,120,74.66666666666667,0,0,No hypertension,0
120027,36,21-39,3.6,Male,Non-Hispanic Black,26.2,Overweight (25-29.9),5.24,110.33333333333333,66.66666666666667,0,0,No hypertension,0
120029,28,21-39,2.8,Male,Non-Hispanic White,23.7,Healthy weight (18.5-24.9),4.74,105.33333333333333,56.333333333333336,0,0,No hypertension,0
120030,34,21-39,3.4,Male,Non-Hispanic Black,26,Overweight (25-29.9),5.2,138.33333333333334,78.66666666666667,0,1,Hypertension,0
120039,31,21-39,3.1,Male,Non-Hispanic White,24.8,Healthy weight (18.5-24.9),4.96,109.33333333333333,71,0,0,No hypertension,0
120040,67,60-79,6.7,Male,Non-Hispanic Black,38.1,Obesity class 2-3 (35+),7.62,142.66666666666666,80.66666666666667,1,1,Hypertension,1
120041,62,60-79,6.2,Male,Non-Hispanic Black,28.6,Overweight (25-29.9),5.720000000000001,141,90.33333333333333,1,1,Hypertension,1
120043,53,40-59,5.3,Male,Other Hispanic,27,Overweight (25-29.9),5.4,113,69.66666666666667,0,0,No hypertension,0
120048,23,21-39,2.3,Female,Non-Hispanic Black,21.4,Healthy weight (18.5-24.9),4.279999999999999,103.33333333333333,64.66666666666667,0,0,No hypertension,0
120049,75,60-79,7.5,Male,Non-Hispanic White,25.7,Overweight (25-29.9),5.14,168.66666666666666,88,0,1,Hypertension,1
120052,72,60-79,7.2,Male,Non-Hispanic White,32.5,Obesity class 1 (30-34.9),6.5,128,60.333333333333336,1,1,Hypertension,1
120053,23,21-39,2.3,Female,Mexican American,22.7,Healthy weight (18.5-24.9),4.54,92,47.666666666666664,0,0,No hypertension,0
120056,57,40-59,5.7,Female,Other Hispanic,31.5,Obesity class 1 (30-34.9),6.3,120,69.33333333333333,0,0,No hypertension,0
120062,68,60-79,6.8,Female,Non-Hispanic White,30,Obesity class 1 (30-34.9),6,174.66666666666666,88.33333333333333,1,1,Hypertension,1
120063,63,60-79,6.3,Male,Non-Hispanic White,23.2,Healthy weight (18.5-24.9),4.64,89.33333333333333,67.33333333333333,1,1,Hypertension,1
120064,70,60-79,7,Male,Non-Hispanic White,36.2,Obesity class 2-3 (35+),7.24,144.33333333333334,81.33333333333333,1,1,Hypertension,1
120065,23,21-39,2.3,Female,Other/Multiracial,21.6,Healthy weight (18.5-24.9),4.32,124.33333333333333,86.33333333333333,0,1,Hypertension,0
120067,67,60-79,6.7,Male,Non-Hispanic Black,20,Healthy weight (18.5-24.9),4,175.33333333333334,102.33333333333333,0,1,Hypertension,1
120068,21,21-39,2.1,Female,Other/Multiracial,26.5,Overweight (25-29.9),5.3,105.33333333333333,73,0,0,No hypertension,0
120069,23,21-39,2.3,Male,Mexican American,38.3,Obesity class 2-3 (35+),7.659999999999999,133.66666666666666,91.33333333333333,0,1,Hypertension,1
120071,29,21-39,2.9,Male,Non-Hispanic White,36.7,Obesity class 2-3 (35+),7.340000000000001,134.33333333333334,85,0,1,Hypertension,0
120076,45,40-59,4.5,Female,Non-Hispanic Black,46,Obesity class 2-3 (35+),9.2,105,69,0,0,No hypertension,0
120078,69,60-79,6.9,Female,Non-Hispanic Black,31.7,Obesity class 1 (30-34.9),6.34,129,80.33333333333333,0,1,Hypertension,0
120079,24,21-39,2.4,Female,Non-Hispanic White,27.7,Overweight (25-29.9),5.54,109.66666666666667,65,0,0,No hypertension,0
120080,61,60-79,6.1,Male,Other Hispanic,36.1,Obesity class 2-3 (35+),7.220000000000001,133.33333333333334,91.33333333333333,1,1,Hypertension,1
120082,36,21-39,3.6,Male,Non-Hispanic Black,26.3,Overweight (25-29.9),5.26,112.66666666666667,65.33333333333333,0,0,No hypertension,0
120084,33,21-39,3.3,Female,Non-Hispanic White,23.8,Healthy weight (18.5-24.9),4.76,94.33333333333333,62.666666666666664,0,0,No hypertension,0
120089,69,60-79,6.9,Male,Non-Hispanic Asian,28.6,Overweight (25-29.9),5.720000000000001,116,61,1,1,Hypertension,1
120090,45,40-59,4.5,Female,Mexican American,23.3,Healthy weight (18.5-24.9),4.66,136,85,0,1,Hypertension,0
120091,75,60-79,7.5,Female,Non-Hispanic Black,23.3,Healthy weight (18.5-24.9),4.66,124,78,1,1,Hypertension,1
120094,53,40-59,5.3,Male,Non-Hispanic White,35,Obesity class 2-3 (35+),7,96.66666666666667,64.33333333333333,0,0,No hypertension,0
120096,71,60-79,7.1,Female,Non-Hispanic Black,32,Obesity class 1 (30-34.9),6.4,122,76.33333333333333,1,1,Hypertension,1
120097,70,60-79,7,Female,Non-Hispanic Asian,24,Healthy weight (18.5-24.9),4.8,132.33333333333334,69.66666666666667,1,1,Hypertension,1
120101,21,21-39,2.1,Male,Non-Hispanic Black,22.4,Healthy weight (18.5-24.9),4.4799999999999995,115,74.66666666666667,0,0,No hypertension,0
120102,24,21-39,2.4,Male,Non-Hispanic Black,30.5,Obesity class 1 (30-34.9),6.1,125,68,0,0,No hypertension,0
120103,76,60-79,7.6,Male,Non-Hispanic White,29,Overweight (25-29.9),5.8,111.33333333333333,67.66666666666667,0,0,No hypertension,0
120104,38,21-39,3.8,Female,Mexican American,29.9,Overweight (25-29.9),5.9799999999999995,101.33333333333333,67.66666666666667,0,0,No hypertension,0
120105,24,21-39,2.4,Male,Non-Hispanic Black,62,Obesity class 2-3 (35+),12.4,103,73.33333333333333,0,0,No hypertension,0
120106,30,21-39,3,Female,Non-Hispanic Black,30.5,Obesity class 1 (30-34.9),6.1,107,62.333333333333336,0,0,No hypertension,0
120107,55,40-59,5.5,Male,Non-Hispanic Asian,24.3,Healthy weight (18.5-24.9),4.86,137.66666666666666,81.66666666666667,0,1,Hypertension,0
120109,77,60-79,7.7,Female,Non-Hispanic Asian,26.4,Overweight (25-29.9),5.279999999999999,187,73,1,1,Hypertension,1
120111,43,40-59,4.3,Male,Non-Hispanic White,33,Obesity class 1 (30-34.9),6.6,114.33333333333333,78.33333333333333,0,0,No hypertension,0
120115,46,40-59,4.6,Female,Mexican American,20,Healthy weight (18.5-24.9),4,95.66666666666667,62.666666666666664,0,0,No hypertension,0
120116,50,40-59,5,Male,Non-Hispanic Black,27.7,Overweight (25-29.9),5.54,140.66666666666666,84,1,1,Hypertension,1
120117,68,60-79,6.8,Male,Other Hispanic,33.6,Obesity class 1 (30-34.9),6.720000000000001,122.33333333333333,62.666666666666664,0,0,No hypertension,0
120118,61,60-79,6.1,Female,Non-Hispanic Black,28.5,Overweight (25-29.9),5.7,148.66666666666666,78,0,1,Hypertension,1
120119,62,60-79,6.2,Male,Non-Hispanic Asian,25.8,Overweight (25-29.9),5.16,103.66666666666667,54.666666666666664,1,1,Hypertension,1
120120,46,40-59,4.6,Male,Mexican American,27.8,Overweight (25-29.9),5.5600000000000005,112,54.666666666666664,0,0,No hypertension,0
120121,30,21-39,3,Male,Mexican American,32.6,Obesity class 1 (30-34.9),6.5200000000000005,125.66666666666667,88,0,1,Hypertension,0
120124,57,40-59,5.7,Male,Non-Hispanic White,21.4,Healthy weight (18.5-24.9),4.279999999999999,115.33333333333333,65.33333333333333,0,0,No hypertension,0
120126,33,21-39,3.3,Male,Other/Multiracial,68.2,Obesity class 2-3 (35+),13.64,120.66666666666667,86,0,1,Hypertension,0
120127,62,60-79,6.2,Female,Non-Hispanic White,32.2,Obesity class 1 (30-34.9),6.44,108.33333333333333,79.33333333333333,1,1,Hypertension,1
120129,37,21-39,3.7,Female,Other Hispanic,18.9,Healthy weight (18.5-24.9),3.78,110.33333333333333,65,0,0,No hypertension,0
120130,25,21-39,2.5,Female,Non-Hispanic Asian,38.1,Obesity class 2-3 (35+),7.62,103.33333333333333,72.66666666666667,0,0,No hypertension,0
120131,50,40-59,5,Male,Non-Hispanic White,18.4,Underweight (<18.5),3.6799999999999997,115.33333333333333,71.66666666666667,0,0,No hypertension,0
120136,68,60-79,6.8,Female,Non-Hispanic Asian,21.9,Healthy weight (18.5-24.9),4.38,123.33333333333333,74,0,0,No hypertension,0
120141,67,60-79,6.7,Male,Non-Hispanic White,30,Obesity class 1 (30-34.9),6,128.66666666666666,76.33333333333333,1,1,Hypertension,1
120142,45,40-59,4.5,Male,Non-Hispanic Black,22.8,Healthy weight (18.5-24.9),4.5600000000000005,108.33333333333333,61,0,0,No hypertension,0
120145,31,21-39,3.1,Male,Non-Hispanic Black,31.8,Obesity class 1 (30-34.9),6.36,120.66666666666667,58,0,0,No hypertension,0
120147,35,21-39,3.5,Male,Mexican American,25.5,Overweight (25-29.9),5.1,109.33333333333333,70.66666666666667,0,0,No hypertension,0
120149,42,40-59,4.2,Female,Non-Hispanic White,31.6,Obesity class 1 (30-34.9),6.32,96.66666666666667,67.66666666666667,0,0,No hypertension,0
120150,67,60-79,6.7,Male,Other Hispanic,27,Overweight (25-29.9),5.4,130.66666666666666,76.66666666666667,0,1,Hypertension,0
120152,21,21-39,2.1,Male,Other Hispanic,34.9,Obesity class 1 (30-34.9),6.9799999999999995,136.66666666666666,87.33333333333333,0,1,Hypertension,0
120154,23,21-39,2.3,Female,Non-Hispanic White,17.9,Underweight (<18.5),3.5799999999999996,96.33333333333333,63.333333333333336,0,0,No hypertension,0
120156,60,60-79,6,Male,Non-Hispanic White,21.7,Healthy weight (18.5-24.9),4.34,118,78,0,0,No hypertension,0
120158,66,60-79,6.6,Male,Non-Hispanic Black,31,Obesity class 1 (30-34.9),6.2,145.33333333333334,78.66666666666667,1,1,Hypertension,1
120160,27,21-39,2.7,Female,Non-Hispanic Black,39.2,Obesity class 2-3 (35+),7.840000000000001,115.33333333333333,74.33333333333333,0,0,No hypertension,0
120165,44,40-59,4.4,Male,Non-Hispanic White,18.1,Underweight (<18.5),3.62,117,73.33333333333333,0,0,No hypertension,0
120169,61,60-79,6.1,Male,Non-Hispanic Black,38.8,Obesity class 2-3 (35+),7.76,121.33333333333333,85.33333333333333,0,1,Hypertension,0
120173,49,40-59,4.9,Male,Non-Hispanic Black,40.3,Obesity class 2-3 (35+),8.059999999999999,160,98.33333333333333,1,1,Hypertension,1
120177,72,60-79,7.2,Female,Non-Hispanic Asian,25.8,Overweight (25-29.9),5.16,139.66666666666666,69,0,1,Hypertension,0
120178,33,21-39,3.3,Male,Mexican American,47.9,Obesity class 2-3 (35+),9.58,112.33333333333333,83.33333333333333,0,1,Hypertension,0
120179,23,21-39,2.3,Female,Non-Hispanic White,19.5,Healthy weight (18.5-24.9),3.9,112.33333333333333,78.33333333333333,0,0,No hypertension,0
120180,72,60-79,7.2,Female,Non-Hispanic White,39.4,Obesity class 2-3 (35+),7.88,128,68,1,1,Hypertension,1
120181,29,21-39,2.9,Female,Other Hispanic,27.2,Overweight (25-29.9),5.4399999999999995,107.66666666666667,73,0,0,No hypertension,0
120183,47,40-59,4.7,Male,Mexican American,38.8,Obesity class 2-3 (35+),7.76,123,81,1,1,Hypertension,1
120185,48,40-59,4.8,Male,Other Hispanic,39.4,Obesity class 2-3 (35+),7.88,115.33333333333333,81.33333333333333,0,1,Hypertension,0
120186,66,60-79,6.6,Male,Non-Hispanic Black,39,Obesity class 2-3 (35+),7.8,104.33333333333333,66.66666666666667,1,1,Hypertension,1
120188,30,21-39,3,Male,Non-Hispanic White,30.4,Obesity class 1 (30-34.9),6.08,105.66666666666667,69,0,0,No hypertension,0
120194,33,21-39,3.3,Female,Non-Hispanic Black,27.9,Overweight (25-29.9),5.58,175.33333333333334,122,1,1,Hypertension,1
120196,54,40-59,5.4,Female,Non-Hispanic White,28,Overweight (25-29.9),5.6,131.66666666666666,75.66666666666667,1,1,Hypertension,1
120197,58,40-59,5.8,Female,Non-Hispanic White,25,Overweight (25-29.9),5,124.33333333333333,83.66666666666667,0,1,Hypertension,0
120198,29,21-39,2.9,Male,Mexican American,38.7,Obesity class 2-3 (35+),7.74,123.33333333333333,85,0,1,Hypertension,0
120202,37,21-39,3.7,Male,Non-Hispanic White,30.8,Obesity class 1 (30-34.9),6.16,101.66666666666667,64.66666666666667,0,0,No hypertension,0
120203,41,40-59,4.1,Female,Non-Hispanic Black,30.8,Obesity class 1 (30-34.9),6.16,143.66666666666666,90.33333333333333,1,1,Hypertension,1
120204,55,40-59,5.5,Female,Non-Hispanic Black,38.1,Obesity class 2-3 (35+),7.62,166.66666666666666,77.33333333333333,1,1,Hypertension,1
120206,41,40-59,4.1,Male,Non-Hispanic Black,25.5,Overweight (25-29.9),5.1,148.33333333333334,86,0,1,Hypertension,1
120207,31,21-39,3.1,Male,Non-Hispanic Black,29.6,Overweight (25-29.9),5.92,121.33333333333333,74.33333333333333,0,0,No hypertension,0
120209,23,21-39,2.3,Male,Non-Hispanic White,38.8,Obesity class 2-3 (35+),7.76,120.33333333333333,80.33333333333333,0,1,Hypertension,0
120211,52,40-59,5.2,Female,Non-Hispanic Asian,28.7,Overweight (25-29.9),5.74,136,74.66666666666667,1,1,Hypertension,1
120212,61,60-79,6.1,Male,Non-Hispanic Black,29.9,Overweight (25-29.9),5.9799999999999995,138.33333333333334,93,1,1,Hypertension,1
120214,67,60-79,6.7,Female,Non-Hispanic White,19.2,Healthy weight (18.5-24.9),3.84,98.66666666666667,68.33333333333333,0,0,No hypertension,0
120218,65,60-79,6.5,Male,Non-Hispanic Black,35.2,Obesity class 2-3 (35+),7.040000000000001,142.66666666666666,79.66666666666667,1,1,Hypertension,1
120219,74,60-79,7.4,Male,Non-Hispanic Asian,29.7,Overweight (25-29.9),5.9399999999999995,102.66666666666667,59.333333333333336,1,1,Hypertension,1
120228,48,40-59,4.8,Male,Non-Hispanic Asian,23.6,Healthy weight (18.5-24.9),4.720000000000001,146,92.33333333333333,0,1,Hypertension,1
120229,43,40-59,4.3,Male,Other/Multiracial,26.7,Overweight (25-29.9),5.34,109.33333333333333,66.66666666666667,0,0,No hypertension,0
120231,33,21-39,3.3,Male,Other Hispanic,35.2,Obesity class 2-3 (35+),7.040000000000001,146,84,0,1,Hypertension,1
120239,23,21-39,2.3,Female,Non-Hispanic Black,32.1,Obesity class 1 (30-34.9),6.42,101.66666666666667,74.66666666666667,0,0,No hypertension,0
120241,75,60-79,7.5,Female,Non-Hispanic Black,36.7,Obesity class 2-3 (35+),7.340000000000001,135.33333333333334,70,1,1,Hypertension,1
120244,28,21-39,2.8,Male,Non-Hispanic Black,27.6,Overweight (25-29.9),5.5200000000000005,130,68.66666666666667,0,1,Hypertension,0
120246,34,21-39,3.4,Male,Non-Hispanic White,29.6,Overweight (25-29.9),5.92,128,79.33333333333333,0,0,No hypertension,0
120247,58,40-59,5.8,Male,Non-Hispanic Asian,22.9,Healthy weight (18.5-24.9),4.58,130,77,1,1,Hypertension,1
120248,69,60-79,6.9,Female,Non-Hispanic White,40.1,Obesity class 2-3 (35+),8.02,105,63,0,0,No hypertension,0
120249,35,21-39,3.5,Male,Non-Hispanic White,24.3,Healthy weight (18.5-24.9),4.86,100.33333333333333,53.666666666666664,0,0,No hypertension,0
120251,64,60-79,6.4,Female,Non-Hispanic White,33.9,Obesity class 1 (30-34.9),6.779999999999999,110.66666666666667,62.666666666666664,1,1,Hypertension,1
120252,58,40-59,5.8,Male,Non-Hispanic White,28.3,Overweight (25-29.9),5.66,123,79,1,1,Hypertension,1
120257,70,60-79,7,Male,Non-Hispanic White,28.7,Overweight (25-29.9),5.74,132,66.33333333333333,1,1,Hypertension,1
120258,59,40-59,5.9,Female,Other Hispanic,27.1,Overweight (25-29.9),5.42,128.33333333333334,72.66666666666667,1,1,Hypertension,1
120259,61,60-79,6.1,Female,Non-Hispanic Black,37.7,Obesity class 2-3 (35+),7.540000000000001,148.33333333333334,91,1,1,Hypertension,1
120262,40,40-59,4,Female,Non-Hispanic Black,29.8,Overweight (25-29.9),5.96,141.66666666666666,98.66666666666667,0,1,Hypertension,1
120268,47,40-59,4.7,Female,Mexican American,37.6,Obesity class 2-3 (35+),7.5200000000000005,144.66666666666666,85,1,1,Hypertension,1
120270,61,60-79,6.1,Male,Non-Hispanic White,25.2,Overweight (25-29.9),5.04,99.66666666666667,45.333333333333336,0,0,No hypertension,0
120273,55,40-59,5.5,Female,Non-Hispanic White,20.4,Healthy weight (18.5-24.9),4.08,143.66666666666666,86.33333333333333,0,1,Hypertension,1
120276,33,21-39,3.3,Female,Non-Hispanic Black,72.9,Obesity class 2-3 (35+),14.580000000000002,119.33333333333333,81.33333333333333,0,1,Hypertension,0
120278,64,60-79,6.4,Male,Non-Hispanic White,25.5,Overweight (25-29.9),5.1,140,93.33333333333333,0,1,Hypertension,1
120279,52,40-59,5.2,Female,Non-Hispanic Asian,23.7,Healthy weight (18.5-24.9),4.74,125.33333333333333,79.66666666666667,0,0,No hypertension,0
120282,61,60-79,6.1,Female,Other Hispanic,26.8,Overweight (25-29.9),5.36,117.33333333333333,68,0,0,No hypertension,0
120283,22,21-39,2.2,Female,Other Hispanic,21,Healthy weight (18.5-24.9),4.2,110.66666666666667,61,0,0,No hypertension,0
120285,68,60-79,6.8,Male,Other Hispanic,24.9,Healthy weight (18.5-24.9),4.9799999999999995,128.66666666666666,69.33333333333333,0,0,No hypertension,0
120286,62,60-79,6.2,Female,Mexican American,27.3,Overweight (25-29.9),5.46,135.66666666666666,79.33333333333333,0,1,Hypertension,0
120287,72,60-79,7.2,Male,Non-Hispanic White,27.6,Overweight (25-29.9),5.5200000000000005,97.33333333333333,55.666666666666664,1,1,Hypertension,1
120291,37,21-39,3.7,Female,Non-Hispanic White,24.6,Healthy weight (18.5-24.9),4.92,106.33333333333333,75.33333333333333,0,0,No hypertension,0
120293,75,60-79,7.5,Female,Non-Hispanic White,30.1,Obesity class 1 (30-34.9),6.0200000000000005,89.33333333333333,49.666666666666664,1,1,Hypertension,1
120296,42,40-59,4.2,Female,Other Hispanic,29.4,Overweight (25-29.9),5.88,158,87.66666666666667,0,1,Hypertension,1
120299,26,21-39,2.6,Male,Non-Hispanic Black,21.8,Healthy weight (18.5-24.9),4.36,122,72.33333333333333,0,0,No hypertension,0
120300,71,60-79,7.1,Female,Non-Hispanic White,38.4,Obesity class 2-3 (35+),7.68,170.66666666666666,91.66666666666667,1,1,Hypertension,1
120307,64,60-79,6.4,Male,Non-Hispanic Asian,26.2,Overweight (25-29.9),5.24,123.66666666666667,60.333333333333336,0,0,No hypertension,0
120310,52,40-59,5.2,Female,Non-Hispanic Black,29.9,Overweight (25-29.9),5.9799999999999995,137.66666666666666,99,1,1,Hypertension,1
120311,65,60-79,6.5,Female,Non-Hispanic White,31.2,Obesity class 1 (30-34.9),6.24,128.33333333333334,82,0,1,Hypertension,0
120312,33,21-39,3.3,Male,Non-Hispanic White,32.2,Obesity class 1 (30-34.9),6.44,110,68.66666666666667,0,0,No hypertension,0
120313,37,21-39,3.7,Female,Non-Hispanic Black,28,Overweight (25-29.9),5.6,126.33333333333333,78.33333333333333,0,0,No hypertension,0
120315,61,60-79,6.1,Male,Other Hispanic,33.5,Obesity class 1 (30-34.9),6.7,115,80,0,1,Hypertension,0
120319,76,60-79,7.6,Female,Non-Hispanic White,25.4,Overweight (25-29.9),5.08,129.66666666666666,71.33333333333333,0,0,No hypertension,0
120321,49,40-59,4.9,Male,Non-Hispanic White,29.7,Overweight (25-29.9),5.9399999999999995,128.66666666666666,81.33333333333333,0,1,Hypertension,0
120322,72,60-79,7.2,Female,Non-Hispanic White,41.5,Obesity class 2-3 (35+),8.3,137,69.33333333333333,1,1,Hypertension,1
120325,21,21-39,2.1,Female,Mexican American,31.6,Obesity class 1 (30-34.9),6.32,118.66666666666667,84.66666666666667,0,1,Hypertension,0
120327,76,60-79,7.6,Male,Non-Hispanic White,34.2,Obesity class 1 (30-34.9),6.840000000000001,122,68.33333333333333,1,1,Hypertension,1
120329,50,40-59,5,Male,Non-Hispanic Black,21.7,Healthy weight (18.5-24.9),4.34,116.33333333333333,68.33333333333333,0,0,No hypertension,0
120330,50,40-59,5,Male,Non-Hispanic White,30.4,Obesity class 1 (30-34.9),6.08,117.66666666666667,72,0,0,No hypertension,0
120332,63,60-79,6.3,Female,Other Hispanic,30.3,Obesity class 1 (30-34.9),6.0600000000000005,132,78.33333333333333,1,1,Hypertension,1
120334,22,21-39,2.2,Female,Non-Hispanic White,28.2,Overweight (25-29.9),5.64,106,73,0,0,No hypertension,0
120335,24,21-39,2.4,Female,Non-Hispanic Asian,26.3,Overweight (25-29.9),5.26,100,68.33333333333333,0,0,No hypertension,0
120336,54,40-59,5.4,Male,Mexican American,29.3,Overweight (25-29.9),5.86,116.66666666666667,77.33333333333333,0,0,No hypertension,0
120338,66,60-79,6.6,Female,Non-Hispanic White,35.2,Obesity class 2-3 (35+),7.040000000000001,129.33333333333334,80.66666666666667,1,1,Hypertension,1
120339,37,21-39,3.7,Male,Non-Hispanic Black,29.3,Overweight (25-29.9),5.86,120.66666666666667,67.66666666666667,0,0,No hypertension,0
120340,78,60-79,7.8,Female,Non-Hispanic Black,29,Overweight (25-29.9),5.8,160.33333333333334,50,1,1,Hypertension,1
120343,65,60-79,6.5,Female,Non-Hispanic Asian,28.5,Overweight (25-29.9),5.7,122.33333333333333,70.66666666666667,1,1,Hypertension,1
120345,72,60-79,7.2,Male,Non-Hispanic White,29.8,Overweight (25-29.9),5.96,131,71,0,1,Hypertension,0
120346,58,40-59,5.8,Female,Non-Hispanic Black,44.3,Obesity class 2-3 (35+),8.86,128,77,1,1,Hypertension,1
120348,53,40-59,5.3,Male,Non-Hispanic Black,37.4,Obesity class 2-3 (35+),7.4799999999999995,163,99.66666666666667,1,1,Hypertension,1
120350,59,40-59,5.9,Female,Non-Hispanic White,28.7,Overweight (25-29.9),5.74,112,73,0,0,No hypertension,0
120354,21,21-39,2.1,Male,Non-Hispanic Asian,29.7,Overweight (25-29.9),5.9399999999999995,122.33333333333333,78.33333333333333,0,0,No hypertension,0
120355,23,21-39,2.3,Female,Non-Hispanic Black,18.4,Underweight (<18.5),3.6799999999999997,95.33333333333333,56.333333333333336,0,0,No hypertension,0
120356,59,40-59,5.9,Male,Non-Hispanic Black,18.2,Underweight (<18.5),3.6399999999999997,180,106,0,1,Hypertension,1
120358,43,40-59,4.3,Male,Non-Hispanic Black,34.9,Obesity class 1 (30-34.9),6.9799999999999995,133.66666666666666,83,0,1,Hypertension,0
120360,48,40-59,4.8,Male,Other/Multiracial,20,Healthy weight (18.5-24.9),4,174,102.33333333333333,1,1,Hypertension,1
120361,61,60-79,6.1,Female,Non-Hispanic Black,25.5,Overweight (25-29.9),5.1,147.33333333333334,90.33333333333333,1,1,Hypertension,1
120363,45,40-59,4.5,Male,Non-Hispanic Black,19,Healthy weight (18.5-24.9),3.8,121,70.33333333333333,0,0,No hypertension,0
120364,60,60-79,6,Male,Mexican American,35.5,Obesity class 2-3 (35+),7.1,157.33333333333334,85.66666666666667,0,1,Hypertension,1
120367,23,21-39,2.3,Male,Other Hispanic,27.9,Overweight (25-29.9),5.58,105,65,0,0,No hypertension,0
120368,25,21-39,2.5,Male,Other/Multiracial,26.9,Overweight (25-29.9),5.38,116.66666666666667,77.66666666666667,0,0,No hypertension,0
120369,62,60-79,6.2,Female,Non-Hispanic Black,25.4,Overweight (25-29.9),5.08,119,76.66666666666667,1,1,Hypertension,1
120372,39,21-39,3.9,Female,Other Hispanic,18.6,Healthy weight (18.5-24.9),3.72,98.66666666666667,57.666666666666664,0,0,No hypertension,0
120373,24,21-39,2.4,Female,Non-Hispanic White,33.8,Obesity class 1 (30-34.9),6.76,115,76,0,0,No hypertension,0
120376,50,40-59,5,Male,Non-Hispanic Black,34,Obesity class 1 (30-34.9),6.8,140.33333333333334,98,1,1,Hypertension,1
120377,40,40-59,4,Male,Other Hispanic,24.3,Healthy weight (18.5-24.9),4.86,127,71,0,0,No hypertension,0
120379,62,60-79,6.2,Female,Non-Hispanic White,28.9,Overweight (25-29.9),5.779999999999999,139.33333333333334,82.66666666666667,1,1,Hypertension,1
120380,34,21-39,3.4,Male,Non-Hispanic White,36.5,Obesity class 2-3 (35+),7.3,132.33333333333334,88.66666666666667,0,1,Hypertension,0
120381,62,60-79,6.2,Male,Mexican American,29.2,Overweight (25-29.9),5.84,124.66666666666667,74,1,1,Hypertension,1
120382,58,40-59,5.8,Female,Non-Hispanic Asian,26.6,Overweight (25-29.9),5.32,114,69,0,0,No hypertension,0
120384,78,60-79,7.8,Female,Non-Hispanic White,30.9,Obesity class 1 (30-34.9),6.18,105.33333333333333,65,1,1,Hypertension,1
120386,37,21-39,3.7,Female,Non-Hispanic Black,46.1,Obesity class 2-3 (35+),9.22,95,58,1,1,Hypertension,1
120387,65,60-79,6.5,Male,Non-Hispanic White,28.8,Overweight (25-29.9),5.76,131.33333333333334,73.33333333333333,0,1,Hypertension,0
120388,61,60-79,6.1,Female,Non-Hispanic White,26,Overweight (25-29.9),5.2,118,66.66666666666667,0,0,No hypertension,0
120391,61,60-79,6.1,Female,Non-Hispanic Black,34,Obesity class 1 (30-34.9),6.8,117.33333333333333,70.33333333333333,1,1,Hypertension,1
120392,27,21-39,2.7,Female,Non-Hispanic White,28.3,Overweight (25-29.9),5.66,100,55.333333333333336,0,0,No hypertension,0
120393,58,40-59,5.8,Female,Non-Hispanic Black,28.1,Overweight (25-29.9),5.62,143.66666666666666,77.33333333333333,1,1,Hypertension,1
120395,33,21-39,3.3,Male,Other/Multiracial,33.7,Obesity class 1 (30-34.9),6.74,154.66666666666666,100.66666666666667,1,1,Hypertension,1
120396,67,60-79,6.7,Female,Non-Hispanic Black,35.9,Obesity class 2-3 (35+),7.18,132.33333333333334,73.33333333333333,1,1,Hypertension,1
120398,30,21-39,3,Male,Non-Hispanic White,37.9,Obesity class 2-3 (35+),7.58,118.66666666666667,91.33333333333333,0,1,Hypertension,1
120401,77,60-79,7.7,Male,Non-Hispanic White,18.5,Healthy weight (18.5-24.9),3.7,111.66666666666667,78,0,0,No hypertension,0
120403,51,40-59,5.1,Female,Non-Hispanic Black,42.4,Obesity class 2-3 (35+),8.48,120.33333333333333,80.66666666666667,0,1,Hypertension,0
120404,32,21-39,3.2,Female,Non-Hispanic White,26.6,Overweight (25-29.9),5.32,122.66666666666667,76.33333333333333,0,0,No hypertension,0
120405,26,21-39,2.6,Male,Non-Hispanic White,19.7,Healthy weight (18.5-24.9),3.94,136,81,0,1,Hypertension,0
120407,42,40-59,4.2,Male,Other Hispanic,27.8,Overweight (25-29.9),5.5600000000000005,107,67.33333333333333,0,0,No hypertension,0
120410,51,40-59,5.1,Female,Non-Hispanic White,22.4,Healthy weight (18.5-24.9),4.4799999999999995,106.66666666666667,75,1,1,Hypertension,1
120411,50,40-59,5,Female,Non-Hispanic Black,54.5,Obesity class 2-3 (35+),10.9,118.66666666666667,80.66666666666667,1,1,Hypertension,1
120412,52,40-59,5.2,Male,Non-Hispanic White,35.3,Obesity class 2-3 (35+),7.06,138,96,0,1,Hypertension,1
120413,28,21-39,2.8,Male,Other/Multiracial,38.4,Obesity class 2-3 (35+),7.68,118,86,0,1,Hypertension,0
120414,22,21-39,2.2,Female,Non-Hispanic White,23.1,Healthy weight (18.5-24.9),4.62,119,69.66666666666667,0,0,No hypertension,0
120415,22,21-39,2.2,Male,Mexican American,27,Overweight (25-29.9),5.4,110.33333333333333,61,0,0,No hypertension,0
120416,72,60-79,7.2,Male,Non-Hispanic White,25.6,Overweight (25-29.9),5.12,132,65,1,1,Hypertension,1
120418,23,21-39,2.3,Male,Other Hispanic,31.9,Obesity class 1 (30-34.9),6.38,126.66666666666667,79.33333333333333,0,0,No hypertension,0
120419,78,60-79,7.8,Male,Non-Hispanic White,32.6,Obesity class 1 (30-34.9),6.5200000000000005,115.33333333333333,58.666666666666664,1,1,Hypertension,1
120420,54,40-59,5.4,Male,Non-Hispanic White,26.9,Overweight (25-29.9),5.38,119.33333333333333,79,0,0,No hypertension,0
120422,23,21-39,2.3,Male,Non-Hispanic White,35.7,Obesity class 2-3 (35+),7.140000000000001,125.33333333333333,75,0,0,No hypertension,0
120428,45,40-59,4.5,Female,Non-Hispanic White,31.1,Obesity class 1 (30-34.9),6.220000000000001,129.66666666666666,92.33333333333333,0,1,Hypertension,1
120432,55,40-59,5.5,Male,Mexican American,26.5,Overweight (25-29.9),5.3,109,70,0,0,No hypertension,0
120435,59,40-59,5.9,Male,Non-Hispanic Black,15.7,Underweight (<18.5),3.1399999999999997,134.33333333333334,87,0,1,Hypertension,0
120440,55,40-59,5.5,Female,Mexican American,29.4,Overweight (25-29.9),5.88,105.66666666666667,62,0,0,No hypertension,0
120441,27,21-39,2.7,Female,Non-Hispanic Asian,22.2,Healthy weight (18.5-24.9),4.4399999999999995,102.33333333333333,69.33333333333333,0,0,No hypertension,0
120442,72,60-79,7.2,Male,Non-Hispanic White,30,Obesity class 1 (30-34.9),6,132.66666666666666,84.33333333333333,0,1,Hypertension,0
120444,62,60-79,6.2,Female,Other Hispanic,26.3,Overweight (25-29.9),5.26,152,74,1,1,Hypertension,1
120447,47,40-59,4.7,Male,Non-Hispanic White,24.1,Healthy weight (18.5-24.9),4.82,107.66666666666667,72,0,0,No hypertension,0
120450,61,60-79,6.1,Female,Non-Hispanic White,24,Healthy weight (18.5-24.9),4.8,115,63.333333333333336,0,0,No hypertension,0
120452,58,40-59,5.8,Female,Non-Hispanic Black,43.1,Obesity class 2-3 (35+),8.620000000000001,131.33333333333334,84.33333333333333,1,1,Hypertension,1
120454,40,40-59,4,Female,Mexican American,28,Overweight (25-29.9),5.6,97,60.333333333333336,0,0,No hypertension,0
120456,54,40-59,5.4,Male,Other Hispanic,31.9,Obesity class 1 (30-34.9),6.38,118.66666666666667,74,1,1,Hypertension,1
120462,61,60-79,6.1,Female,Non-Hispanic White,23.6,Healthy weight (18.5-24.9),4.720000000000001,108.66666666666667,71,0,0,No hypertension,0
120463,54,40-59,5.4,Male,Non-Hispanic White,22.8,Healthy weight (18.5-24.9),4.5600000000000005,115,61.333333333333336,0,0,No hypertension,0
120464,24,21-39,2.4,Female,Non-Hispanic Black,34.3,Obesity class 1 (30-34.9),6.859999999999999,98.66666666666667,59,0,0,No hypertension,0
120467,41,40-59,4.1,Male,Mexican American,32.8,Obesity class 1 (30-34.9),6.56,133.66666666666666,84.33333333333333,0,1,Hypertension,0
120468,69,60-79,6.9,Male,Non-Hispanic Asian,28.3,Overweight (25-29.9),5.66,178.66666666666666,102.33333333333333,0,1,Hypertension,1
120471,67,60-79,6.7,Female,Non-Hispanic Black,24.7,Healthy weight (18.5-24.9),4.9399999999999995,115.33333333333333,67,1,1,Hypertension,1
120472,59,40-59,5.9,Female,Non-Hispanic Black,33.7,Obesity class 1 (30-34.9),6.74,148.66666666666666,75.33333333333333,1,1,Hypertension,1
120475,37,21-39,3.7,Male,Other Hispanic,29.4,Overweight (25-29.9),5.88,117.66666666666667,72,0,0,No hypertension,0
120476,43,40-59,4.3,Male,Non-Hispanic White,29.4,Overweight (25-29.9),5.88,120.66666666666667,80.66666666666667,0,1,Hypertension,0
120478,60,60-79,6,Male,Non-Hispanic Asian,28.8,Overweight (25-29.9),5.76,125.66666666666667,61.333333333333336,1,1,Hypertension,1
120479,39,21-39,3.9,Male,Non-Hispanic Black,30,Obesity class 1 (30-34.9),6,126,77.33333333333333,0,0,No hypertension,0
120480,45,40-59,4.5,Male,Non-Hispanic Black,30.1,Obesity class 1 (30-34.9),6.0200000000000005,122.33333333333333,79.33333333333333,0,0,No hypertension,0
120483,64,60-79,6.4,Female,Non-Hispanic White,22.4,Healthy weight (18.5-24.9),4.4799999999999995,117,63.666666666666664,1,1,Hypertension,1
120484,32,21-39,3.2,Male,Non-Hispanic Black,27.8,Overweight (25-29.9),5.5600000000000005,111.33333333333333,68,0,0,No hypertension,0
120485,25,21-39,2.5,Male,Non-Hispanic White,33.5,Obesity class 1 (30-34.9),6.7,132.66666666666666,84,0,1,Hypertension,0
120491,38,21-39,3.8,Male,Non-Hispanic Black,27.6,Overweight (25-29.9),5.5200000000000005,114,66.66666666666667,0,0,No hypertension,0
120494,31,21-39,3.1,Female,Non-Hispanic White,20.2,Healthy weight (18.5-24.9),4.04,107.33333333333333,59.666666666666664,0,0,No hypertension,0
120497,64,60-79,6.4,Male,Non-Hispanic Black,31.5,Obesity class 1 (30-34.9),6.3,115.66666666666667,63.333333333333336,0,0,No hypertension,0
120500,55,40-59,5.5,Female,Non-Hispanic Black,26.9,Overweight (25-29.9),5.38,98,56,0,0,No hypertension,0
120501,57,40-59,5.7,Female,Non-Hispanic Black,38.4,Obesity class 2-3 (35+),7.68,140,92.33333333333333,0,1,Hypertension,1
120509,64,60-79,6.4,Female,Non-Hispanic White,31.9,Obesity class 1 (30-34.9),6.38,133,93.66666666666667,1,1,Hypertension,1
120510,50,40-59,5,Male,Non-Hispanic Black,27.9,Overweight (25-29.9),5.58,107.33333333333333,66.33333333333333,0,0,No hypertension,0
120511,28,21-39,2.8,Male,Mexican American,40.3,Obesity class 2-3 (35+),8.059999999999999,136.66666666666666,87,0,1,Hypertension,0
120512,46,40-59,4.6,Female,Non-Hispanic Black,26.8,Overweight (25-29.9),5.36,95.66666666666667,57,0,0,No hypertension,0
120517,29,21-39,2.9,Male,Non-Hispanic Black,34.8,Obesity class 1 (30-34.9),6.959999999999999,135,80,0,1,Hypertension,0
120519,32,21-39,3.2,Female,Non-Hispanic Black,41.7,Obesity class 2-3 (35+),8.34,101.66666666666667,68.66666666666667,0,0,No hypertension,0
120521,73,60-79,7.3,Male,Non-Hispanic White,30.7,Obesity class 1 (30-34.9),6.14,128.33333333333334,73.66666666666667,0,0,No hypertension,0
120522,62,60-79,6.2,Male,Mexican American,24.7,Healthy weight (18.5-24.9),4.9399999999999995,126,68.33333333333333,0,0,No hypertension,0
120523,38,21-39,3.8,Female,Non-Hispanic Asian,22.8,Healthy weight (18.5-24.9),4.5600000000000005,93.33333333333333,57,0,0,No hypertension,0
120527,55,40-59,5.5,Male,Mexican American,29.8,Overweight (25-29.9),5.96,127.66666666666667,67.33333333333333,0,0,No hypertension,0
120528,59,40-59,5.9,Male,Non-Hispanic Asian,23.7,Healthy weight (18.5-24.9),4.74,110.66666666666667,57,1,1,Hypertension,1
120529,21,21-39,2.1,Female,Mexican American,28.2,Overweight (25-29.9),5.64,107.33333333333333,65.66666666666667,0,0,No hypertension,0
120531,58,40-59,5.8,Female,Other Hispanic,33.2,Obesity class 1 (30-34.9),6.640000000000001,128.66666666666666,71.33333333333333,0,0,No hypertension,0
120532,33,21-39,3.3,Male,Non-Hispanic White,42.5,Obesity class 2-3 (35+),8.5,117.66666666666667,78.33333333333333,0,0,No hypertension,0
120535,70,60-79,7,Female,Non-Hispanic Black,34.2,Obesity class 1 (30-34.9),6.840000000000001,138.33333333333334,63.333333333333336,0,1,Hypertension,0
120538,53,40-59,5.3,Female,Mexican American,28.3,Overweight (25-29.9),5.66,120.66666666666667,78.66666666666667,0,0,No hypertension,0
120540,44,40-59,4.4,Male,Non-Hispanic Black,28.5,Overweight (25-29.9),5.7,128.66666666666666,84,0,1,Hypertension,0
120541,31,21-39,3.1,Male,Non-Hispanic White,25.3,Overweight (25-29.9),5.0600000000000005,115.66666666666667,81,1,1,Hypertension,1
120542,59,40-59,5.9,Male,Non-Hispanic White,22.4,Healthy weight (18.5-24.9),4.4799999999999995,112.33333333333333,65.33333333333333,0,0,No hypertension,0
120544,70,60-79,7,Female,Non-Hispanic White,28.8,Overweight (25-29.9),5.76,148.33333333333334,58.333333333333336,1,1,Hypertension,1
120545,55,40-59,5.5,Female,Other Hispanic,33.7,Obesity class 1 (30-34.9),6.74,122,84,0,1,Hypertension,0
120552,21,21-39,2.1,Male,Mexican American,47.5,Obesity class 2-3 (35+),9.5,120.66666666666667,78.66666666666667,0,0,No hypertension,0
120553,32,21-39,3.2,Female,Other/Multiracial,28,Overweight (25-29.9),5.6,107,64.66666666666667,0,0,No hypertension,0
120556,76,60-79,7.6,Male,Non-Hispanic White,25.3,Overweight (25-29.9),5.0600000000000005,134.66666666666666,58.333333333333336,0,1,Hypertension,0
120558,45,40-59,4.5,Male,Non-Hispanic Black,33.9,Obesity class 1 (30-34.9),6.779999999999999,129.33333333333334,90.66666666666667,0,1,Hypertension,1
120560,25,21-39,2.5,Female,Non-Hispanic Black,18.9,Healthy weight (18.5-24.9),3.78,103,56.666666666666664,0,0,No hypertension,0
120561,37,21-39,3.7,Male,Mexican American,23.1,Healthy weight (18.5-24.9),4.62,112.66666666666667,63.333333333333336,0,0,No hypertension,0
120563,62,60-79,6.2,Male,Non-Hispanic Black,35.5,Obesity class 2-3 (35+),7.1,128.33333333333334,72.33333333333333,1,1,Hypertension,1
120566,42,40-59,4.2,Male,Non-Hispanic Black,49.8,Obesity class 2-3 (35+),9.959999999999999,101.33333333333333,69.66666666666667,0,0,No hypertension,0
120567,71,60-79,7.1,Male,Non-Hispanic Black,19,Healthy weight (18.5-24.9),3.8,127.66666666666667,68,1,1,Hypertension,1
120570,65,60-79,6.5,Male,Non-Hispanic Black,22.1,Healthy weight (18.5-24.9),4.42,142,72.66666666666667,0,1,Hypertension,1
120571,55,40-59,5.5,Female,Non-Hispanic Asian,22.5,Healthy weight (18.5-24.9),4.5,107,61,0,0,No hypertension,0
120573,56,40-59,5.6,Female,Non-Hispanic Black,35.4,Obesity class 2-3 (35+),7.08,157.66666666666666,90.33333333333333,0,1,Hypertension,1
120576,28,21-39,2.8,Female,Mexican American,27.1,Overweight (25-29.9),5.42,108.33333333333333,64.33333333333333,0,0,No hypertension,0
120577,56,40-59,5.6,Female,Non-Hispanic White,34.3,Obesity class 1 (30-34.9),6.859999999999999,130,84.33333333333333,0,1,Hypertension,0
120581,37,21-39,3.7,Female,Other Hispanic,28.4,Overweight (25-29.9),5.68,138.33333333333334,76.33333333333333,0,1,Hypertension,0
120584,63,60-79,6.3,Female,Non-Hispanic Asian,26.2,Overweight (25-29.9),5.24,132.33333333333334,75.66666666666667,0,1,Hypertension,0
120585,44,40-59,4.4,Male,Non-Hispanic Black,27.6,Overweight (25-29.9),5.5200000000000005,138.33333333333334,87.33333333333333,0,1,Hypertension,0
120591,67,60-79,6.7,Female,Non-Hispanic Black,21.8,Healthy weight (18.5-24.9),4.36,153,78,1,1,Hypertension,1
120593,68,60-79,6.8,Male,Non-Hispanic Black,28.4,Overweight (25-29.9),5.68,138.33333333333334,93,0,1,Hypertension,1
120594,61,60-79,6.1,Male,Non-Hispanic Black,28.9,Overweight (25-29.9),5.779999999999999,118,81.66666666666667,1,1,Hypertension,1
120596,42,40-59,4.2,Female,Non-Hispanic Asian,21.5,Healthy weight (18.5-24.9),4.3,98.66666666666667,64.33333333333333,0,0,No hypertension,0
120598,29,21-39,2.9,Female,Non-Hispanic Black,39.5,Obesity class 2-3 (35+),7.9,107,75.33333333333333,0,0,No hypertension,0
120600,72,60-79,7.2,Male,Non-Hispanic White,32.3,Obesity class 1 (30-34.9),6.459999999999999,120,74,1,1,Hypertension,1
120601,24,21-39,2.4,Male,Mexican American,32.4,Obesity class 1 (30-34.9),6.4799999999999995,107.33333333333333,71,0,0,No hypertension,0
120603,64,60-79,6.4,Male,Other Hispanic,24,Healthy weight (18.5-24.9),4.8,118,63,0,0,No hypertension,0
120607,49,40-59,4.9,Female,Non-Hispanic White,40.1,Obesity class 2-3 (35+),8.02,111,81,1,1,Hypertension,1
120609,39,21-39,3.9,Male,Non-Hispanic White,24.6,Healthy weight (18.5-24.9),4.92,111,72.66666666666667,0,0,No hypertension,0
120610,57,40-59,5.7,Male,Non-Hispanic White,28.4,Overweight (25-29.9),5.68,124,78.33333333333333,1,1,Hypertension,1
120611,76,60-79,7.6,Male,Non-Hispanic White,27.6,Overweight (25-29.9),5.5200000000000005,140.33333333333334,69,1,1,Hypertension,1
120614,23,21-39,2.3,Male,Non-Hispanic White,27.5,Overweight (25-29.9),5.5,126,84.66666666666667,0,1,Hypertension,0
120616,60,60-79,6,Male,Non-Hispanic Black,31.5,Obesity class 1 (30-34.9),6.3,130,70,1,1,Hypertension,1
120617,34,21-39,3.4,Male,Other Hispanic,36.9,Obesity class 2-3 (35+),7.38,127.66666666666667,77.66666666666667,0,0,No hypertension,0
120618,62,60-79,6.2,Female,Mexican American,20.2,Healthy weight (18.5-24.9),4.04,119.66666666666667,66,0,0,No hypertension,0
120623,32,21-39,3.2,Male,Non-Hispanic Asian,25,Overweight (25-29.9),5,108,65.33333333333333,0,0,No hypertension,0
120624,38,21-39,3.8,Female,Non-Hispanic Asian,23.2,Healthy weight (18.5-24.9),4.64,116.33333333333333,67,0,0,No hypertension,0
120629,27,21-39,2.7,Female,Other Hispanic,20,Healthy weight (18.5-24.9),4,106,66.66666666666667,0,0,No hypertension,0
120631,48,40-59,4.8,Female,Non-Hispanic White,25.3,Overweight (25-29.9),5.0600000000000005,133.33333333333334,74.66666666666667,0,1,Hypertension,0
120633,41,40-59,4.1,Male,Non-Hispanic Black,22.8,Healthy weight (18.5-24.9),4.5600000000000005,100.66666666666667,59.333333333333336,0,0,No hypertension,0
120634,79,60-79,7.9,Female,Non-Hispanic Asian,22.9,Healthy weight (18.5-24.9),4.58,178.33333333333334,89.66666666666667,0,1,Hypertension,1
120635,34,21-39,3.4,Female,Non-Hispanic Black,37.4,Obesity class 2-3 (35+),7.4799999999999995,119.33333333333333,73.33333333333333,0,0,No hypertension,0
120636,53,40-59,5.3,Male,Non-Hispanic Asian,25.3,Overweight (25-29.9),5.0600000000000005,136,50,1,1,Hypertension,1
120641,41,40-59,4.1,Male,Non-Hispanic Asian,28,Overweight (25-29.9),5.6,119,67,0,0,No hypertension,0
120651,68,60-79,6.8,Female,Non-Hispanic Black,30.3,Obesity class 1 (30-34.9),6.0600000000000005,149.66666666666666,72,1,1,Hypertension,1
120652,60,60-79,6,Female,Non-Hispanic Black,28.1,Overweight (25-29.9),5.62,133,74,1,1,Hypertension,1
120658,65,60-79,6.5,Female,Non-Hispanic White,17.5,Underweight (<18.5),3.5,103.33333333333333,58,0,0,No hypertension,0
120659,24,21-39,2.4,Female,Other Hispanic,20.7,Healthy weight (18.5-24.9),4.14,82.33333333333333,52,0,0,No hypertension,0
120667,68,60-79,6.8,Female,Non-Hispanic White,28,Overweight (25-29.9),5.6,104,61,1,1,Hypertension,1
120671,57,40-59,5.7,Female,Non-Hispanic Black,27.8,Overweight (25-29.9),5.5600000000000005,140.33333333333334,93,1,1,Hypertension,1
120676,45,40-59,4.5,Female,Non-Hispanic White,25.8,Overweight (25-29.9),5.16,102.33333333333333,64,0,0,No hypertension,0
120677,21,21-39,2.1,Male,Mexican American,30.4,Obesity class 1 (30-34.9),6.08,111.66666666666667,74,0,0,No hypertension,0
120678,29,21-39,2.9,Male,Non-Hispanic Asian,29.7,Overweight (25-29.9),5.9399999999999995,142.66666666666666,101,0,1,Hypertension,1
120683,71,60-79,7.1,Male,Non-Hispanic White,26.4,Overweight (25-29.9),5.279999999999999,119.33333333333333,68.66666666666667,1,1,Hypertension,1
120684,26,21-39,2.6,Female,Non-Hispanic White,22.8,Healthy weight (18.5-24.9),4.5600000000000005,110.66666666666667,78.66666666666667,0,0,No hypertension,0
120685,38,21-39,3.8,Male,Non-Hispanic White,51,Obesity class 2-3 (35+),10.2,122.66666666666667,72,1,1,Hypertension,1
120687,36,21-39,3.6,Female,Non-Hispanic Black,20.6,Healthy weight (18.5-24.9),4.12,127.33333333333333,83.66666666666667,0,1,Hypertension,0
120688,54,40-59,5.4,Male,Non-Hispanic Black,22.3,Healthy weight (18.5-24.9),4.46,158,71.33333333333333,1,1,Hypertension,1
120694,54,40-59,5.4,Male,Non-Hispanic Asian,28.5,Overweight (25-29.9),5.7,117,69,0,0,No hypertension,0
120696,39,21-39,3.9,Female,Non-Hispanic Black,39.2,Obesity class 2-3 (35+),7.840000000000001,119.66666666666667,79,0,0,No hypertension,0
120699,71,60-79,7.1,Female,Other Hispanic,32.1,Obesity class 1 (30-34.9),6.42,108.33333333333333,60,0,0,No hypertension,0
120700,58,40-59,5.8,Male,Non-Hispanic Black,44.1,Obesity class 2-3 (35+),8.82,120,82,1,1,Hypertension,1
120708,55,40-59,5.5,Male,Non-Hispanic Black,29.3,Overweight (25-29.9),5.86,131.66666666666666,89,0,1,Hypertension,0
120709,55,40-59,5.5,Male,Non-Hispanic Black,31.6,Obesity class 1 (30-34.9),6.32,122.33333333333333,79.66666666666667,0,0,No hypertension,0
120710,53,40-59,5.3,Male,Non-Hispanic Black,45.3,Obesity class 2-3 (35+),9.059999999999999,188,120.66666666666667,0,1,Hypertension,1
120711,32,21-39,3.2,Male,Mexican American,33.4,Obesity class 1 (30-34.9),6.68,132.33333333333334,90.66666666666667,0,1,Hypertension,1
120712,45,40-59,4.5,Male,Non-Hispanic Black,38,Obesity class 2-3 (35+),7.6,148.33333333333334,97.66666666666667,0,1,Hypertension,1
120717,36,21-39,3.6,Female,Non-Hispanic Black,38.1,Obesity class 2-3 (35+),7.62,109,71,0,0,No hypertension,0
120720,42,40-59,4.2,Male,Non-Hispanic White,27.5,Overweight (25-29.9),5.5,115,74.66666666666667,0,0,No hypertension,0
120723,38,21-39,3.8,Female,Non-Hispanic White,44.5,Obesity class 2-3 (35+),8.9,106,73.66666666666667,0,0,No hypertension,0
120727,29,21-39,2.9,Female,Non-Hispanic White,42.4,Obesity class 2-3 (35+),8.48,96.66666666666667,53.666666666666664,0,0,No hypertension,0
120731,36,21-39,3.6,Female,Other Hispanic,27.1,Overweight (25-29.9),5.42,151.33333333333334,99,0,1,Hypertension,1
120733,74,60-79,7.4,Female,Non-Hispanic Black,28.1,Overweight (25-29.9),5.62,130.33333333333334,76,1,1,Hypertension,1
120734,62,60-79,6.2,Female,Other Hispanic,31.3,Obesity class 1 (30-34.9),6.26,116.33333333333333,73.66666666666667,0,0,No hypertension,0
120738,61,60-79,6.1,Male,Non-Hispanic Asian,25.5,Overweight (25-29.9),5.1,135.33333333333334,66.66666666666667,1,1,Hypertension,1
120739,63,60-79,6.3,Female,Non-Hispanic Black,34,Obesity class 1 (30-34.9),6.8,113.33333333333333,78.66666666666667,1,1,Hypertension,1
120742,65,60-79,6.5,Female,Non-Hispanic Black,35.6,Obesity class 2-3 (35+),7.12,140.33333333333334,73.66666666666667,1,1,Hypertension,1
120743,66,60-79,6.6,Female,Non-Hispanic White,29,Overweight (25-29.9),5.8,111,61.666666666666664,1,1,Hypertension,1
120745,32,21-39,3.2,Male,Non-Hispanic Asian,26.1,Overweight (25-29.9),5.220000000000001,116.33333333333333,65,0,0,No hypertension,0
120746,34,21-39,3.4,Male,Non-Hispanic Black,29.9,Overweight (25-29.9),5.9799999999999995,112.33333333333333,64,0,0,No hypertension,0
120748,40,40-59,4,Male,Non-Hispanic Black,40.8,Obesity class 2-3 (35+),8.16,112.33333333333333,79.33333333333333,1,1,Hypertension,1
120749,31,21-39,3.1,Male,Other/Multiracial,36.1,Obesity class 2-3 (35+),7.220000000000001,107,70.66666666666667,0,0,No hypertension,0
120752,64,60-79,6.4,Male,Other/Multiracial,28.1,Overweight (25-29.9),5.62,135.33333333333334,80.33333333333333,1,1,Hypertension,1
120754,63,60-79,6.3,Male,Non-Hispanic White,33.4,Obesity class 1 (30-34.9),6.68,110.66666666666667,65,0,0,No hypertension,0
120761,70,60-79,7,Male,Non-Hispanic Asian,21,Healthy weight (18.5-24.9),4.2,129.66666666666666,77.33333333333333,0,0,No hypertension,0
120762,74,60-79,7.4,Female,Other/Multiracial,35.4,Obesity class 2-3 (35+),7.08,176,87.66666666666667,1,1,Hypertension,1
120769,47,40-59,4.7,Female,Non-Hispanic Asian,32.4,Obesity class 1 (30-34.9),6.4799999999999995,120,82,0,1,Hypertension,0
120770,54,40-59,5.4,Male,Non-Hispanic White,18.4,Underweight (<18.5),3.6799999999999997,146,93.66666666666667,0,1,Hypertension,1
120774,22,21-39,2.2,Female,Non-Hispanic Black,42.2,Obesity class 2-3 (35+),8.440000000000001,138.66666666666666,104,1,1,Hypertension,1
120778,30,21-39,3,Female,Non-Hispanic Black,30,Obesity class 1 (30-34.9),6,109.33333333333333,65.66666666666667,0,0,No hypertension,0
120779,56,40-59,5.6,Male,Non-Hispanic White,35.6,Obesity class 2-3 (35+),7.12,127.66666666666667,79,0,0,No hypertension,0
120782,21,21-39,2.1,Male,Mexican American,32.9,Obesity class 1 (30-34.9),6.58,128.33333333333334,82.33333333333333,0,1,Hypertension,0
120784,49,40-59,4.9,Female,Other Hispanic,33.2,Obesity class 1 (30-34.9),6.640000000000001,108,76.33333333333333,0,0,No hypertension,0
120788,54,40-59,5.4,Female,Non-Hispanic Asian,20.9,Healthy weight (18.5-24.9),4.18,119.66666666666667,74,1,1,Hypertension,1
120790,56,40-59,5.6,Female,Non-Hispanic Black,57.2,Obesity class 2-3 (35+),11.440000000000001,141.33333333333334,72.66666666666667,0,1,Hypertension,1
120791,64,60-79,6.4,Female,Non-Hispanic Black,27.4,Overweight (25-29.9),5.4799999999999995,109.33333333333333,69.33333333333333,0,0,No hypertension,0
120792,47,40-59,4.7,Male,Non-Hispanic Black,35.3,Obesity class 2-3 (35+),7.06,131,92.66666666666667,0,1,Hypertension,1
120793,70,60-79,7,Female,Non-Hispanic Black,37.5,Obesity class 2-3 (35+),7.5,123.66666666666667,76.66666666666667,1,1,Hypertension,1
120794,51,40-59,5.1,Male,Non-Hispanic Black,20.6,Healthy weight (18.5-24.9),4.12,115.33333333333333,78.66666666666667,0,0,No hypertension,0
120797,71,60-79,7.1,Male,Non-Hispanic Black,53.7,Obesity class 2-3 (35+),10.74,98,54.666666666666664,1,1,Hypertension,1
120798,60,60-79,6,Male,Other Hispanic,23.9,Healthy weight (18.5-24.9),4.779999999999999,107,59,0,0,No hypertension,0
120799,66,60-79,6.6,Male,Non-Hispanic White,35.4,Obesity class 2-3 (35+),7.08,127.66666666666667,71.66666666666667,1,1,Hypertension,1
120802,23,21-39,2.3,Male,Non-Hispanic White,31.8,Obesity class 1 (30-34.9),6.36,127,69.33333333333333,0,0,No hypertension,0
120804,40,40-59,4,Female,Mexican American,28.9,Overweight (25-29.9),5.779999999999999,117.33333333333333,66,0,0,No hypertension,0
120814,25,21-39,2.5,Male,Mexican American,27.2,Overweight (25-29.9),5.4399999999999995,127,73.66666666666667,0,0,No hypertension,0
120817,59,40-59,5.9,Male,Other Hispanic,29,Overweight (25-29.9),5.8,128.66666666666666,72.66666666666667,0,0,No hypertension,0
120819,31,21-39,3.1,Female,Non-Hispanic White,21.6,Healthy weight (18.5-24.9),4.32,104.33333333333333,58.666666666666664,0,0,No hypertension,0
120823,58,40-59,5.8,Male,Non-Hispanic Black,28.8,Overweight (25-29.9),5.76,135.66666666666666,83.66666666666667,1,1,Hypertension,1
120826,52,40-59,5.2,Female,Non-Hispanic White,30.6,Obesity class 1 (30-34.9),6.12,128,87,0,1,Hypertension,0
120827,29,21-39,2.9,Male,Non-Hispanic Black,18.8,Healthy weight (18.5-24.9),3.7600000000000002,109,64.33333333333333,0,0,No hypertension,0
120828,75,60-79,7.5,Female,Non-Hispanic White,22.9,Healthy weight (18.5-24.9),4.58,153.66666666666666,77,0,1,Hypertension,1
120829,53,40-59,5.3,Female,Non-Hispanic White,52.8,Obesity class 2-3 (35+),10.559999999999999,107.33333333333333,74,0,0,No hypertension,0
120831,60,60-79,6,Male,Non-Hispanic White,28.6,Overweight (25-29.9),5.720000000000001,109,71,0,0,No hypertension,0
120832,60,60-79,6,Male,Non-Hispanic Black,36.1,Obesity class 2-3 (35+),7.220000000000001,121,74,0,0,No hypertension,0
120836,72,60-79,7.2,Male,Non-Hispanic White,24.1,Healthy weight (18.5-24.9),4.82,115,57.333333333333336,0,0,No hypertension,0
120837,38,21-39,3.8,Female,Mexican American,32.3,Obesity class 1 (30-34.9),6.459999999999999,119.66666666666667,87.66666666666667,1,1,Hypertension,1
120841,55,40-59,5.5,Male,Mexican American,38.9,Obesity class 2-3 (35+),7.779999999999999,119,75,1,1,Hypertension,1
120842,30,21-39,3,Female,Non-Hispanic White,26.3,Overweight (25-29.9),5.26,95.66666666666667,61,0,0,No hypertension,0
120843,61,60-79,6.1,Male,Non-Hispanic Asian,22.9,Healthy weight (18.5-24.9),4.58,120,70.33333333333333,0,0,No hypertension,0
120846,42,40-59,4.2,Male,Non-Hispanic Black,30.8,Obesity class 1 (30-34.9),6.16,137.33333333333334,81,1,1,Hypertension,1
120847,76,60-79,7.6,Male,Non-Hispanic Black,26.8,Overweight (25-29.9),5.36,156.66666666666666,72.33333333333333,0,1,Hypertension,1
120848,32,21-39,3.2,Female,Non-Hispanic White,18.5,Healthy weight (18.5-24.9),3.7,98.66666666666667,62.666666666666664,0,0,No hypertension,0
120851,56,40-59,5.6,Female,Non-Hispanic Black,25.1,Overweight (25-29.9),5.0200000000000005,155,86,1,1,Hypertension,1
120855,31,21-39,3.1,Male,Non-Hispanic Black,26.6,Overweight (25-29.9),5.32,118,77,0,0,No hypertension,0
120859,65,60-79,6.5,Female,Non-Hispanic White,26.6,Overweight (25-29.9),5.32,143,78.66666666666667,1,1,Hypertension,1
120860,61,60-79,6.1,Male,Mexican American,23.1,Healthy weight (18.5-24.9),4.62,126,64.66666666666667,0,0,No hypertension,0
120862,66,60-79,6.6,Male,Non-Hispanic Black,23.2,Healthy weight (18.5-24.9),4.64,122.66666666666667,69,0,0,No hypertension,0
120863,54,40-59,5.4,Male,Other/Multiracial,20.4,Healthy weight (18.5-24.9),4.08,95.66666666666667,62,0,0,No hypertension,0
120864,22,21-39,2.2,Male,Non-Hispanic Black,31.1,Obesity class 1 (30-34.9),6.220000000000001,117.66666666666667,71.33333333333333,0,0,No hypertension,0
120868,70,60-79,7,Female,Non-Hispanic White,31,Obesity class 1 (30-34.9),6.2,142,65,1,1,Hypertension,1
120870,66,60-79,6.6,Female,Non-Hispanic White,23.4,Healthy weight (18.5-24.9),4.68,130,81.66666666666667,0,1,Hypertension,0
120876,24,21-39,2.4,Male,Non-Hispanic White,25.6,Overweight (25-29.9),5.12,102.33333333333333,76.66666666666667,0,0,No hypertension,0
120878,35,21-39,3.5,Male,Non-Hispanic Black,38.3,Obesity class 2-3 (35+),7.659999999999999,116.66666666666667,82.66666666666667,0,1,Hypertension,0
120879,61,60-79,6.1,Female,Non-Hispanic Black,20.3,Healthy weight (18.5-24.9),4.0600000000000005,103,53,0,0,No hypertension,0
120881,41,40-59,4.1,Male,Non-Hispanic Asian,23.9,Healthy weight (18.5-24.9),4.779999999999999,126,80.66666666666667,0,1,Hypertension,0
120885,69,60-79,6.9,Male,Other Hispanic,27.9,Overweight (25-29.9),5.58,163.66666666666666,68.66666666666667,1,1,Hypertension,1
120886,70,60-79,7,Male,Non-Hispanic White,30.9,Obesity class 1 (30-34.9),6.18,120.66666666666667,69.33333333333333,1,1,Hypertension,1
120887,53,40-59,5.3,Female,Non-Hispanic Asian,33,Obesity class 1 (30-34.9),6.6,144.66666666666666,99.66666666666667,1,1,Hypertension,1
120888,62,60-79,6.2,Female,Other Hispanic,34.5,Obesity class 1 (30-34.9),6.9,119,65.33333333333333,0,0,No hypertension,0
120889,39,21-39,3.9,Female,Other Hispanic,28.2,Overweight (25-29.9),5.64,110.66666666666667,70.66666666666667,0,0,No hypertension,0
120897,44,40-59,4.4,Female,Non-Hispanic Asian,31.9,Obesity class 1 (30-34.9),6.38,151.66666666666666,98,1,1,Hypertension,1
120898,60,60-79,6,Male,Non-Hispanic Black,22.8,Healthy weight (18.5-24.9),4.5600000000000005,124.33333333333333,68.66666666666667,1,1,Hypertension,1
120899,60,60-79,6,Female,Non-Hispanic Asian,28.6,Overweight (25-29.9),5.720000000000001,105.66666666666667,70.33333333333333,0,0,No hypertension,0
120901,43,40-59,4.3,Female,Non-Hispanic White,19.4,Healthy weight (18.5-24.9),3.88,114.66666666666667,77.66666666666667,0,0,No hypertension,0
120904,63,60-79,6.3,Male,Non-Hispanic White,41.9,Obesity class 2-3 (35+),8.379999999999999,124.66666666666667,68.33333333333333,1,1,Hypertension,1
120905,64,60-79,6.4,Female,Non-Hispanic Black,29.5,Overweight (25-29.9),5.9,133.33333333333334,93.66666666666667,0,1,Hypertension,1
120908,22,21-39,2.2,Female,Mexican American,25.9,Overweight (25-29.9),5.18,104.33333333333333,59.666666666666664,0,0,No hypertension,0
120911,41,40-59,4.1,Male,Non-Hispanic White,41.7,Obesity class 2-3 (35+),8.34,118.66666666666667,68.33333333333333,1,1,Hypertension,1
120912,66,60-79,6.6,Male,Mexican American,26.2,Overweight (25-29.9),5.24,133,58,0,1,Hypertension,0
120920,30,21-39,3,Female,Non-Hispanic Black,24.9,Healthy weight (18.5-24.9),4.9799999999999995,104.66666666666667,65.66666666666667,0,0,No hypertension,0
120921,22,21-39,2.2,Female,Non-Hispanic White,40.2,Obesity class 2-3 (35+),8.040000000000001,103.33333333333333,63,0,0,No hypertension,0
120922,46,40-59,4.6,Male,Non-Hispanic Black,32.4,Obesity class 1 (30-34.9),6.4799999999999995,120,75.33333333333333,0,0,No hypertension,0
120924,50,40-59,5,Male,Mexican American,32.8,Obesity class 1 (30-34.9),6.56,127.33333333333333,71.66666666666667,1,1,Hypertension,1
120925,28,21-39,2.8,Male,Non-Hispanic Black,27.1,Overweight (25-29.9),5.42,112.66666666666667,62.333333333333336,0,0,No hypertension,0
120927,55,40-59,5.5,Female,Non-Hispanic Black,42.2,Obesity class 2-3 (35+),8.440000000000001,124.66666666666667,89,1,1,Hypertension,1
120928,23,21-39,2.3,Male,Mexican American,22.4,Healthy weight (18.5-24.9),4.4799999999999995,107,57.333333333333336,0,0,No hypertension,0
120930,62,60-79,6.2,Female,Non-Hispanic Black,38.2,Obesity class 2-3 (35+),7.640000000000001,140,84,0,1,Hypertension,1
120933,68,60-79,6.8,Male,Other Hispanic,26.4,Overweight (25-29.9),5.279999999999999,144.33333333333334,74.66666666666667,1,1,Hypertension,1
120934,59,40-59,5.9,Female,Other/Multiracial,20.6,Healthy weight (18.5-24.9),4.12,121.66666666666667,86,0,1,Hypertension,0
120936,61,60-79,6.1,Male,Non-Hispanic White,39.8,Obesity class 2-3 (35+),7.959999999999999,162.33333333333334,98.66666666666667,1,1,Hypertension,1
120939,63,60-79,6.3,Male,Mexican American,31.3,Obesity class 1 (30-34.9),6.26,146.66666666666666,79.66666666666667,1,1,Hypertension,1
120941,67,60-79,6.7,Female,Other Hispanic,21.3,Healthy weight (18.5-24.9),4.26,117,67.33333333333333,1,1,Hypertension,1
120943,68,60-79,6.8,Male,Non-Hispanic White,22.7,Healthy weight (18.5-24.9),4.54,118,57,0,0,No hypertension,0
120945,25,21-39,2.5,Male,Non-Hispanic Black,26.2,Overweight (25-29.9),5.24,103,57.666666666666664,0,0,No hypertension,0
120946,62,60-79,6.2,Female,Non-Hispanic Black,37.5,Obesity class 2-3 (35+),7.5,170.33333333333334,71.66666666666667,1,1,Hypertension,1
120948,33,21-39,3.3,Male,Non-Hispanic White,40.6,Obesity class 2-3 (35+),8.120000000000001,137,92.33333333333333,0,1,Hypertension,1
120950,34,21-39,3.4,Male,Mexican American,32.9,Obesity class 1 (30-34.9),6.58,123.33333333333333,77.66666666666667,0,0,No hypertension,0
120953,61,60-79,6.1,Male,Non-Hispanic White,37.3,Obesity class 2-3 (35+),7.459999999999999,112,71,1,1,Hypertension,1
120959,69,60-79,6.9,Male,Mexican American,34.7,Obesity class 1 (30-34.9),6.94,161.66666666666666,88.33333333333333,0,1,Hypertension,1
120960,61,60-79,6.1,Female,Non-Hispanic Black,35.8,Obesity class 2-3 (35+),7.159999999999999,115.33333333333333,76.66666666666667,1,1,Hypertension,1
120962,58,40-59,5.8,Male,Non-Hispanic Black,25.5,Overweight (25-29.9),5.1,127.33333333333333,76.66666666666667,1,1,Hypertension,1
120964,71,60-79,7.1,Male,Non-Hispanic White,30.3,Obesity class 1 (30-34.9),6.0600000000000005,130,69,0,1,Hypertension,0
120965,55,40-59,5.5,Female,Non-Hispanic White,23.6,Healthy weight (18.5-24.9),4.720000000000001,103.33333333333333,66.33333333333333,0,0,No hypertension,0
120967,57,40-59,5.7,Male,Non-Hispanic White,35.2,Obesity class 2-3 (35+),7.040000000000001,152,95.33333333333333,0,1,Hypertension,1
120968,70,60-79,7,Male,Non-Hispanic White,30.9,Obesity class 1 (30-34.9),6.18,120.66666666666667,75,0,0,No hypertension,0
120969,46,40-59,4.6,Male,Other/Multiracial,39.2,Obesity class 2-3 (35+),7.840000000000001,133.33333333333334,87.66666666666667,0,1,Hypertension,0
120971,41,40-59,4.1,Female,Non-Hispanic Asian,35.3,Obesity class 2-3 (35+),7.06,117.66666666666667,77,0,0,No hypertension,0
120973,63,60-79,6.3,Male,Non-Hispanic White,25,Overweight (25-29.9),5,113,71,1,1,Hypertension,1
120978,53,40-59,5.3,Female,Mexican American,27.4,Overweight (25-29.9),5.4799999999999995,117.33333333333333,70,0,0,No hypertension,0
120979,62,60-79,6.2,Female,Other Hispanic,32.3,Obesity class 1 (30-34.9),6.459999999999999,142.66666666666666,75,1,1,Hypertension,1
120981,68,60-79,6.8,Female,Non-Hispanic White,31.9,Obesity class 1 (30-34.9),6.38,124.66666666666667,65.66666666666667,0,0,No hypertension,0
120982,29,21-39,2.9,Male,Mexican American,31.5,Obesity class 1 (30-34.9),6.3,119.66666666666667,68.33333333333333,0,0,No hypertension,0
120983,60,60-79,6,Female,Other Hispanic,29.2,Overweight (25-29.9),5.84,115.66666666666667,70.66666666666667,0,0,No hypertension,0
120984,39,21-39,3.9,Female,Non-Hispanic White,33.2,Obesity class 1 (30-34.9),6.640000000000001,108.66666666666667,80,0,1,Hypertension,0
120985,44,40-59,4.4,Female,Non-Hispanic Black,26.6,Overweight (25-29.9),5.32,131.33333333333334,83.66666666666667,0,1,Hypertension,0
120987,50,40-59,5,Female,Non-Hispanic Black,38.7,Obesity class 2-3 (35+),7.74,94.66666666666667,69.66666666666667,0,0,No hypertension,0
120991,27,21-39,2.7,Male,Non-Hispanic Black,25.1,Overweight (25-29.9),5.0200000000000005,129.33333333333334,74,0,0,No hypertension,0
120992,69,60-79,6.9,Female,Other Hispanic,27.8,Overweight (25-29.9),5.5600000000000005,139.66666666666666,83,1,1,Hypertension,1
120994,55,40-59,5.5,Female,Mexican American,38.8,Obesity class 2-3 (35+),7.76,128,86.33333333333333,1,1,Hypertension,1
120999,64,60-79,6.4,Male,Non-Hispanic Black,20.8,Healthy weight (18.5-24.9),4.16,129.66666666666666,105,0,1,Hypertension,1
121000,46,40-59,4.6,Male,Other Hispanic,26.3,Overweight (25-29.9),5.26,150.66666666666666,91.33333333333333,0,1,Hypertension,1
121001,64,60-79,6.4,Female,Non-Hispanic Black,26,Overweight (25-29.9),5.2,140,80.33333333333333,0,1,Hypertension,1
121005,66,60-79,6.6,Male,Non-Hispanic White,42.9,Obesity class 2-3 (35+),8.58,156.66666666666666,106,1,1,Hypertension,1
121006,74,60-79,7.4,Female,Non-Hispanic Asian,24.6,Healthy weight (18.5-24.9),4.92,133,75.66666666666667,1,1,Hypertension,1
121008,46,40-59,4.6,Female,Non-Hispanic White,23.4,Healthy weight (18.5-24.9),4.68,114.66666666666667,76.66666666666667,1,1,Hypertension,1
121011,23,21-39,2.3,Male,Non-Hispanic Asian,22.6,Healthy weight (18.5-24.9),4.5200000000000005,98.33333333333333,56.666666666666664,0,0,No hypertension,0
121012,22,21-39,2.2,Female,Other Hispanic,32.3,Obesity class 1 (30-34.9),6.459999999999999,100.66666666666667,66,0,0,No hypertension,0
121020,55,40-59,5.5,Male,Non-Hispanic Asian,29.6,Overweight (25-29.9),5.92,129.66666666666666,87.66666666666667,1,1,Hypertension,1
121022,39,21-39,3.9,Female,Non-Hispanic White,26.1,Overweight (25-29.9),5.220000000000001,97.33333333333333,54.333333333333336,0,0,No hypertension,0
121023,60,60-79,6,Male,Non-Hispanic Black,29.1,Overweight (25-29.9),5.82,111.66666666666667,71.33333333333333,0,0,No hypertension,0
121030,29,21-39,2.9,Female,Mexican American,37.9,Obesity class 2-3 (35+),7.58,109,66.66666666666667,0,0,No hypertension,0
121037,46,40-59,4.6,Female,Non-Hispanic White,20.1,Healthy weight (18.5-24.9),4.0200000000000005,137.33333333333334,87.66666666666667,0,1,Hypertension,0
121038,53,40-59,5.3,Male,Mexican American,28.1,Overweight (25-29.9),5.62,118.33333333333333,78.66666666666667,0,0,No hypertension,0
121041,42,40-59,4.2,Male,Other/Multiracial,47.9,Obesity class 2-3 (35+),9.58,154.33333333333334,99.33333333333333,1,1,Hypertension,1
121043,26,21-39,2.6,Male,Mexican American,38.8,Obesity class 2-3 (35+),7.76,124,85,0,1,Hypertension,0
121045,27,21-39,2.7,Male,Non-Hispanic Black,34.2,Obesity class 1 (30-34.9),6.840000000000001,118,73,0,0,No hypertension,0
121048,47,40-59,4.7,Female,Non-Hispanic Black,27.9,Overweight (25-29.9),5.58,138.33333333333334,90,0,1,Hypertension,1
121052,24,21-39,2.4,Female,Other Hispanic,41.3,Obesity class 2-3 (35+),8.26,110.66666666666667,72.33333333333333,0,0,No hypertension,0
121053,65,60-79,6.5,Female,Non-Hispanic Black,29.2,Overweight (25-29.9),5.84,167.33333333333334,88.33333333333333,1,1,Hypertension,1
121057,25,21-39,2.5,Male,Non-Hispanic Black,29.8,Overweight (25-29.9),5.96,112,60.333333333333336,0,0,No hypertension,0
121058,51,40-59,5.1,Male,Other Hispanic,25.3,Overweight (25-29.9),5.0600000000000005,121,80.66666666666667,0,1,Hypertension,0
121060,31,21-39,3.1,Male,Non-Hispanic Black,23.8,Healthy weight (18.5-24.9),4.76,163,99.33333333333333,0,1,Hypertension,1
121061,62,60-79,6.2,Male,Non-Hispanic Black,18.9,Healthy weight (18.5-24.9),3.78,144,76,0,1,Hypertension,1
121063,42,40-59,4.2,Female,Other Hispanic,33.3,Obesity class 1 (30-34.9),6.659999999999999,119.33333333333333,82.33333333333333,0,1,Hypertension,0
121064,59,40-59,5.9,Male,Non-Hispanic White,32.9,Obesity class 1 (30-34.9),6.58,111,72.5,0,0,No hypertension,0
121065,74,60-79,7.4,Female,Other Hispanic,33.5,Obesity class 1 (30-34.9),6.7,141.33333333333334,64,1,1,Hypertension,1
121067,60,60-79,6,Male,Other Hispanic,35.2,Obesity class 2-3 (35+),7.040000000000001,103.33333333333333,66.66666666666667,0,0,No hypertension,0
121068,54,40-59,5.4,Female,Non-Hispanic White,25.8,Overweight (25-29.9),5.16,123.33333333333333,77.66666666666667,0,0,No hypertension,0
121069,31,21-39,3.1,Male,Non-Hispanic Black,37,Obesity class 2-3 (35+),7.4,114,79.33333333333333,0,0,No hypertension,0
121070,43,40-59,4.3,Female,Non-Hispanic Asian,25.4,Overweight (25-29.9),5.08,123.66666666666667,82.66666666666667,0,1,Hypertension,0
121071,21,21-39,2.1,Female,Other Hispanic,25.4,Overweight (25-29.9),5.08,106.33333333333333,60.333333333333336,0,0,No hypertension,0
121074,35,21-39,3.5,Male,Other Hispanic,26.8,Overweight (25-29.9),5.36,104,59,0,0,No hypertension,0
121077,30,21-39,3,Male,Other Hispanic,30.1,Obesity class 1 (30-34.9),6.0200000000000005,114,62.666666666666664,0,0,No hypertension,0
121078,64,60-79,6.4,Male,Non-Hispanic Black,36.7,Obesity class 2-3 (35+),7.340000000000001,130.33333333333334,80.66666666666667,1,1,Hypertension,1
121081,51,40-59,5.1,Female,Non-Hispanic Asian,27.5,Overweight (25-29.9),5.5,111.66666666666667,77,0,0,No hypertension,0
121082,48,40-59,4.8,Female,Non-Hispanic White,23.1,Healthy weight (18.5-24.9),4.62,108.33333333333333,72,0,0,No hypertension,0
121083,24,21-39,2.4,Male,Other/Multiracial,30.9,Obesity class 1 (30-34.9),6.18,127.66666666666667,81.33333333333333,0,1,Hypertension,0
121088,31,21-39,3.1,Female,Non-Hispanic White,41,Obesity class 2-3 (35+),8.2,108,73,0,0,No hypertension,0
121089,72,60-79,7.2,Female,Non-Hispanic White,29,Overweight (25-29.9),5.8,112,72.66666666666667,0,0,No hypertension,0
121095,67,60-79,6.7,Female,Non-Hispanic Black,31.7,Obesity class 1 (30-34.9),6.34,93.33333333333333,65.66666666666667,1,1,Hypertension,1
121098,56,40-59,5.6,Male,Other Hispanic,29.1,Overweight (25-29.9),5.82,103.33333333333333,62.666666666666664,0,0,No hypertension,0
121101,33,21-39,3.3,Male,Mexican American,35.8,Obesity class 2-3 (35+),7.159999999999999,109.66666666666667,58.666666666666664,0,0,No hypertension,0
121102,45,40-59,4.5,Male,Other/Multiracial,28.9,Overweight (25-29.9),5.779999999999999,118.33333333333333,76.66666666666667,0,0,No hypertension,0
121104,66,60-79,6.6,Female,Non-Hispanic Black,36.5,Obesity class 2-3 (35+),7.3,150.33333333333334,79.33333333333333,1,1,Hypertension,1
121106,71,60-79,7.1,Male,Non-Hispanic Black,29.9,Overweight (25-29.9),5.9799999999999995,134,75,1,1,Hypertension,1
121111,29,21-39,2.9,Male,Other Hispanic,26.2,Overweight (25-29.9),5.24,130,88.33333333333333,0,1,Hypertension,0
121114,29,21-39,2.9,Female,Mexican American,35.4,Obesity class 2-3 (35+),7.08,110.66666666666667,77,0,0,No hypertension,0
121115,72,60-79,7.2,Male,Non-Hispanic Black,36.2,Obesity class 2-3 (35+),7.24,132,76,1,1,Hypertension,1
121116,42,40-59,4.2,Female,Non-Hispanic Asian,27.9,Overweight (25-29.9),5.58,103.66666666666667,70,0,0,No hypertension,0
121117,50,40-59,5,Male,Non-Hispanic Black,30.7,Obesity class 1 (30-34.9),6.14,180.33333333333334,122,1,1,Hypertension,1
121120,54,40-59,5.4,Female,Other Hispanic,33.2,Obesity class 1 (30-34.9),6.640000000000001,137.33333333333334,85.66666666666667,0,1,Hypertension,0
121122,46,40-59,4.6,Male,Non-Hispanic White,25.5,Overweight (25-29.9),5.1,128,89,0,1,Hypertension,0
121123,53,40-59,5.3,Female,Non-Hispanic Black,33.3,Obesity class 1 (30-34.9),6.659999999999999,135,83.66666666666667,1,1,Hypertension,1
121125,22,21-39,2.2,Male,Mexican American,39.5,Obesity class 2-3 (35+),7.9,115.33333333333333,79,0,0,No hypertension,0
121126,53,40-59,5.3,Female,Non-Hispanic Asian,20.3,Healthy weight (18.5-24.9),4.0600000000000005,126.66666666666667,74,0,0,No hypertension,0
121134,56,40-59,5.6,Male,Non-Hispanic White,31.1,Obesity class 1 (30-34.9),6.220000000000001,149.33333333333334,88,0,1,Hypertension,1
121135,40,40-59,4,Male,Non-Hispanic White,33.8,Obesity class 1 (30-34.9),6.76,110.66666666666667,73.66666666666667,0,0,No hypertension,0
121136,79,60-79,7.9,Male,Non-Hispanic Asian,24.9,Healthy weight (18.5-24.9),4.9799999999999995,138.66666666666666,74.66666666666667,0,1,Hypertension,0
121138,32,21-39,3.2,Male,Mexican American,30.3,Obesity class 1 (30-34.9),6.0600000000000005,141,88.33333333333333,0,1,Hypertension,1
121146,26,21-39,2.6,Male,Non-Hispanic Asian,23.1,Healthy weight (18.5-24.9),4.62,127,80.33333333333333,0,1,Hypertension,0
121147,50,40-59,5,Female,Non-Hispanic Asian,25.2,Overweight (25-29.9),5.04,111,70.66666666666667,0,0,No hypertension,0
121148,53,40-59,5.3,Female,Non-Hispanic Black,35.5,Obesity class 2-3 (35+),7.1,113.33333333333333,75.66666666666667,1,1,Hypertension,1
121149,43,40-59,4.3,Female,Other Hispanic,33.2,Obesity class 1 (30-34.9),6.640000000000001,116.33333333333333,80.33333333333333,0,1,Hypertension,0
121153,28,21-39,2.8,Male,Non-Hispanic White,35.3,Obesity class 2-3 (35+),7.06,117,80.66666666666667,0,1,Hypertension,0
121154,61,60-79,6.1,Female,Other Hispanic,27.9,Overweight (25-29.9),5.58,126,66,0,0,No hypertension,0
121156,59,40-59,5.9,Female,Mexican American,30.3,Obesity class 1 (30-34.9),6.0600000000000005,97.66666666666667,60.333333333333336,0,0,No hypertension,0
121157,63,60-79,6.3,Female,Non-Hispanic Black,24.2,Healthy weight (18.5-24.9),4.84,134,79.66666666666667,0,1,Hypertension,0
121160,72,60-79,7.2,Male,Non-Hispanic White,29.6,Overweight (25-29.9),5.92,99,53.666666666666664,1,1,Hypertension,1
121162,42,40-59,4.2,Female,Non-Hispanic White,32,Obesity class 1 (30-34.9),6.4,117.66666666666667,76,0,0,No hypertension,0
121163,72,60-79,7.2,Female,Other Hispanic,54.4,Obesity class 2-3 (35+),10.879999999999999,151.66666666666666,88.66666666666667,1,1,Hypertension,1
121165,22,21-39,2.2,Male,Non-Hispanic White,21.6,Healthy weight (18.5-24.9),4.32,121.66666666666667,61.333333333333336,0,0,No hypertension,0
121169,31,21-39,3.1,Male,Other/Multiracial,25,Overweight (25-29.9),5,124.33333333333333,68.33333333333333,0,0,No hypertension,0
121171,49,40-59,4.9,Female,Non-Hispanic Asian,26.7,Overweight (25-29.9),5.34,151.66666666666666,70.66666666666667,0,1,Hypertension,1
121172,73,60-79,7.3,Female,Non-Hispanic White,49.6,Obesity class 2-3 (35+),9.92,121,85.66666666666667,0,1,Hypertension,0
121173,63,60-79,6.3,Female,Non-Hispanic Black,37.8,Obesity class 2-3 (35+),7.56,124.66666666666667,77.66666666666667,0,0,No hypertension,0
121174,55,40-59,5.5,Male,Non-Hispanic Asian,30.4,Obesity class 1 (30-34.9),6.08,189,86.33333333333333,1,1,Hypertension,1
121175,63,60-79,6.3,Male,Non-Hispanic Black,21,Healthy weight (18.5-24.9),4.2,125.33333333333333,72,0,0,No hypertension,0
121176,60,60-79,6,Female,Non-Hispanic Black,33.6,Obesity class 1 (30-34.9),6.720000000000001,115.66666666666667,81.33333333333333,1,1,Hypertension,1
121178,72,60-79,7.2,Male,Non-Hispanic Black,30,Obesity class 1 (30-34.9),6,113,76,1,1,Hypertension,1
121182,45,40-59,4.5,Male,Non-Hispanic Asian,27,Overweight (25-29.9),5.4,109,65.66666666666667,0,0,No hypertension,0
121183,70,60-79,7,Male,Other Hispanic,26.2,Overweight (25-29.9),5.24,147.66666666666666,70.66666666666667,1,1,Hypertension,1
121185,47,40-59,4.7,Female,Other Hispanic,29.6,Overweight (25-29.9),5.92,100.66666666666667,63.333333333333336,0,0,No hypertension,0
121187,61,60-79,6.1,Female,Non-Hispanic Black,37.1,Obesity class 2-3 (35+),7.42,132.66666666666666,72.33333333333333,1,1,Hypertension,1
121188,35,21-39,3.5,Female,Other/Multiracial,24.2,Healthy weight (18.5-24.9),4.84,89.66666666666667,49.666666666666664,0,0,No hypertension,0
121194,39,21-39,3.9,Female,Non-Hispanic Black,26.1,Overweight (25-29.9),5.220000000000001,123,78,0,0,No hypertension,0
121197,61,60-79,6.1,Male,Non-Hispanic Black,30,Obesity class 1 (30-34.9),6,152,80,1,1,Hypertension,1
121199,24,21-39,2.4,Female,Mexican American,21.6,Healthy weight (18.5-24.9),4.32,94.66666666666667,62.333333333333336,0,0,No hypertension,0
121200,49,40-59,4.9,Female,Mexican American,27.6,Overweight (25-29.9),5.5200000000000005,132.33333333333334,84.33333333333333,1,1,Hypertension,1
121201,36,21-39,3.6,Male,Mexican American,37.2,Obesity class 2-3 (35+),7.44,126,76.33333333333333,0,0,No hypertension,0
121204,70,60-79,7,Female,Other Hispanic,20.1,Healthy weight (18.5-24.9),4.0200000000000005,164,82,0,1,Hypertension,1
121205,70,60-79,7,Male,Other Hispanic,28.4,Overweight (25-29.9),5.68,142,77.66666666666667,1,1,Hypertension,1
121207,65,60-79,6.5,Male,Non-Hispanic Black,17.7,Underweight (<18.5),3.54,109.33333333333333,68.33333333333333,1,1,Hypertension,1
121209,50,40-59,5,Female,Non-Hispanic Black,20.4,Healthy weight (18.5-24.9),4.08,121.33333333333333,74.66666666666667,0,0,No hypertension,0
121210,24,21-39,2.4,Male,Other Hispanic,27.7,Overweight (25-29.9),5.54,128,80,0,1,Hypertension,0
121213,24,21-39,2.4,Female,Other/Multiracial,26.6,Overweight (25-29.9),5.32,125,82.33333333333333,0,1,Hypertension,0
121215,32,21-39,3.2,Female,Mexican American,24,Healthy weight (18.5-24.9),4.8,95,56,0,0,No hypertension,0
121219,41,40-59,4.1,Male,Non-Hispanic White,27.7,Overweight (25-29.9),5.54,125.33333333333333,80.66666666666667,1,1,Hypertension,1
121220,36,21-39,3.6,Male,Non-Hispanic White,28.5,Overweight (25-29.9),5.7,109.33333333333333,73,0,0,No hypertension,0
121227,65,60-79,6.5,Female,Non-Hispanic Black,33.4,Obesity class 1 (30-34.9),6.68,148.66666666666666,86,1,1,Hypertension,1
121228,29,21-39,2.9,Female,Other/Multiracial,19.9,Healthy weight (18.5-24.9),3.9799999999999995,115.66666666666667,73.33333333333333,0,0,No hypertension,0
121237,63,60-79,6.3,Female,Non-Hispanic White,30.6,Obesity class 1 (30-34.9),6.12,133.66666666666666,76.33333333333333,0,1,Hypertension,0
121240,44,40-59,4.4,Female,Non-Hispanic Black,37.5,Obesity class 2-3 (35+),7.5,112,70.33333333333333,0,0,No hypertension,0
121243,62,60-79,6.2,Female,Non-Hispanic Asian,24.1,Healthy weight (18.5-24.9),4.82,134.66666666666666,80.33333333333333,0,1,Hypertension,0
121245,24,21-39,2.4,Male,Non-Hispanic Black,21,Healthy weight (18.5-24.9),4.2,123.66666666666667,67,0,0,No hypertension,0
121246,48,40-59,4.8,Female,Non-Hispanic White,39.6,Obesity class 2-3 (35+),7.92,105.66666666666667,69.66666666666667,1,1,Hypertension,1
121247,44,40-59,4.4,Male,Non-Hispanic Asian,28.4,Overweight (25-29.9),5.68,105,70,0,0,No hypertension,0
121249,77,60-79,7.7,Male,Non-Hispanic Asian,28.8,Overweight (25-29.9),5.76,119.66666666666667,62,0,0,No hypertension,0
121253,55,40-59,5.5,Female,Other Hispanic,25,Overweight (25-29.9),5,132,79.33333333333333,1,1,Hypertension,1
121255,33,21-39,3.3,Female,Non-Hispanic Black,39.5,Obesity class 2-3 (35+),7.9,121,86,0,1,Hypertension,0
121256,23,21-39,2.3,Female,Non-Hispanic White,34.5,Obesity class 1 (30-34.9),6.9,119,75.33333333333333,0,0,No hypertension,0
121259,35,21-39,3.5,Female,Non-Hispanic Black,28,Overweight (25-29.9),5.6,116.33333333333333,71.33333333333333,0,0,No hypertension,0
121260,75,60-79,7.5,Female,Mexican American,25.6,Overweight (25-29.9),5.12,153.33333333333334,72.66666666666667,0,1,Hypertension,1
121264,42,40-59,4.2,Male,Non-Hispanic White,26.3,Overweight (25-29.9),5.26,130.66666666666666,89.66666666666667,1,1,Hypertension,1
121269,53,40-59,5.3,Male,Other Hispanic,31.7,Obesity class 1 (30-34.9),6.34,124.33333333333333,78.66666666666667,0,0,No hypertension,0
121270,24,21-39,2.4,Male,Non-Hispanic Black,19.6,Healthy weight (18.5-24.9),3.9200000000000004,118.66666666666667,67.33333333333333,0,0,No hypertension,0
121274,58,40-59,5.8,Male,Non-Hispanic Asian,41.2,Obesity class 2-3 (35+),8.24,130.66666666666666,83.66666666666667,1,1,Hypertension,1
121276,35,21-39,3.5,Female,Non-Hispanic Black,46,Obesity class 2-3 (35+),9.2,111.33333333333333,86.33333333333333,0,1,Hypertension,0
121277,60,60-79,6,Female,Non-Hispanic Black,43.3,Obesity class 2-3 (35+),8.66,171.33333333333334,96.33333333333333,0,1,Hypertension,1
121279,28,21-39,2.8,Female,Non-Hispanic White,29.9,Overweight (25-29.9),5.9799999999999995,116,76.33333333333333,0,0,No hypertension,0
121284,46,40-59,4.6,Male,Non-Hispanic White,40.2,Obesity class 2-3 (35+),8.040000000000001,144.33333333333334,106.33333333333333,0,1,Hypertension,1
121286,29,21-39,2.9,Female,Non-Hispanic White,32.9,Obesity class 1 (30-34.9),6.58,93,63.666666666666664,0,0,No hypertension,0
121287,60,60-79,6,Male,Non-Hispanic Black,28,Overweight (25-29.9),5.6,132.66666666666666,76.33333333333333,0,1,Hypertension,0
121290,58,40-59,5.8,Female,Non-Hispanic White,26.1,Overweight (25-29.9),5.220000000000001,108.33333333333333,65.33333333333333,0,0,No hypertension,0
121291,65,60-79,6.5,Male,Non-Hispanic White,30.4,Obesity class 1 (30-34.9),6.08,153,78.33333333333333,1,1,Hypertension,1
121295,66,60-79,6.6,Male,Non-Hispanic Asian,23.4,Healthy weight (18.5-24.9),4.68,143,82,0,1,Hypertension,1
121296,57,40-59,5.7,Male,Non-Hispanic White,26.5,Overweight (25-29.9),5.3,107.33333333333333,61.333333333333336,0,0,No hypertension,0
121299,64,60-79,6.4,Female,Other Hispanic,33,Obesity class 1 (30-34.9),6.6,118,74,0,0,No hypertension,0
121303,46,40-59,4.6,Male,Non-Hispanic White,25.6,Overweight (25-29.9),5.12,117,72.33333333333333,0,0,No hypertension,0
121304,58,40-59,5.8,Male,Other Hispanic,28.1,Overweight (25-29.9),5.62,130.66666666666666,77.33333333333333,0,1,Hypertension,0
121305,44,40-59,4.4,Male,Other/Multiracial,34.3,Obesity class 1 (30-34.9),6.859999999999999,140.33333333333334,83,0,1,Hypertension,1
121309,70,60-79,7,Female,Non-Hispanic White,29.3,Overweight (25-29.9),5.86,110,70.33333333333333,1,1,Hypertension,1
121311,38,21-39,3.8,Female,Other Hispanic,27,Overweight (25-29.9),5.4,125.66666666666667,80,0,1,Hypertension,0
121313,55,40-59,5.5,Female,Non-Hispanic Black,29.9,Overweight (25-29.9),5.9799999999999995,119,84,1,1,Hypertension,1
121315,53,40-59,5.3,Male,Mexican American,30.9,Obesity class 1 (30-34.9),6.18,117.66666666666667,80.66666666666667,0,1,Hypertension,0
121317,61,60-79,6.1,Male,Non-Hispanic Black,29.6,Overweight (25-29.9),5.92,141.33333333333334,78,0,1,Hypertension,1
121318,21,21-39,2.1,Male,Non-Hispanic White,20.8,Healthy weight (18.5-24.9),4.16,128.66666666666666,73,0,0,No hypertension,0
121319,47,40-59,4.7,Female,Non-Hispanic White,30.5,Obesity class 1 (30-34.9),6.1,116.66666666666667,79.33333333333333,0,0,No hypertension,0
121321,63,60-79,6.3,Male,Non-Hispanic Black,44.5,Obesity class 2-3 (35+),8.9,118.66666666666667,81,0,1,Hypertension,0
121324,27,21-39,2.7,Female,Non-Hispanic Asian,31.6,Obesity class 1 (30-34.9),6.32,111.33333333333333,67.66666666666667,0,0,No hypertension,0
121326,70,60-79,7,Female,Non-Hispanic Black,27.1,Overweight (25-29.9),5.42,131,82.66666666666667,0,1,Hypertension,0
121328,66,60-79,6.6,Male,Non-Hispanic White,31,Obesity class 1 (30-34.9),6.2,131.66666666666666,77,1,1,Hypertension,1
121329,63,60-79,6.3,Female,Non-Hispanic White,18.6,Healthy weight (18.5-24.9),3.72,143.66666666666666,97.33333333333333,0,1,Hypertension,1
121330,61,60-79,6.1,Female,Non-Hispanic Black,34.9,Obesity class 1 (30-34.9),6.9799999999999995,136.66666666666666,87.33333333333333,0,1,Hypertension,0
121334,69,60-79,6.9,Female,Non-Hispanic White,24.7,Healthy weight (18.5-24.9),4.9399999999999995,130.66666666666666,67.33333333333333,0,1,Hypertension,0
121336,73,60-79,7.3,Female,Non-Hispanic White,30.8,Obesity class 1 (30-34.9),6.16,104.66666666666667,51.333333333333336,1,1,Hypertension,1
121337,72,60-79,7.2,Male,Non-Hispanic Black,21.3,Healthy weight (18.5-24.9),4.26,123.33333333333333,77.66666666666667,0,0,No hypertension,0
121339,46,40-59,4.6,Male,Non-Hispanic Black,26.6,Overweight (25-29.9),5.32,121,82,0,1,Hypertension,0
121340,37,21-39,3.7,Female,Non-Hispanic Black,24.4,Healthy weight (18.5-24.9),4.88,95.33333333333333,51.666666666666664,0,0,No hypertension,0
121341,61,60-79,6.1,Male,Mexican American,30.8,Obesity class 1 (30-34.9),6.16,125.66666666666667,86,0,1,Hypertension,0
121343,45,40-59,4.5,Female,Other/Multiracial,31,Obesity class 1 (30-34.9),6.2,105.33333333333333,72.33333333333333,0,0,No hypertension,0
121345,34,21-39,3.4,Female,Non-Hispanic Black,33.7,Obesity class 1 (30-34.9),6.74,89.33333333333333,51,0,0,No hypertension,0
121346,52,40-59,5.2,Male,Mexican American,27.2,Overweight (25-29.9),5.4399999999999995,135,85.33333333333333,0,1,Hypertension,0
121348,49,40-59,4.9,Female,Non-Hispanic Black,37.3,Obesity class 2-3 (35+),7.459999999999999,126.33333333333333,75.66666666666667,1,1,Hypertension,1
121349,75,60-79,7.5,Male,Mexican American,23.9,Healthy weight (18.5-24.9),4.779999999999999,167.33333333333334,76,1,1,Hypertension,1
121350,42,40-59,4.2,Female,Mexican American,35.1,Obesity class 2-3 (35+),7.0200000000000005,112,72.33333333333333,0,0,No hypertension,0
121351,41,40-59,4.1,Male,Non-Hispanic White,24.8,Healthy weight (18.5-24.9),4.96,122,70,0,0,No hypertension,0
121353,63,60-79,6.3,Male,Non-Hispanic White,25.3,Overweight (25-29.9),5.0600000000000005,142.33333333333334,73.33333333333333,1,1,Hypertension,1
121358,29,21-39,2.9,Male,Non-Hispanic White,44.8,Obesity class 2-3 (35+),8.959999999999999,163.33333333333334,109.66666666666667,0,1,Hypertension,1
121360,58,40-59,5.8,Male,Non-Hispanic Black,39.7,Obesity class 2-3 (35+),7.94,137.66666666666666,79.66666666666667,1,1,Hypertension,1
121361,40,40-59,4,Female,Non-Hispanic White,18.4,Underweight (<18.5),3.6799999999999997,103.33333333333333,69,0,0,No hypertension,0
121365,37,21-39,3.7,Male,Non-Hispanic Asian,22.7,Healthy weight (18.5-24.9),4.54,133.66666666666666,94,0,1,Hypertension,1
121367,45,40-59,4.5,Male,Non-Hispanic Black,34.3,Obesity class 1 (30-34.9),6.859999999999999,114.33333333333333,72,0,0,No hypertension,0
121368,55,40-59,5.5,Male,Non-Hispanic Asian,21.1,Healthy weight (18.5-24.9),4.220000000000001,119,80.66666666666667,0,1,Hypertension,0
121371,23,21-39,2.3,Male,Mexican American,29.5,Overweight (25-29.9),5.9,117.66666666666667,63,0,0,No hypertension,0
121373,76,60-79,7.6,Male,Non-Hispanic Asian,27.6,Overweight (25-29.9),5.5200000000000005,156.33333333333334,95,1,1,Hypertension,1
121374,45,40-59,4.5,Female,Non-Hispanic Black,27.3,Overweight (25-29.9),5.46,115.33333333333333,75.66666666666667,1,1,Hypertension,1
121378,45,40-59,4.5,Female,Non-Hispanic White,22,Healthy weight (18.5-24.9),4.4,108.66666666666667,70.66666666666667,0,0,No hypertension,0
121381,23,21-39,2.3,Female,Non-Hispanic White,60.3,Obesity class 2-3 (35+),12.059999999999999,96,53.333333333333336,0,0,No hypertension,0
121383,70,60-79,7,Male,Non-Hispanic White,27.5,Overweight (25-29.9),5.5,104.66666666666667,64.66666666666667,1,1,Hypertension,1
121384,62,60-79,6.2,Male,Non-Hispanic White,18.9,Healthy weight (18.5-24.9),3.78,114,77.33333333333333,0,0,No hypertension,0
121386,48,40-59,4.8,Male,Non-Hispanic White,33.7,Obesity class 1 (30-34.9),6.74,126,82,0,1,Hypertension,0
121391,62,60-79,6.2,Female,Mexican American,34.5,Obesity class 1 (30-34.9),6.9,118,70.33333333333333,1,1,Hypertension,1
121393,65,60-79,6.5,Female,Other Hispanic,25.5,Overweight (25-29.9),5.1,132.33333333333334,73,0,1,Hypertension,0
121394,43,40-59,4.3,Female,Non-Hispanic Black,34.3,Obesity class 1 (30-34.9),6.859999999999999,103.66666666666667,71.66666666666667,0,0,No hypertension,0
121395,54,40-59,5.4,Female,Mexican American,40.8,Obesity class 2-3 (35+),8.16,90.33333333333333,49,0,0,No hypertension,0
121401,35,21-39,3.5,Female,Mexican American,31.8,Obesity class 1 (30-34.9),6.36,93,60.333333333333336,0,0,No hypertension,0
121405,37,21-39,3.7,Female,Non-Hispanic White,21.7,Healthy weight (18.5-24.9),4.34,102.66666666666667,65,0,0,No hypertension,0
121406,78,60-79,7.8,Female,Non-Hispanic Black,28.9,Overweight (25-29.9),5.779999999999999,124.66666666666667,66.66666666666667,1,1,Hypertension,1
121407,54,40-59,5.4,Female,Non-Hispanic Black,41,Obesity class 2-3 (35+),8.2,112,87,0,1,Hypertension,0
121408,37,21-39,3.7,Male,Mexican American,27.1,Overweight (25-29.9),5.42,121.33333333333333,77.33333333333333,0,0,No hypertension,0
121410,60,60-79,6,Female,Other Hispanic,35.4,Obesity class 2-3 (35+),7.08,162,87.33333333333333,0,1,Hypertension,1
121414,53,40-59,5.3,Female,Non-Hispanic Black,29.5,Overweight (25-29.9),5.9,103.33333333333333,63.666666666666664,0,0,No hypertension,0
121415,60,60-79,6,Female,Non-Hispanic White,20.6,Healthy weight (18.5-24.9),4.12,116.33333333333333,65.66666666666667,0,0,No hypertension,0
121417,49,40-59,4.9,Male,Non-Hispanic Asian,20.6,Healthy weight (18.5-24.9),4.12,131.33333333333334,74,0,1,Hypertension,0
121418,77,60-79,7.7,Female,Non-Hispanic White,22,Healthy weight (18.5-24.9),4.4,119.33333333333333,63.333333333333336,0,0,No hypertension,0
121420,69,60-79,6.9,Male,Non-Hispanic White,26.8,Overweight (25-29.9),5.36,137.66666666666666,70,1,1,Hypertension,1
121421,46,40-59,4.6,Male,Non-Hispanic Black,32.5,Obesity class 1 (30-34.9),6.5,119.33333333333333,77,0,0,No hypertension,0
121422,31,21-39,3.1,Female,Non-Hispanic Black,30.8,Obesity class 1 (30-34.9),6.16,100.66666666666667,68,0,0,No hypertension,0
121424,49,40-59,4.9,Female,Non-Hispanic Black,24.5,Healthy weight (18.5-24.9),4.9,117,75.33333333333333,1,1,Hypertension,1
121426,78,60-79,7.8,Female,Non-Hispanic Black,27.6,Overweight (25-29.9),5.5200000000000005,180.66666666666666,82.33333333333333,1,1,Hypertension,1
121428,36,21-39,3.6,Male,Non-Hispanic Asian,26.7,Overweight (25-29.9),5.34,122,82,0,1,Hypertension,0
121429,39,21-39,3.9,Female,Non-Hispanic Black,32.7,Obesity class 1 (30-34.9),6.540000000000001,111.33333333333333,82.33333333333333,0,1,Hypertension,0
121432,73,60-79,7.3,Male,Non-Hispanic White,24.8,Healthy weight (18.5-24.9),4.96,126.66666666666667,65.33333333333333,0,0,No hypertension,0
121435,28,21-39,2.8,Male,Non-Hispanic Black,23.2,Healthy weight (18.5-24.9),4.64,130,81.66666666666667,0,1,Hypertension,0
121436,69,60-79,6.9,Male,Non-Hispanic Black,40,Obesity class 2-3 (35+),8,130,81,1,1,Hypertension,1
121438,64,60-79,6.4,Female,Non-Hispanic White,23.1,Healthy weight (18.5-24.9),4.62,134.66666666666666,78,0,1,Hypertension,0
121442,66,60-79,6.6,Male,Non-Hispanic Black,32.8,Obesity class 1 (30-34.9),6.56,126,86.33333333333333,1,1,Hypertension,1
121443,40,40-59,4,Male,Non-Hispanic White,24.3,Healthy weight (18.5-24.9),4.86,132.33333333333334,89,0,1,Hypertension,0
121444,44,40-59,4.4,Male,Non-Hispanic Black,36.3,Obesity class 2-3 (35+),7.26,103.33333333333333,72.66666666666667,0,0,No hypertension,0
121445,62,60-79,6.2,Male,Other Hispanic,26.1,Overweight (25-29.9),5.220000000000001,128.66666666666666,71.33333333333333,0,0,No hypertension,0
121451,60,60-79,6,Female,Non-Hispanic Black,29.3,Overweight (25-29.9),5.86,113,73,0,0,No hypertension,0
121458,41,40-59,4.1,Male,Non-Hispanic Black,28.5,Overweight (25-29.9),5.7,155.66666666666666,117,0,1,Hypertension,1
121459,62,60-79,6.2,Male,Mexican American,37.9,Obesity class 2-3 (35+),7.58,153.66666666666666,94.33333333333333,1,1,Hypertension,1
121460,58,40-59,5.8,Female,Other Hispanic,33.1,Obesity class 1 (30-34.9),6.62,150.66666666666666,74.66666666666667,1,1,Hypertension,1
121461,45,40-59,4.5,Female,Mexican American,32.9,Obesity class 1 (30-34.9),6.58,92.33333333333333,63.333333333333336,0,0,No hypertension,0
121462,78,60-79,7.8,Female,Other Hispanic,27.7,Overweight (25-29.9),5.54,178,62,1,1,Hypertension,1
121464,33,21-39,3.3,Male,Non-Hispanic White,35.6,Obesity class 2-3 (35+),7.12,116,65,0,0,No hypertension,0
121465,71,60-79,7.1,Male,Other/Multiracial,39.1,Obesity class 2-3 (35+),7.82,154.33333333333334,85.66666666666667,1,1,Hypertension,1
121467,55,40-59,5.5,Female,Non-Hispanic White,27.1,Overweight (25-29.9),5.42,102,66.66666666666667,1,1,Hypertension,1
121473,66,60-79,6.6,Male,Non-Hispanic White,21.4,Healthy weight (18.5-24.9),4.279999999999999,130.33333333333334,67,0,1,Hypertension,0
121475,55,40-59,5.5,Female,Other/Multiracial,19.8,Healthy weight (18.5-24.9),3.96,133.66666666666666,71.33333333333333,0,1,Hypertension,0
121476,44,40-59,4.4,Female,Other Hispanic,19.8,Healthy weight (18.5-24.9),3.96,87.66666666666667,62,0,0,No hypertension,0
121479,22,21-39,2.2,Female,Non-Hispanic White,18.5,Healthy weight (18.5-24.9),3.7,104.66666666666667,67,0,0,No hypertension,0
121480,68,60-79,6.8,Male,Other Hispanic,30.9,Obesity class 1 (30-34.9),6.18,105,62.333333333333336,0,0,No hypertension,0
121484,56,40-59,5.6,Female,Non-Hispanic Black,27.9,Overweight (25-29.9),5.58,117,75.33333333333333,0,0,No hypertension,0
121485,21,21-39,2.1,Male,Non-Hispanic Black,20.7,Healthy weight (18.5-24.9),4.14,116,56,0,0,No hypertension,0
121486,35,21-39,3.5,Female,Non-Hispanic Black,33.7,Obesity class 1 (30-34.9),6.74,128.66666666666666,92,0,1,Hypertension,1
121488,26,21-39,2.6,Female,Non-Hispanic Black,32,Obesity class 1 (30-34.9),6.4,97.33333333333333,56.333333333333336,0,0,No hypertension,0
121490,30,21-39,3,Female,Other Hispanic,22.6,Healthy weight (18.5-24.9),4.5200000000000005,96.66666666666667,57,0,0,No hypertension,0
121493,27,21-39,2.7,Male,Non-Hispanic Black,29.5,Overweight (25-29.9),5.9,108.66666666666667,63.666666666666664,0,0,No hypertension,0
121500,30,21-39,3,Female,Non-Hispanic White,26.2,Overweight (25-29.9),5.24,108.33333333333333,72.33333333333333,0,0,No hypertension,0
121502,33,21-39,3.3,Female,Mexican American,18.7,Healthy weight (18.5-24.9),3.7399999999999998,93.66666666666667,57.666666666666664,0,0,No hypertension,0
121505,27,21-39,2.7,Female,Non-Hispanic Black,43.7,Obesity class 2-3 (35+),8.74,104.33333333333333,73,0,0,No hypertension,0
121506,53,40-59,5.3,Male,Mexican American,30,Obesity class 1 (30-34.9),6,196,88.33333333333333,0,1,Hypertension,1
121508,76,60-79,7.6,Female,Non-Hispanic Asian,22.6,Healthy weight (18.5-24.9),4.5200000000000005,151,82,0,1,Hypertension,1
121509,30,21-39,3,Female,Non-Hispanic Black,24.7,Healthy weight (18.5-24.9),4.9399999999999995,112.66666666666667,77.33333333333333,0,0,No hypertension,0
121515,36,21-39,3.6,Female,Non-Hispanic White,21.3,Healthy weight (18.5-24.9),4.26,104.66666666666667,71,0,0,No hypertension,0
121519,69,60-79,6.9,Female,Non-Hispanic White,24.7,Healthy weight (18.5-24.9),4.9399999999999995,138.33333333333334,68.33333333333333,0,1,Hypertension,0
121520,57,40-59,5.7,Male,Non-Hispanic White,29.1,Overweight (25-29.9),5.82,112,64.66666666666667,1,1,Hypertension,1
121525,65,60-79,6.5,Female,Other Hispanic,29.4,Overweight (25-29.9),5.88,110.66666666666667,72.33333333333333,0,0,No hypertension,0
121526,56,40-59,5.6,Female,Non-Hispanic Asian,29.9,Overweight (25-29.9),5.9799999999999995,112,69.66666666666667,1,1,Hypertension,1
121528,23,21-39,2.3,Male,Non-Hispanic White,19.4,Healthy weight (18.5-24.9),3.88,136.66666666666666,81.66666666666667,0,1,Hypertension,0
121530,30,21-39,3,Male,Mexican American,30,Obesity class 1 (30-34.9),6,137.66666666666666,91.33333333333333,0,1,Hypertension,1
121532,27,21-39,2.7,Female,Other Hispanic,47.9,Obesity class 2-3 (35+),9.58,97.33333333333333,64.66666666666667,0,0,No hypertension,0
121534,38,21-39,3.8,Female,Non-Hispanic Black,26.5,Overweight (25-29.9),5.3,115,76.66666666666667,0,0,No hypertension,0
121535,45,40-59,4.5,Male,Non-Hispanic Asian,25.4,Overweight (25-29.9),5.08,108,73,1,1,Hypertension,1
121540,48,40-59,4.8,Male,Non-Hispanic Asian,28.4,Overweight (25-29.9),5.68,111.66666666666667,74.33333333333333,0,0,No hypertension,0
121543,61,60-79,6.1,Male,Other Hispanic,46.5,Obesity class 2-3 (35+),9.3,152,88,0,1,Hypertension,1
121544,46,40-59,4.6,Female,Mexican American,34.7,Obesity class 1 (30-34.9),6.94,109.33333333333333,66.66666666666667,0,0,No hypertension,0
121548,68,60-79,6.8,Male,Non-Hispanic White,26.2,Overweight (25-29.9),5.24,119.66666666666667,69,1,1,Hypertension,1
121549,72,60-79,7.2,Female,Other Hispanic,27.5,Overweight (25-29.9),5.5,127.33333333333333,73.66666666666667,0,0,No hypertension,0
121550,32,21-39,3.2,Male,Other/Multiracial,23.2,Healthy weight (18.5-24.9),4.64,109.33333333333333,62.333333333333336,0,0,No hypertension,0
121551,70,60-79,7,Female,Non-Hispanic White,27.3,Overweight (25-29.9),5.46,123.66666666666667,70.33333333333333,0,0,No hypertension,0
121554,34,21-39,3.4,Male,Non-Hispanic White,27.9,Overweight (25-29.9),5.58,109.66666666666667,62,0,0,No hypertension,0
121556,66,60-79,6.6,Female,Non-Hispanic Black,36,Obesity class 2-3 (35+),7.2,156,91,0,1,Hypertension,1
121559,52,40-59,5.2,Female,Non-Hispanic Asian,25,Overweight (25-29.9),5,116.66666666666667,73,0,0,No hypertension,0
121561,72,60-79,7.2,Male,Non-Hispanic White,23.8,Healthy weight (18.5-24.9),4.76,130,73.33333333333333,0,1,Hypertension,0
121564,38,21-39,3.8,Female,Non-Hispanic Asian,28.7,Overweight (25-29.9),5.74,94.66666666666667,65.33333333333333,0,0,No hypertension,0
121565,24,21-39,2.4,Female,Non-Hispanic Black,39.1,Obesity class 2-3 (35+),7.82,104.66666666666667,75.66666666666667,0,0,No hypertension,0
121569,72,60-79,7.2,Male,Mexican American,25,Overweight (25-29.9),5,160.33333333333334,76.66666666666667,0,1,Hypertension,1
121570,43,40-59,4.3,Female,Mexican American,24,Healthy weight (18.5-24.9),4.8,100,66.33333333333333,0,0,No hypertension,0
121576,55,40-59,5.5,Female,Non-Hispanic White,26.6,Overweight (25-29.9),5.32,95,67,0,0,No hypertension,0
121578,63,60-79,6.3,Male,Other Hispanic,25.8,Overweight (25-29.9),5.16,129,69,0,0,No hypertension,0
121579,48,40-59,4.8,Female,Non-Hispanic White,26.3,Overweight (25-29.9),5.26,102,75,0,0,No hypertension,0
121580,64,60-79,6.4,Female,Non-Hispanic White,31.4,Obesity class 1 (30-34.9),6.279999999999999,164.66666666666666,103.66666666666667,1,1,Hypertension,1
121581,27,21-39,2.7,Female,Other Hispanic,32.2,Obesity class 1 (30-34.9),6.44,111,70.33333333333333,0,0,No hypertension,0
121582,31,21-39,3.1,Female,Non-Hispanic Black,28,Overweight (25-29.9),5.6,106.33333333333333,67.66666666666667,0,0,No hypertension,0
121585,44,40-59,4.4,Male,Mexican American,19.7,Healthy weight (18.5-24.9),3.94,104,66.33333333333333,0,0,No hypertension,0
121587,23,21-39,2.3,Male,Other/Multiracial,21.2,Healthy weight (18.5-24.9),4.24,141,66.33333333333333,0,1,Hypertension,1
121590,63,60-79,6.3,Female,Other Hispanic,31.9,Obesity class 1 (30-34.9),6.38,150.66666666666666,90.33333333333333,1,1,Hypertension,1
121591,32,21-39,3.2,Female,Non-Hispanic Asian,28.6,Overweight (25-29.9),5.720000000000001,89.66666666666667,62,0,0,No hypertension,0
121592,29,21-39,2.9,Female,Non-Hispanic Black,40.8,Obesity class 2-3 (35+),8.16,144.33333333333334,106.66666666666667,1,1,Hypertension,1
121593,63,60-79,6.3,Female,Non-Hispanic Black,33.6,Obesity class 1 (30-34.9),6.720000000000001,124.66666666666667,76,0,0,No hypertension,0
121595,53,40-59,5.3,Female,Non-Hispanic White,17.3,Underweight (<18.5),3.46,139.33333333333334,82.66666666666667,0,1,Hypertension,0
121597,55,40-59,5.5,Male,Non-Hispanic White,25.7,Overweight (25-29.9),5.14,117.66666666666667,69.66666666666667,0,0,No hypertension,0
121603,24,21-39,2.4,Male,Other/Multiracial,30.8,Obesity class 1 (30-34.9),6.16,106,65.33333333333333,0,0,No hypertension,0
121604,37,21-39,3.7,Male,Other/Multiracial,28.4,Overweight (25-29.9),5.68,116,77.66666666666667,0,0,No hypertension,0
121606,44,40-59,4.4,Female,Mexican American,27.6,Overweight (25-29.9),5.5200000000000005,108.33333333333333,59,0,0,No hypertension,0
121607,72,60-79,7.2,Male,Non-Hispanic White,29.4,Overweight (25-29.9),5.88,127,78.33333333333333,1,1,Hypertension,1
121610,31,21-39,3.1,Female,Other Hispanic,22,Healthy weight (18.5-24.9),4.4,111,66.66666666666667,0,0,No hypertension,0
121616,74,60-79,7.4,Female,Non-Hispanic White,23.4,Healthy weight (18.5-24.9),4.68,165,88,0,1,Hypertension,1
121618,54,40-59,5.4,Female,Non-Hispanic Black,39.9,Obesity class 2-3 (35+),7.9799999999999995,131.33333333333334,75.33333333333333,0,1,Hypertension,0
121620,51,40-59,5.1,Male,Non-Hispanic White,25.8,Overweight (25-29.9),5.16,152.66666666666666,92,1,1,Hypertension,1
121621,70,60-79,7,Female,Non-Hispanic Asian,23.4,Healthy weight (18.5-24.9),4.68,126.66666666666667,75.66666666666667,1,1,Hypertension,1
121622,38,21-39,3.8,Male,Non-Hispanic White,25,Overweight (25-29.9),5,106,70.66666666666667,0,0,No hypertension,0
121623,63,60-79,6.3,Male,Non-Hispanic Asian,32.5,Obesity class 1 (30-34.9),6.5,147,87.33333333333333,0,1,Hypertension,1
121625,68,60-79,6.8,Male,Non-Hispanic Asian,27.3,Overweight (25-29.9),5.46,109.66666666666667,67,0,0,No hypertension,0
121629,56,40-59,5.6,Female,Other Hispanic,28.8,Overweight (25-29.9),5.76,111.66666666666667,77.66666666666667,0,0,No hypertension,0
121630,50,40-59,5,Female,Non-Hispanic White,47.1,Obesity class 2-3 (35+),9.42,116.33333333333333,80.33333333333333,0,1,Hypertension,0
121631,28,21-39,2.8,Female,Non-Hispanic Black,25.4,Overweight (25-29.9),5.08,113.33333333333333,80,0,1,Hypertension,0
121634,42,40-59,4.2,Female,Non-Hispanic White,29.3,Overweight (25-29.9),5.86,109,71.33333333333333,0,0,No hypertension,0
121635,72,60-79,7.2,Female,Non-Hispanic White,26.2,Overweight (25-29.9),5.24,105.33333333333333,60,0,0,No hypertension,0
121637,64,60-79,6.4,Female,Other/Multiracial,33.7,Obesity class 1 (30-34.9),6.74,129.33333333333334,74.66666666666667,0,0,No hypertension,0
121638,21,21-39,2.1,Female,Non-Hispanic Black,28.8,Overweight (25-29.9),5.76,104.33333333333333,61.333333333333336,0,0,No hypertension,0
121643,29,21-39,2.9,Male,Non-Hispanic Black,21.9,Healthy weight (18.5-24.9),4.38,165.33333333333334,119.66666666666667,0,1,Hypertension,1
121644,52,40-59,5.2,Male,Non-Hispanic Black,27.8,Overweight (25-29.9),5.5600000000000005,120,81.66666666666667,1,1,Hypertension,1
121646,22,21-39,2.2,Male,Non-Hispanic Black,20,Healthy weight (18.5-24.9),4,120,67,0,0,No hypertension,0
121647,63,60-79,6.3,Female,Non-Hispanic Black,24.3,Healthy weight (18.5-24.9),4.86,124.33333333333333,69.33333333333333,0,0,No hypertension,0
121648,61,60-79,6.1,Male,Non-Hispanic Black,35.5,Obesity class 2-3 (35+),7.1,125,80,0,1,Hypertension,0
121650,38,21-39,3.8,Male,Other Hispanic,26.7,Overweight (25-29.9),5.34,112.33333333333333,72.33333333333333,0,0,No hypertension,0
121651,66,60-79,6.6,Male,Non-Hispanic Black,28.3,Overweight (25-29.9),5.66,129.66666666666666,73.33333333333333,0,0,No hypertension,0
121652,31,21-39,3.1,Female,Non-Hispanic White,27.7,Overweight (25-29.9),5.54,130,78.66666666666667,1,1,Hypertension,1
121653,42,40-59,4.2,Male,Non-Hispanic Black,29.4,Overweight (25-29.9),5.88,117.33333333333333,74,0,0,No hypertension,0
121654,45,40-59,4.5,Female,Non-Hispanic Black,26.2,Overweight (25-29.9),5.24,126.33333333333333,90,0,1,Hypertension,1
121657,49,40-59,4.9,Female,Mexican American,28.7,Overweight (25-29.9),5.74,117.66666666666667,81,0,1,Hypertension,0
121660,66,60-79,6.6,Female,Non-Hispanic Black,39.1,Obesity class 2-3 (35+),7.82,156,74.66666666666667,0,1,Hypertension,1
121662,29,21-39,2.9,Male,Non-Hispanic Asian,33.3,Obesity class 1 (30-34.9),6.659999999999999,119.66666666666667,75.33333333333333,0,0,No hypertension,0
121663,34,21-39,3.4,Male,Other Hispanic,25.3,Overweight (25-29.9),5.0600000000000005,113.66666666666667,71,0,0,No hypertension,0
121664,40,40-59,4,Male,Non-Hispanic White,28.5,Overweight (25-29.9),5.7,209.33333333333334,135,0,1,Hypertension,1
121665,29,21-39,2.9,Female,Non-Hispanic White,37.6,Obesity class 2-3 (35+),7.5200000000000005,131.66666666666666,101.33333333333333,0,1,Hypertension,1
121668,67,60-79,6.7,Male,Other Hispanic,30.6,Obesity class 1 (30-34.9),6.12,195,93,0,1,Hypertension,1
121669,61,60-79,6.1,Female,Non-Hispanic White,23.7,Healthy weight (18.5-24.9),4.74,103.66666666666667,65.66666666666667,0,0,No hypertension,0
121670,60,60-79,6,Male,Non-Hispanic White,39.3,Obesity class 2-3 (35+),7.859999999999999,122.33333333333333,76.66666666666667,1,1,Hypertension,1
121671,34,21-39,3.4,Female,Non-Hispanic Black,49.2,Obesity class 2-3 (35+),9.84,125.66666666666667,91.66666666666667,0,1,Hypertension,1
121675,60,60-79,6,Male,Non-Hispanic White,31.3,Obesity class 1 (30-34.9),6.26,121,79.33333333333333,0,0,No hypertension,0
121682,76,60-79,7.6,Male,Non-Hispanic White,35.8,Obesity class 2-3 (35+),7.159999999999999,142,82,1,1,Hypertension,1
121687,26,21-39,2.6,Female,Non-Hispanic White,39,Obesity class 2-3 (35+),7.8,109.66666666666667,76.66666666666667,0,0,No hypertension,0
121694,76,60-79,7.6,Female,Non-Hispanic Black,31.7,Obesity class 1 (30-34.9),6.34,156,68.66666666666667,1,1,Hypertension,1
121695,47,40-59,4.7,Male,Other Hispanic,33.5,Obesity class 1 (30-34.9),6.7,144,98.66666666666667,0,1,Hypertension,1
121696,40,40-59,4,Male,Non-Hispanic Black,33.4,Obesity class 1 (30-34.9),6.68,122.33333333333333,86.33333333333333,0,1,Hypertension,0
121697,68,60-79,6.8,Male,Non-Hispanic White,37,Obesity class 2-3 (35+),7.4,125.66666666666667,67.66666666666667,1,1,Hypertension,1
121699,71,60-79,7.1,Female,Non-Hispanic White,31.3,Obesity class 1 (30-34.9),6.26,156,84.66666666666667,0,1,Hypertension,1
121700,47,40-59,4.7,Male,Non-Hispanic White,40.1,Obesity class 2-3 (35+),8.02,123.66666666666667,75.66666666666667,0,0,No hypertension,0
121705,52,40-59,5.2,Male,Mexican American,33.1,Obesity class 1 (30-34.9),6.62,117.66666666666667,66.66666666666667,0,0,No hypertension,0
121708,65,60-79,6.5,Female,Mexican American,29.6,Overweight (25-29.9),5.92,135.66666666666666,68,1,1,Hypertension,1
121710,25,21-39,2.5,Male,Mexican American,32.7,Obesity class 1 (30-34.9),6.540000000000001,116.66666666666667,69.66666666666667,0,0,No hypertension,0
121711,38,21-39,3.8,Female,Non-Hispanic White,23,Healthy weight (18.5-24.9),4.6,104.66666666666667,74,0,0,No hypertension,0
121714,27,21-39,2.7,Female,Non-Hispanic Black,33.8,Obesity class 1 (30-34.9),6.76,107.66666666666667,72,0,0,No hypertension,0
121719,50,40-59,5,Male,Other/Multiracial,43.7,Obesity class 2-3 (35+),8.74,118,84,1,1,Hypertension,1
121720,79,60-79,7.9,Female,Non-Hispanic White,21.1,Healthy weight (18.5-24.9),4.220000000000001,131.66666666666666,56,0,1,Hypertension,0
121721,57,40-59,5.7,Female,Non-Hispanic White,25.7,Overweight (25-29.9),5.14,118.33333333333333,85,1,1,Hypertension,1
121722,79,60-79,7.9,Male,Other/Multiracial,27.8,Overweight (25-29.9),5.5600000000000005,122,71.66666666666667,0,0,No hypertension,0
121728,62,60-79,6.2,Male,Non-Hispanic White,34.1,Obesity class 1 (30-34.9),6.82,121,63,1,1,Hypertension,1
121730,54,40-59,5.4,Female,Other Hispanic,35.6,Obesity class 2-3 (35+),7.12,116.66666666666667,79,0,0,No hypertension,0
121731,42,40-59,4.2,Female,Non-Hispanic White,48.2,Obesity class 2-3 (35+),9.64,113.66666666666667,78.66666666666667,0,0,No hypertension,0
121738,44,40-59,4.4,Female,Non-Hispanic White,20.2,Healthy weight (18.5-24.9),4.04,113.66666666666667,72.66666666666667,0,0,No hypertension,0
121741,77,60-79,7.7,Male,Non-Hispanic White,27.2,Overweight (25-29.9),5.4399999999999995,120.33333333333333,65.66666666666667,0,0,No hypertension,0
121744,61,60-79,6.1,Female,Non-Hispanic Black,21,Healthy weight (18.5-24.9),4.2,126.66666666666667,74.66666666666667,0,0,No hypertension,0
121746,71,60-79,7.1,Female,Non-Hispanic Black,28.4,Overweight (25-29.9),5.68,108.33333333333333,66.33333333333333,1,1,Hypertension,1
121747,56,40-59,5.6,Female,Non-Hispanic White,27.2,Overweight (25-29.9),5.4399999999999995,134,84,0,1,Hypertension,0
121754,29,21-39,2.9,Male,Non-Hispanic White,28.8,Overweight (25-29.9),5.76,112.33333333333333,78.33333333333333,0,0,No hypertension,0
121758,30,21-39,3,Female,Non-Hispanic White,32.5,Obesity class 1 (30-34.9),6.5,106.33333333333333,69.66666666666667,0,0,No hypertension,0
121761,43,40-59,4.3,Male,Non-Hispanic Asian,27.9,Overweight (25-29.9),5.58,118.33333333333333,79.33333333333333,0,0,No hypertension,0
121762,27,21-39,2.7,Female,Other Hispanic,25.1,Overweight (25-29.9),5.0200000000000005,92.33333333333333,49.333333333333336,0,0,No hypertension,0
121763,42,40-59,4.2,Female,Non-Hispanic White,29.9,Overweight (25-29.9),5.9799999999999995,133.66666666666666,84.33333333333333,0,1,Hypertension,0
121767,68,60-79,6.8,Female,Other Hispanic,54,Obesity class 2-3 (35+),10.8,141,80,0,1,Hypertension,1
121773,42,40-59,4.2,Male,Non-Hispanic Black,33,Obesity class 1 (30-34.9),6.6,140,90.33333333333333,0,1,Hypertension,1
121775,59,40-59,5.9,Male,Non-Hispanic Black,27.2,Overweight (25-29.9),5.4399999999999995,119,77.33333333333333,0,0,No hypertension,0
121776,59,40-59,5.9,Female,Non-Hispanic White,27.3,Overweight (25-29.9),5.46,93.66666666666667,54.666666666666664,1,1,Hypertension,1
121779,24,21-39,2.4,Male,Non-Hispanic Black,26.6,Overweight (25-29.9),5.32,115,78,0,0,No hypertension,0
121780,65,60-79,6.5,Male,Non-Hispanic Black,29.4,Overweight (25-29.9),5.88,131.33333333333334,90.66666666666667,0,1,Hypertension,1
121782,35,21-39,3.5,Male,Non-Hispanic Asian,32.5,Obesity class 1 (30-34.9),6.5,130,86.33333333333333,0,1,Hypertension,0
121784,74,60-79,7.4,Female,Mexican American,27.1,Overweight (25-29.9),5.42,127,65.66666666666667,0,0,No hypertension,0
121785,66,60-79,6.6,Male,Non-Hispanic White,38.8,Obesity class 2-3 (35+),7.76,116.66666666666667,71.33333333333333,0,0,No hypertension,0
121786,55,40-59,5.5,Male,Non-Hispanic White,49.4,Obesity class 2-3 (35+),9.879999999999999,139,87.33333333333333,0,1,Hypertension,0
121789,35,21-39,3.5,Male,Other Hispanic,21.9,Healthy weight (18.5-24.9),4.38,112,57.333333333333336,0,0,No hypertension,0
121791,60,60-79,6,Female,Non-Hispanic Asian,20.4,Healthy weight (18.5-24.9),4.08,108.33333333333333,66,1,1,Hypertension,1
121793,36,21-39,3.6,Female,Other/Multiracial,33.5,Obesity class 1 (30-34.9),6.7,113,85.66666666666667,0,1,Hypertension,0
121796,57,40-59,5.7,Male,Non-Hispanic White,22.7,Healthy weight (18.5-24.9),4.54,103.66666666666667,61.333333333333336,1,1,Hypertension,1
121808,23,21-39,2.3,Male,Non-Hispanic Black,22.7,Healthy weight (18.5-24.9),4.54,142.66666666666666,90.33333333333333,0,1,Hypertension,1
121809,22,21-39,2.2,Male,Non-Hispanic Black,21.6,Healthy weight (18.5-24.9),4.32,123.66666666666667,58.666666666666664,0,0,No hypertension,0
121810,31,21-39,3.1,Female,Non-Hispanic White,42.7,Obesity class 2-3 (35+),8.540000000000001,109.66666666666667,75,0,0,No hypertension,0
121812,57,40-59,5.7,Female,Non-Hispanic White,28,Overweight (25-29.9),5.6,155,83.33333333333333,1,1,Hypertension,1
121814,41,40-59,4.1,Female,Non-Hispanic White,44.5,Obesity class 2-3 (35+),8.9,102.33333333333333,78.33333333333333,0,0,No hypertension,0
121816,78,60-79,7.8,Male,Non-Hispanic White,28.4,Overweight (25-29.9),5.68,139,67.33333333333333,1,1,Hypertension,1
121818,44,40-59,4.4,Male,Non-Hispanic Asian,29,Overweight (25-29.9),5.8,132,88,0,1,Hypertension,0
121821,58,40-59,5.8,Female,Mexican American,45.7,Obesity class 2-3 (35+),9.14,124.33333333333333,81.66666666666667,0,1,Hypertension,0
121822,57,40-59,5.7,Female,Non-Hispanic Black,34.6,Obesity class 1 (30-34.9),6.92,125,75.33333333333333,0,0,No hypertension,0
121824,50,40-59,5,Female,Other Hispanic,22.7,Healthy weight (18.5-24.9),4.54,97,61.333333333333336,0,0,No hypertension,0
121827,66,60-79,6.6,Female,Non-Hispanic White,28.6,Overweight (25-29.9),5.720000000000001,119.66666666666667,56.333333333333336,0,0,No hypertension,0
121830,69,60-79,6.9,Female,Non-Hispanic White,28.9,Overweight (25-29.9),5.779999999999999,125,73.33333333333333,0,0,No hypertension,0
121831,77,60-79,7.7,Female,Mexican American,30.9,Obesity class 1 (30-34.9),6.18,139,76.33333333333333,1,1,Hypertension,1
121833,55,40-59,5.5,Female,Non-Hispanic Black,31.7,Obesity class 1 (30-34.9),6.34,125.66666666666667,82.33333333333333,1,1,Hypertension,1
121836,27,21-39,2.7,Female,Other Hispanic,23.9,Healthy weight (18.5-24.9),4.779999999999999,115.66666666666667,68,0,0,No hypertension,0
121838,38,21-39,3.8,Male,Non-Hispanic White,29.8,Overweight (25-29.9),5.96,122.66666666666667,88.33333333333333,0,1,Hypertension,0
121839,78,60-79,7.8,Female,Non-Hispanic White,39.7,Obesity class 2-3 (35+),7.94,153.66666666666666,108,1,1,Hypertension,1
121840,64,60-79,6.4,Female,Other/Multiracial,30.2,Obesity class 1 (30-34.9),6.04,134.33333333333334,81.66666666666667,1,1,Hypertension,1
121841,30,21-39,3,Female,Non-Hispanic White,43.9,Obesity class 2-3 (35+),8.78,117,78,0,0,No hypertension,0
121842,21,21-39,2.1,Male,Non-Hispanic Asian,25.2,Overweight (25-29.9),5.04,121,73.66666666666667,0,0,No hypertension,0
121844,76,60-79,7.6,Female,Non-Hispanic White,30.5,Obesity class 1 (30-34.9),6.1,119.33333333333333,67,0,0,No hypertension,0
121845,32,21-39,3.2,Male,Mexican American,29.1,Overweight (25-29.9),5.82,100.33333333333333,63.333333333333336,0,0,No hypertension,0
121846,36,21-39,3.6,Female,Non-Hispanic White,45.5,Obesity class 2-3 (35+),9.1,115,81.66666666666667,1,1,Hypertension,1
121848,23,21-39,2.3,Male,Non-Hispanic Asian,32.1,Obesity class 1 (30-34.9),6.42,132.33333333333334,79.33333333333333,0,1,Hypertension,0
121850,21,21-39,2.1,Male,Non-Hispanic Asian,20.4,Healthy weight (18.5-24.9),4.08,120.33333333333333,67.33333333333333,0,0,No hypertension,0
121851,29,21-39,2.9,Female,Mexican American,30.4,Obesity class 1 (30-34.9),6.08,96.33333333333333,57.333333333333336,0,0,No hypertension,0
121864,72,60-79,7.2,Male,Non-Hispanic White,23,Healthy weight (18.5-24.9),4.6,108.33333333333333,72.66666666666667,0,0,No hypertension,0
121865,25,21-39,2.5,Male,Other Hispanic,23.5,Healthy weight (18.5-24.9),4.7,118,70.66666666666667,0,0,No hypertension,0
121866,50,40-59,5,Female,Non-Hispanic White,20.6,Healthy weight (18.5-24.9),4.12,132.66666666666666,80.33333333333333,0,1,Hypertension,0
121867,65,60-79,6.5,Male,Non-Hispanic Black,26.9,Overweight (25-29.9),5.38,129,74.33333333333333,1,1,Hypertension,1
121868,31,21-39,3.1,Male,Other/Multiracial,29.9,Overweight (25-29.9),5.9799999999999995,133,90.66666666666667,0,1,Hypertension,1
121872,67,60-79,6.7,Male,Non-Hispanic White,31.1,Obesity class 1 (30-34.9),6.220000000000001,155.33333333333334,95.33333333333333,1,1,Hypertension,1
121873,68,60-79,6.8,Female,Mexican American,28.8,Overweight (25-29.9),5.76,147,77.33333333333333,0,1,Hypertension,1
121876,49,40-59,4.9,Female,Other Hispanic,24.3,Healthy weight (18.5-24.9),4.86,125.66666666666667,74.33333333333333,1,1,Hypertension,1
121877,33,21-39,3.3,Female,Non-Hispanic Asian,33.7,Obesity class 1 (30-34.9),6.74,102,74,0,0,No hypertension,0
121878,74,60-79,7.4,Male,Non-Hispanic White,31.9,Obesity class 1 (30-34.9),6.38,128.66666666666666,58.333333333333336,1,1,Hypertension,1
121882,38,21-39,3.8,Male,Mexican American,29.9,Overweight (25-29.9),5.9799999999999995,123.66666666666667,79.66666666666667,0,0,No hypertension,0
121883,70,60-79,7,Male,Non-Hispanic White,25.2,Overweight (25-29.9),5.04,136.33333333333334,69.66666666666667,0,1,Hypertension,0
121885,27,21-39,2.7,Female,Mexican American,24.4,Healthy weight (18.5-24.9),4.88,105,63,0,0,No hypertension,0
121887,66,60-79,6.6,Male,Non-Hispanic Black,19.9,Healthy weight (18.5-24.9),3.9799999999999995,108,60.333333333333336,1,1,Hypertension,1
121891,53,40-59,5.3,Female,Non-Hispanic White,32.3,Obesity class 1 (30-34.9),6.459999999999999,103.33333333333333,75.33333333333333,1,1,Hypertension,1
121892,28,21-39,2.8,Female,Non-Hispanic Asian,19,Healthy weight (18.5-24.9),3.8,104.66666666666667,76,0,0,No hypertension,0
121893,34,21-39,3.4,Male,Non-Hispanic White,27.4,Overweight (25-29.9),5.4799999999999995,117.33333333333333,74,0,0,No hypertension,0
121894,57,40-59,5.7,Male,Mexican American,24.8,Healthy weight (18.5-24.9),4.96,129.33333333333334,73,0,0,No hypertension,0
121895,26,21-39,2.6,Male,Other Hispanic,33.7,Obesity class 1 (30-34.9),6.74,112.33333333333333,68.66666666666667,0,0,No hypertension,0
121896,75,60-79,7.5,Male,Non-Hispanic Black,22.2,Healthy weight (18.5-24.9),4.4399999999999995,115.33333333333333,69.66666666666667,1,1,Hypertension,1
121899,47,40-59,4.7,Male,Non-Hispanic Black,31.8,Obesity class 1 (30-34.9),6.36,116.66666666666667,78.33333333333333,1,1,Hypertension,1
121901,74,60-79,7.4,Female,Non-Hispanic Black,26.1,Overweight (25-29.9),5.220000000000001,157.66666666666666,64.33333333333333,1,1,Hypertension,1
121905,63,60-79,6.3,Male,Non-Hispanic Black,38.4,Obesity class 2-3 (35+),7.68,134,89,0,1,Hypertension,0
121906,26,21-39,2.6,Male,Mexican American,30.2,Obesity class 1 (30-34.9),6.04,137.33333333333334,80.66666666666667,0,1,Hypertension,0
121907,64,60-79,6.4,Male,Other Hispanic,29.1,Overweight (25-29.9),5.82,136.66666666666666,70.66666666666667,0,1,Hypertension,0
121913,37,21-39,3.7,Female,Non-Hispanic White,25,Overweight (25-29.9),5,124,75.66666666666667,0,0,No hypertension,0
121917,56,40-59,5.6,Female,Non-Hispanic White,29.3,Overweight (25-29.9),5.86,104,64.66666666666667,0,0,No hypertension,0
121918,63,60-79,6.3,Male,Non-Hispanic Black,21.1,Healthy weight (18.5-24.9),4.220000000000001,119.33333333333333,69.33333333333333,0,0,No hypertension,0
121920,30,21-39,3,Male,Non-Hispanic White,24.1,Healthy weight (18.5-24.9),4.82,111,68.66666666666667,0,0,No hypertension,0
121921,30,21-39,3,Male,Other/Multiracial,34.1,Obesity class 1 (30-34.9),6.82,115.66666666666667,71.66666666666667,0,0,No hypertension,0
121922,41,40-59,4.1,Female,Non-Hispanic White,21,Healthy weight (18.5-24.9),4.2,104.66666666666667,55.333333333333336,0,0,No hypertension,0
121923,62,60-79,6.2,Female,Other Hispanic,32.8,Obesity class 1 (30-34.9),6.56,123.33333333333333,76.66666666666667,0,0,No hypertension,0
121924,29,21-39,2.9,Female,Non-Hispanic Black,32.3,Obesity class 1 (30-34.9),6.459999999999999,99,70.66666666666667,0,0,No hypertension,0
121925,47,40-59,4.7,Male,Mexican American,30,Obesity class 1 (30-34.9),6,113.66666666666667,64.66666666666667,0,0,No hypertension,0
121927,71,60-79,7.1,Female,Mexican American,43.4,Obesity class 2-3 (35+),8.68,150.66666666666666,77.66666666666667,0,1,Hypertension,1
121928,60,60-79,6,Female,Mexican American,47.1,Obesity class 2-3 (35+),9.42,136.33333333333334,94.33333333333333,1,1,Hypertension,1
121929,64,60-79,6.4,Female,Other/Multiracial,28,Overweight (25-29.9),5.6,149.33333333333334,69.66666666666667,1,1,Hypertension,1
121931,23,21-39,2.3,Female,Non-Hispanic Asian,25.7,Overweight (25-29.9),5.14,110,79.33333333333333,0,0,No hypertension,0
121932,21,21-39,2.1,Female,Non-Hispanic Asian,37.2,Obesity class 2-3 (35+),7.44,126.33333333333333,68.33333333333333,0,0,No hypertension,0
121936,60,60-79,6,Male,Non-Hispanic Black,25,Overweight (25-29.9),5,94.33333333333333,58.333333333333336,1,1,Hypertension,1
121937,22,21-39,2.2,Male,Non-Hispanic Black,34.7,Obesity class 1 (30-34.9),6.94,120.33333333333333,88.33333333333333,0,1,Hypertension,0
121944,56,40-59,5.6,Female,Non-Hispanic White,29.7,Overweight (25-29.9),5.9399999999999995,122.33333333333333,86.33333333333333,0,1,Hypertension,0
121948,51,40-59,5.1,Female,Non-Hispanic Black,24.5,Healthy weight (18.5-24.9),4.9,153.66666666666666,77,0,1,Hypertension,1
121949,71,60-79,7.1,Female,Non-Hispanic Asian,25.5,Overweight (25-29.9),5.1,113,67,1,1,Hypertension,1
121950,41,40-59,4.1,Female,Other Hispanic,30,Obesity class 1 (30-34.9),6,119.66666666666667,79.66666666666667,0,0,No hypertension,0
121951,60,60-79,6,Male,Other/Multiracial,29.8,Overweight (25-29.9),5.96,144.33333333333334,92.66666666666667,1,1,Hypertension,1
121956,24,21-39,2.4,Female,Non-Hispanic White,19.8,Healthy weight (18.5-24.9),3.96,107.66666666666667,61,0,0,No hypertension,0
121958,30,21-39,3,Male,Non-Hispanic White,34.2,Obesity class 1 (30-34.9),6.840000000000001,113,79.66666666666667,0,0,No hypertension,0
121961,41,40-59,4.1,Male,Non-Hispanic White,30.9,Obesity class 1 (30-34.9),6.18,114.66666666666667,80.66666666666667,0,1,Hypertension,0
121962,54,40-59,5.4,Male,Mexican American,33.9,Obesity class 1 (30-34.9),6.779999999999999,131,84,0,1,Hypertension,0
121964,73,60-79,7.3,Female,Other Hispanic,25.1,Overweight (25-29.9),5.0200000000000005,144.33333333333334,64,1,1,Hypertension,1
121965,73,60-79,7.3,Female,Non-Hispanic White,22.8,Healthy weight (18.5-24.9),4.5600000000000005,156.66666666666666,81.66666666666667,1,1,Hypertension,1
121968,69,60-79,6.9,Male,Other Hispanic,34.9,Obesity class 1 (30-34.9),6.9799999999999995,139.33333333333334,90.33333333333333,1,1,Hypertension,1
121970,32,21-39,3.2,Female,Non-Hispanic Black,28.2,Overweight (25-29.9),5.64,110.66666666666667,71.66666666666667,0,0,No hypertension,0
121971,47,40-59,4.7,Female,Non-Hispanic Black,42.9,Obesity class 2-3 (35+),8.58,117,68.33333333333333,1,1,Hypertension,1
121972,38,21-39,3.8,Male,Non-Hispanic Asian,25.7,Overweight (25-29.9),5.14,130,86.33333333333333,0,1,Hypertension,0
121975,62,60-79,6.2,Male,Non-Hispanic Black,26.4,Overweight (25-29.9),5.279999999999999,197.33333333333334,92.33333333333333,1,1,Hypertension,1
121976,50,40-59,5,Male,Non-Hispanic Asian,31.7,Obesity class 1 (30-34.9),6.34,116,70.33333333333333,1,1,Hypertension,1
121977,62,60-79,6.2,Male,Other Hispanic,29.2,Overweight (25-29.9),5.84,141.33333333333334,79.33333333333333,0,1,Hypertension,1
121978,52,40-59,5.2,Male,Other/Multiracial,35.5,Obesity class 2-3 (35+),7.1,135.33333333333334,90.66666666666667,1,1,Hypertension,1
121979,50,40-59,5,Female,Non-Hispanic White,22.3,Healthy weight (18.5-24.9),4.46,101,66.33333333333333,0,0,No hypertension,0
121981,68,60-79,6.8,Female,Non-Hispanic White,28.3,Overweight (25-29.9),5.66,156,68,1,1,Hypertension,1
121982,27,21-39,2.7,Male,Non-Hispanic White,26.8,Overweight (25-29.9),5.36,110,83,0,1,Hypertension,0
121984,61,60-79,6.1,Male,Non-Hispanic White,23.4,Healthy weight (18.5-24.9),4.68,122,74.66666666666667,0,0,No hypertension,0
121987,57,40-59,5.7,Male,Other/Multiracial,25.3,Overweight (25-29.9),5.0600000000000005,110,59.666666666666664,0,0,No hypertension,0
121988,46,40-59,4.6,Male,Non-Hispanic White,21.2,Healthy weight (18.5-24.9),4.24,102.33333333333333,59,0,0,No hypertension,0
121989,60,60-79,6,Male,Non-Hispanic Asian,23.9,Healthy weight (18.5-24.9),4.779999999999999,116,60.333333333333336,0,0,No hypertension,0
121990,64,60-79,6.4,Male,Non-Hispanic Black,19.4,Healthy weight (18.5-24.9),3.88,126.66666666666667,91.33333333333333,0,1,Hypertension,1
121991,26,21-39,2.6,Female,Other Hispanic,37.8,Obesity class 2-3 (35+),7.56,109,79.66666666666667,0,0,No hypertension,0
121993,79,60-79,7.9,Male,Mexican American,21.6,Healthy weight (18.5-24.9),4.32,113.66666666666667,43,1,1,Hypertension,1
121995,51,40-59,5.1,Female,Non-Hispanic Asian,21.7,Healthy weight (18.5-24.9),4.34,115,74,0,0,No hypertension,0
121997,24,21-39,2.4,Male,Other Hispanic,42.3,Obesity class 2-3 (35+),8.459999999999999,126,80.66666666666667,0,1,Hypertension,0
122001,48,40-59,4.8,Male,Mexican American,29.4,Overweight (25-29.9),5.88,108.66666666666667,61,0,0,No hypertension,0
122004,40,40-59,4,Female,Non-Hispanic White,29.7,Overweight (25-29.9),5.9399999999999995,119.33333333333333,83.66666666666667,0,1,Hypertension,0
122005,33,21-39,3.3,Male,Other/Multiracial,36.9,Obesity class 2-3 (35+),7.38,130.66666666666666,85.33333333333333,0,1,Hypertension,0
122011,22,21-39,2.2,Male,Non-Hispanic Black,17.9,Underweight (<18.5),3.5799999999999996,114,71,0,0,No hypertension,0
122012,29,21-39,2.9,Male,Non-Hispanic White,27.8,Overweight (25-29.9),5.5600000000000005,116,71,0,0,No hypertension,0
122013,69,60-79,6.9,Male,Non-Hispanic Asian,23.7,Healthy weight (18.5-24.9),4.74,115.33333333333333,61,1,1,Hypertension,1
122018,30,21-39,3,Female,Non-Hispanic White,22.4,Healthy weight (18.5-24.9),4.4799999999999995,100.33333333333333,59.333333333333336,0,0,No hypertension,0
122019,43,40-59,4.3,Female,Non-Hispanic White,36.9,Obesity class 2-3 (35+),7.38,136,107,1,1,Hypertension,1
122021,23,21-39,2.3,Male,Non-Hispanic Black,27.6,Overweight (25-29.9),5.5200000000000005,105.33333333333333,73.33333333333333,0,0,No hypertension,0
122022,47,40-59,4.7,Female,Non-Hispanic White,50.8,Obesity class 2-3 (35+),10.16,119.66666666666667,71.33333333333333,1,1,Hypertension,1
122023,59,40-59,5.9,Male,Other Hispanic,24.7,Healthy weight (18.5-24.9),4.9399999999999995,111.66666666666667,62,1,1,Hypertension,1
122029,29,21-39,2.9,Male,Non-Hispanic Asian,27.5,Overweight (25-29.9),5.5,116.66666666666667,71.33333333333333,0,0,No hypertension,0
122030,65,60-79,6.5,Female,Other Hispanic,34.1,Obesity class 1 (30-34.9),6.82,129.66666666666666,73,1,1,Hypertension,1
122037,68,60-79,6.8,Male,Non-Hispanic Black,36.8,Obesity class 2-3 (35+),7.359999999999999,124,78,1,1,Hypertension,1
122038,73,60-79,7.3,Female,Other Hispanic,25.6,Overweight (25-29.9),5.12,142.33333333333334,81.33333333333333,0,1,Hypertension,1
122039,46,40-59,4.6,Male,Non-Hispanic Asian,27.7,Overweight (25-29.9),5.54,133.33333333333334,88.33333333333333,0,1,Hypertension,0
122041,33,21-39,3.3,Female,Other Hispanic,31.9,Obesity class 1 (30-34.9),6.38,101.33333333333333,64.33333333333333,0,0,No hypertension,0
122043,64,60-79,6.4,Female,Non-Hispanic Black,33.6,Obesity class 1 (30-34.9),6.720000000000001,146,80,0,1,Hypertension,1
122044,41,40-59,4.1,Female,Other/Multiracial,45.8,Obesity class 2-3 (35+),9.16,145,107,0,1,Hypertension,1
122048,66,60-79,6.6,Female,Non-Hispanic White,36.3,Obesity class 2-3 (35+),7.26,122.33333333333333,84.33333333333333,1,1,Hypertension,1
122052,63,60-79,6.3,Female,Non-Hispanic White,30.2,Obesity class 1 (30-34.9),6.04,119,78.66666666666667,1,1,Hypertension,1
122053,47,40-59,4.7,Female,Non-Hispanic White,24.1,Healthy weight (18.5-24.9),4.82,120.66666666666667,81.66666666666667,0,1,Hypertension,0
122054,49,40-59,4.9,Male,Other/Multiracial,29.3,Overweight (25-29.9),5.86,152.33333333333334,93.33333333333333,0,1,Hypertension,1
122056,61,60-79,6.1,Female,Other Hispanic,28.9,Overweight (25-29.9),5.779999999999999,148.33333333333334,83,1,1,Hypertension,1
122061,74,60-79,7.4,Female,Non-Hispanic White,27,Overweight (25-29.9),5.4,141.33333333333334,79,1,1,Hypertension,1
122062,31,21-39,3.1,Male,Non-Hispanic Black,25.6,Overweight (25-29.9),5.12,119,82.33333333333333,1,1,Hypertension,1
122063,44,40-59,4.4,Female,Non-Hispanic White,27.2,Overweight (25-29.9),5.4399999999999995,107.66666666666667,62,0,0,No hypertension,0
122070,61,60-79,6.1,Male,Non-Hispanic Black,30.4,Obesity class 1 (30-34.9),6.08,163.66666666666666,97,1,1,Hypertension,1
122074,63,60-79,6.3,Male,Other Hispanic,27.7,Overweight (25-29.9),5.54,106.66666666666667,66,0,0,No hypertension,0
122076,24,21-39,2.4,Female,Non-Hispanic Black,20.6,Healthy weight (18.5-24.9),4.12,104,65.66666666666667,0,0,No hypertension,0
122077,43,40-59,4.3,Male,Mexican American,25.5,Overweight (25-29.9),5.1,127.33333333333333,72,0,0,No hypertension,0
122078,77,60-79,7.7,Female,Non-Hispanic White,24.6,Healthy weight (18.5-24.9),4.92,117.66666666666667,61.333333333333336,1,1,Hypertension,1
122079,56,40-59,5.6,Female,Non-Hispanic White,30.2,Obesity class 1 (30-34.9),6.04,112,70.66666666666667,0,0,No hypertension,0
122081,73,60-79,7.3,Male,Non-Hispanic White,30,Obesity class 1 (30-34.9),6,164.66666666666666,73,1,1,Hypertension,1
122083,42,40-59,4.2,Male,Non-Hispanic Asian,25.7,Overweight (25-29.9),5.14,128.66666666666666,83,0,1,Hypertension,0
122091,39,21-39,3.9,Male,Non-Hispanic White,34,Obesity class 1 (30-34.9),6.8,118.33333333333333,84.33333333333333,0,1,Hypertension,0
122093,27,21-39,2.7,Female,Non-Hispanic Asian,20.7,Healthy weight (18.5-24.9),4.14,134.66666666666666,87.33333333333333,0,1,Hypertension,0
122094,54,40-59,5.4,Male,Non-Hispanic White,28.5,Overweight (25-29.9),5.7,116,83,0,1,Hypertension,0
122095,43,40-59,4.3,Female,Non-Hispanic Asian,20.9,Healthy weight (18.5-24.9),4.18,108.33333333333333,71.66666666666667,0,0,No hypertension,0
122096,42,40-59,4.2,Male,Non-Hispanic Black,21.9,Healthy weight (18.5-24.9),4.38,133.66666666666666,73.33333333333333,0,1,Hypertension,0
122097,38,21-39,3.8,Female,Non-Hispanic White,25,Overweight (25-29.9),5,100.33333333333333,67.66666666666667,0,0,No hypertension,0
122101,43,40-59,4.3,Male,Non-Hispanic White,32.6,Obesity class 1 (30-34.9),6.5200000000000005,118.33333333333333,68.33333333333333,0,0,No hypertension,0
122102,44,40-59,4.4,Male,Mexican American,34.4,Obesity class 1 (30-34.9),6.88,137,95,1,1,Hypertension,1
122105,37,21-39,3.7,Male,Mexican American,26.8,Overweight (25-29.9),5.36,109.66666666666667,65,0,0,No hypertension,0
122107,34,21-39,3.4,Female,Non-Hispanic Black,40.5,Obesity class 2-3 (35+),8.1,120,83.33333333333333,0,1,Hypertension,0
122108,73,60-79,7.3,Female,Non-Hispanic White,26.5,Overweight (25-29.9),5.3,132,66.66666666666667,1,1,Hypertension,1
122110,43,40-59,4.3,Female,Non-Hispanic White,51,Obesity class 2-3 (35+),10.2,110.66666666666667,82.33333333333333,0,1,Hypertension,0
122111,33,21-39,3.3,Male,Non-Hispanic Asian,24.9,Healthy weight (18.5-24.9),4.9799999999999995,110.66666666666667,64.66666666666667,0,0,No hypertension,0
122112,25,21-39,2.5,Male,Other/Multiracial,26.8,Overweight (25-29.9),5.36,111.33333333333333,62.333333333333336,0,0,No hypertension,0
122113,42,40-59,4.2,Male,Non-Hispanic Asian,21.5,Healthy weight (18.5-24.9),4.3,104,66.33333333333333,0,0,No hypertension,0
122115,40,40-59,4,Male,Mexican American,54.4,Obesity class 2-3 (35+),10.879999999999999,134,90.33333333333333,0,1,Hypertension,1
122118,24,21-39,2.4,Female,Other Hispanic,24.8,Healthy weight (18.5-24.9),4.96,101.66666666666667,68,0,0,No hypertension,0
122121,64,60-79,6.4,Male,Non-Hispanic White,28.3,Overweight (25-29.9),5.66,140.66666666666666,85.66666666666667,0,1,Hypertension,1
122128,37,21-39,3.7,Female,Non-Hispanic Black,22.6,Healthy weight (18.5-24.9),4.5200000000000005,110,63.666666666666664,0,0,No hypertension,0
122129,75,60-79,7.5,Male,Non-Hispanic White,24,Healthy weight (18.5-24.9),4.8,124.66666666666667,64.66666666666667,0,0,No hypertension,0
122136,59,40-59,5.9,Female,Mexican American,27.3,Overweight (25-29.9),5.46,123,75.66666666666667,1,1,Hypertension,1
122139,72,60-79,7.2,Male,Non-Hispanic Asian,28.1,Overweight (25-29.9),5.62,131,69.66666666666667,1,1,Hypertension,1
122140,53,40-59,5.3,Female,Other/Multiracial,28,Overweight (25-29.9),5.6,131,81,1,1,Hypertension,1
122144,69,60-79,6.9,Male,Non-Hispanic Black,26.7,Overweight (25-29.9),5.34,124.66666666666667,82.66666666666667,1,1,Hypertension,1
122146,60,60-79,6,Male,Non-Hispanic Black,22.7,Healthy weight (18.5-24.9),4.54,139,78.66666666666667,1,1,Hypertension,1
122150,60,60-79,6,Male,Non-Hispanic Black,25.7,Overweight (25-29.9),5.14,108.66666666666667,69.33333333333333,0,0,No hypertension,0
122152,42,40-59,4.2,Female,Non-Hispanic White,25.5,Overweight (25-29.9),5.1,122.33333333333333,87.33333333333333,0,1,Hypertension,0
122153,63,60-79,6.3,Male,Non-Hispanic White,36.4,Obesity class 2-3 (35+),7.279999999999999,110,69,1,1,Hypertension,1
122154,72,60-79,7.2,Male,Non-Hispanic White,24.9,Healthy weight (18.5-24.9),4.9799999999999995,106.66666666666667,56,1,1,Hypertension,1
122156,60,60-79,6,Male,Non-Hispanic White,54.6,Obesity class 2-3 (35+),10.92,142.66666666666666,85.33333333333333,1,1,Hypertension,1
122163,31,21-39,3.1,Male,Non-Hispanic White,21.6,Healthy weight (18.5-24.9),4.32,126.33333333333333,79.33333333333333,0,0,No hypertension,0
122164,31,21-39,3.1,Male,Non-Hispanic Black,25.1,Overweight (25-29.9),5.0200000000000005,115.33333333333333,75.33333333333333,0,0,No hypertension,0
122166,70,60-79,7,Male,Non-Hispanic Black,37.4,Obesity class 2-3 (35+),7.4799999999999995,110,60.333333333333336,0,0,No hypertension,0
122168,62,60-79,6.2,Male,Other Hispanic,27.3,Overweight (25-29.9),5.46,119.33333333333333,76.66666666666667,1,1,Hypertension,1
122169,62,60-79,6.2,Female,Mexican American,23.6,Healthy weight (18.5-24.9),4.720000000000001,135,55.666666666666664,0,1,Hypertension,0
122175,58,40-59,5.8,Female,Non-Hispanic Black,31.8,Obesity class 1 (30-34.9),6.36,120.66666666666667,88.66666666666667,0,1,Hypertension,0
122180,34,21-39,3.4,Female,Non-Hispanic Asian,16.5,Underweight (<18.5),3.3,101.33333333333333,66.33333333333333,0,0,No hypertension,0
122184,27,21-39,2.7,Male,Non-Hispanic White,45.7,Obesity class 2-3 (35+),9.14,107.33333333333333,66.33333333333333,0,0,No hypertension,0
122188,54,40-59,5.4,Female,Non-Hispanic Asian,21.8,Healthy weight (18.5-24.9),4.36,99.66666666666667,60,0,0,No hypertension,0
122189,68,60-79,6.8,Female,Other Hispanic,24.5,Healthy weight (18.5-24.9),4.9,119.33333333333333,60,0,0,No hypertension,0
122192,59,40-59,5.9,Male,Non-Hispanic Black,35.8,Obesity class 2-3 (35+),7.159999999999999,143.33333333333334,88.33333333333333,0,1,Hypertension,1
122193,54,40-59,5.4,Female,Non-Hispanic Black,31.7,Obesity class 1 (30-34.9),6.34,122.33333333333333,69,1,1,Hypertension,1
122196,23,21-39,2.3,Female,Mexican American,25.1,Overweight (25-29.9),5.0200000000000005,100.33333333333333,57,0,0,No hypertension,0
122199,60,60-79,6,Female,Other/Multiracial,33.8,Obesity class 1 (30-34.9),6.76,172.33333333333334,110,1,1,Hypertension,1
122201,36,21-39,3.6,Male,Non-Hispanic White,51.9,Obesity class 2-3 (35+),10.379999999999999,114.33333333333333,76,0,0,No hypertension,0
122202,49,40-59,4.9,Male,Non-Hispanic Black,38.3,Obesity class 2-3 (35+),7.659999999999999,123,84.66666666666667,0,1,Hypertension,0
122203,29,21-39,2.9,Male,Non-Hispanic Black,33.5,Obesity class 1 (30-34.9),6.7,119.66666666666667,63,0,0,No hypertension,0
122204,34,21-39,3.4,Male,Non-Hispanic White,28,Overweight (25-29.9),5.6,117,69.66666666666667,0,0,No hypertension,0
122207,43,40-59,4.3,Female,Non-Hispanic Asian,14.6,Underweight (<18.5),2.92,99.33333333333333,61.333333333333336,0,0,No hypertension,0
122208,71,60-79,7.1,Female,Non-Hispanic White,33.9,Obesity class 1 (30-34.9),6.779999999999999,137.33333333333334,87,1,1,Hypertension,1
122209,31,21-39,3.1,Male,Non-Hispanic White,24.7,Healthy weight (18.5-24.9),4.9399999999999995,108.66666666666667,70.66666666666667,0,0,No hypertension,0
122212,36,21-39,3.6,Male,Other Hispanic,25.4,Overweight (25-29.9),5.08,110,66.33333333333333,0,0,No hypertension,0
122213,36,21-39,3.6,Female,Non-Hispanic White,22.8,Healthy weight (18.5-24.9),4.5600000000000005,108.33333333333333,70.33333333333333,0,0,No hypertension,0
122214,76,60-79,7.6,Female,Non-Hispanic White,30.4,Obesity class 1 (30-34.9),6.08,120.66666666666667,70,0,0,No hypertension,0
122215,42,40-59,4.2,Female,Non-Hispanic Asian,30.2,Obesity class 1 (30-34.9),6.04,109.33333333333333,72.66666666666667,0,0,No hypertension,0
122216,44,40-59,4.4,Male,Other Hispanic,27,Overweight (25-29.9),5.4,121.66666666666667,79.66666666666667,0,0,No hypertension,0
122217,49,40-59,4.9,Female,Non-Hispanic Black,36.2,Obesity class 2-3 (35+),7.24,145,97.66666666666667,1,1,Hypertension,1
122218,54,40-59,5.4,Female,Mexican American,31.1,Obesity class 1 (30-34.9),6.220000000000001,179,94.66666666666667,1,1,Hypertension,1
122219,50,40-59,5,Male,Mexican American,29.7,Overweight (25-29.9),5.9399999999999995,132.33333333333334,83,0,1,Hypertension,0
122222,25,21-39,2.5,Male,Non-Hispanic White,30.6,Obesity class 1 (30-34.9),6.12,133.33333333333334,72,0,1,Hypertension,0
122223,57,40-59,5.7,Male,Mexican American,36.9,Obesity class 2-3 (35+),7.38,126.33333333333333,86.66666666666667,0,1,Hypertension,0
122227,66,60-79,6.6,Male,Non-Hispanic Black,21.2,Healthy weight (18.5-24.9),4.24,164,77,0,1,Hypertension,1
122229,69,60-79,6.9,Female,Non-Hispanic Black,44.9,Obesity class 2-3 (35+),8.98,139.66666666666666,84.66666666666667,1,1,Hypertension,1
122234,22,21-39,2.2,Male,Non-Hispanic Black,32.6,Obesity class 1 (30-34.9),6.5200000000000005,137,84.66666666666667,0,1,Hypertension,0
122235,50,40-59,5,Male,Non-Hispanic White,32.3,Obesity class 1 (30-34.9),6.459999999999999,116,73,0,0,No hypertension,0
122236,29,21-39,2.9,Female,Other/Multiracial,32.6,Obesity class 1 (30-34.9),6.5200000000000005,119.66666666666667,86.66666666666667,0,1,Hypertension,0
122237,68,60-79,6.8,Female,Non-Hispanic Black,26.3,Overweight (25-29.9),5.26,180,79.33333333333333,1,1,Hypertension,1
122239,35,21-39,3.5,Male,Non-Hispanic Black,20.4,Healthy weight (18.5-24.9),4.08,128,80,1,1,Hypertension,1
122240,63,60-79,6.3,Female,Non-Hispanic White,33.5,Obesity class 1 (30-34.9),6.7,106.33333333333333,64.33333333333333,1,1,Hypertension,1
122241,42,40-59,4.2,Male,Non-Hispanic White,23.9,Healthy weight (18.5-24.9),4.779999999999999,111.66666666666667,69.33333333333333,0,0,No hypertension,0
122244,75,60-79,7.5,Male,Non-Hispanic Black,36.5,Obesity class 2-3 (35+),7.3,140.66666666666666,63,1,1,Hypertension,1
122246,70,60-79,7,Male,Non-Hispanic Black,34.6,Obesity class 1 (30-34.9),6.92,145.66666666666666,79.66666666666667,1,1,Hypertension,1
122250,66,60-79,6.6,Male,Other Hispanic,32.1,Obesity class 1 (30-34.9),6.42,114,74.66666666666667,1,1,Hypertension,1
122252,70,60-79,7,Male,Non-Hispanic White,32.1,Obesity class 1 (30-34.9),6.42,128.33333333333334,78.33333333333333,0,0,No hypertension,0
122254,32,21-39,3.2,Female,Non-Hispanic White,26.8,Overweight (25-29.9),5.36,128.33333333333334,91,0,1,Hypertension,1
122258,22,21-39,2.2,Male,Mexican American,43.1,Obesity class 2-3 (35+),8.620000000000001,110.66666666666667,68,0,0,No hypertension,0
122260,62,60-79,6.2,Male,Non-Hispanic Black,23.3,Healthy weight (18.5-24.9),4.66,116,78,0,0,No hypertension,0
122264,41,40-59,4.1,Female,Non-Hispanic White,29.4,Overweight (25-29.9),5.88,129.33333333333334,84.66666666666667,0,1,Hypertension,0
122265,22,21-39,2.2,Female,Non-Hispanic White,32.8,Obesity class 1 (30-34.9),6.56,92.33333333333333,62.333333333333336,0,0,No hypertension,0
122266,43,40-59,4.3,Male,Non-Hispanic White,24,Healthy weight (18.5-24.9),4.8,109.66666666666667,67,0,0,No hypertension,0
122268,64,60-79,6.4,Female,Mexican American,41.8,Obesity class 2-3 (35+),8.36,147,86.66666666666667,0,1,Hypertension,1
122269,70,60-79,7,Female,Non-Hispanic White,31.8,Obesity class 1 (30-34.9),6.36,139.66666666666666,78.33333333333333,1,1,Hypertension,1
122271,22,21-39,2.2,Male,Non-Hispanic White,31.2,Obesity class 1 (30-34.9),6.24,140.66666666666666,77.66666666666667,0,1,Hypertension,1
122272,55,40-59,5.5,Male,Non-Hispanic White,33.3,Obesity class 1 (30-34.9),6.659999999999999,109.33333333333333,68.66666666666667,0,0,No hypertension,0
122274,30,21-39,3,Male,Other/Multiracial,23.9,Healthy weight (18.5-24.9),4.779999999999999,116,73,0,0,No hypertension,0
122276,28,21-39,2.8,Female,Non-Hispanic Asian,27.2,Overweight (25-29.9),5.4399999999999995,98.66666666666667,68.66666666666667,0,0,No hypertension,0
122282,25,21-39,2.5,Female,Mexican American,36.3,Obesity class 2-3 (35+),7.26,100.33333333333333,75,0,0,No hypertension,0
122283,60,60-79,6,Male,Non-Hispanic Black,25.6,Overweight (25-29.9),5.12,112.33333333333333,64,0,0,No hypertension,0
122286,64,60-79,6.4,Female,Non-Hispanic Asian,36.1,Obesity class 2-3 (35+),7.220000000000001,129.66666666666666,59.333333333333336,1,1,Hypertension,1
122289,57,40-59,5.7,Female,Non-Hispanic White,22.1,Healthy weight (18.5-24.9),4.42,104.33333333333333,64.33333333333333,0,0,No hypertension,0
122290,61,60-79,6.1,Female,Non-Hispanic Black,63.4,Obesity class 2-3 (35+),12.68,108.33333333333333,59.333333333333336,0,0,No hypertension,0
122291,73,60-79,7.3,Male,Non-Hispanic White,21.7,Healthy weight (18.5-24.9),4.34,192.33333333333334,85.33333333333333,1,1,Hypertension,1
122293,64,60-79,6.4,Female,Non-Hispanic Black,32.1,Obesity class 1 (30-34.9),6.42,127.33333333333333,72.33333333333333,0,0,No hypertension,0
122294,30,21-39,3,Female,Non-Hispanic White,26.3,Overweight (25-29.9),5.26,111.66666666666667,66.33333333333333,0,0,No hypertension,0
122295,70,60-79,7,Female,Non-Hispanic White,39.4,Obesity class 2-3 (35+),7.88,119.66666666666667,61,1,1,Hypertension,1
122297,59,40-59,5.9,Female,Non-Hispanic White,26.9,Overweight (25-29.9),5.38,125.33333333333333,73,0,0,No hypertension,0
122300,47,40-59,4.7,Male,Non-Hispanic Asian,24.5,Healthy weight (18.5-24.9),4.9,124.5,75.5,0,0,No hypertension,0
122301,39,21-39,3.9,Female,Non-Hispanic Black,24.8,Healthy weight (18.5-24.9),4.96,98.33333333333333,55.333333333333336,1,1,Hypertension,1
122302,23,21-39,2.3,Female,Non-Hispanic White,20.5,Healthy weight (18.5-24.9),4.1,97.66666666666667,54.666666666666664,0,0,No hypertension,0
122304,65,60-79,6.5,Female,Mexican American,26.8,Overweight (25-29.9),5.36,152,86.33333333333333,1,1,Hypertension,1
122305,33,21-39,3.3,Male,Non-Hispanic Asian,53.7,Obesity class 2-3 (35+),10.74,107.66666666666667,68.66666666666667,0,0,No hypertension,0
122310,48,40-59,4.8,Male,Other/Multiracial,20.6,Healthy weight (18.5-24.9),4.12,154.66666666666666,87.33333333333333,1,1,Hypertension,1
122314,77,60-79,7.7,Female,Non-Hispanic Asian,26.8,Overweight (25-29.9),5.36,148.33333333333334,76,1,1,Hypertension,1
122318,25,21-39,2.5,Female,Non-Hispanic White,34.7,Obesity class 1 (30-34.9),6.94,96.66666666666667,62.333333333333336,0,0,No hypertension,0
122319,31,21-39,3.1,Female,Non-Hispanic Black,32.8,Obesity class 1 (30-34.9),6.56,154,104,1,1,Hypertension,1
122322,39,21-39,3.9,Female,Non-Hispanic White,63.5,Obesity class 2-3 (35+),12.7,98,68.66666666666667,0,0,No hypertension,0
122323,48,40-59,4.8,Female,Non-Hispanic Black,35.2,Obesity class 2-3 (35+),7.040000000000001,130.66666666666666,85.66666666666667,1,1,Hypertension,1
122324,47,40-59,4.7,Male,Other/Multiracial,23.9,Healthy weight (18.5-24.9),4.779999999999999,140,83,0,1,Hypertension,1
122325,40,40-59,4,Male,Non-Hispanic White,36.5,Obesity class 2-3 (35+),7.3,116.66666666666667,73.66666666666667,0,0,No hypertension,0
122328,55,40-59,5.5,Male,Non-Hispanic White,39.8,Obesity class 2-3 (35+),7.959999999999999,133,67.66666666666667,1,1,Hypertension,1
122330,27,21-39,2.7,Female,Non-Hispanic White,23.7,Healthy weight (18.5-24.9),4.74,127.33333333333333,77.66666666666667,0,0,No hypertension,0
122333,39,21-39,3.9,Female,Mexican American,41,Obesity class 2-3 (35+),8.2,93.33333333333333,58.333333333333336,0,0,No hypertension,0
122334,29,21-39,2.9,Female,Mexican American,27.7,Overweight (25-29.9),5.54,103,58.666666666666664,0,0,No hypertension,0
122335,28,21-39,2.8,Male,Non-Hispanic Black,27.9,Overweight (25-29.9),5.58,111,72.66666666666667,0,0,No hypertension,0
122337,64,60-79,6.4,Male,Non-Hispanic Black,24.6,Healthy weight (18.5-24.9),4.92,131.33333333333334,79.66666666666667,0,1,Hypertension,0
122339,68,60-79,6.8,Male,Non-Hispanic Black,27.4,Overweight (25-29.9),5.4799999999999995,91,45.666666666666664,1,1,Hypertension,1
122340,36,21-39,3.6,Female,Other Hispanic,24.3,Healthy weight (18.5-24.9),4.86,102.66666666666667,60.666666666666664,0,0,No hypertension,0
122343,69,60-79,6.9,Female,Non-Hispanic Asian,52.6,Obesity class 2-3 (35+),10.52,140,75.33333333333333,1,1,Hypertension,1
122346,33,21-39,3.3,Male,Non-Hispanic Black,26.4,Overweight (25-29.9),5.279999999999999,100.33333333333333,63,0,0,No hypertension,0
122348,47,40-59,4.7,Male,Non-Hispanic Black,27,Overweight (25-29.9),5.4,119.33333333333333,72.33333333333333,0,0,No hypertension,0
122351,57,40-59,5.7,Female,Other/Multiracial,20.4,Healthy weight (18.5-24.9),4.08,98,59,0,0,No hypertension,0
122354,78,60-79,7.8,Male,Non-Hispanic White,30.3,Obesity class 1 (30-34.9),6.0600000000000005,104.33333333333333,66.33333333333333,0,0,No hypertension,0
122355,70,60-79,7,Female,Non-Hispanic White,33.6,Obesity class 1 (30-34.9),6.720000000000001,129.33333333333334,69.66666666666667,1,1,Hypertension,1
122356,22,21-39,2.2,Female,Non-Hispanic White,26.3,Overweight (25-29.9),5.26,114,66,0,0,No hypertension,0
122357,32,21-39,3.2,Female,Other Hispanic,23.1,Healthy weight (18.5-24.9),4.62,109,76,0,0,No hypertension,0
122359,66,60-79,6.6,Male,Other Hispanic,23.6,Healthy weight (18.5-24.9),4.720000000000001,132,76.33333333333333,0,1,Hypertension,0
122361,31,21-39,3.1,Male,Non-Hispanic Black,48.6,Obesity class 2-3 (35+),9.72,108,75,0,0,No hypertension,0
122363,39,21-39,3.9,Male,Non-Hispanic Asian,23,Healthy weight (18.5-24.9),4.6,111,70.33333333333333,0,0,No hypertension,0
122369,26,21-39,2.6,Female,Non-Hispanic Black,21.9,Healthy weight (18.5-24.9),4.38,117.66666666666667,84,0,1,Hypertension,0
122370,36,21-39,3.6,Female,Other Hispanic,28.3,Overweight (25-29.9),5.66,111.66666666666667,64.33333333333333,0,0,No hypertension,0
122373,39,21-39,3.9,Female,Non-Hispanic Black,22.3,Healthy weight (18.5-24.9),4.46,142.33333333333334,108.33333333333333,0,1,Hypertension,1
122375,57,40-59,5.7,Male,Non-Hispanic Asian,21.2,Healthy weight (18.5-24.9),4.24,163,89,0,1,Hypertension,1
122376,74,60-79,7.4,Female,Non-Hispanic Black,19.7,Healthy weight (18.5-24.9),3.94,149.33333333333334,82.66666666666667,0,1,Hypertension,1
122379,46,40-59,4.6,Female,Mexican American,26,Overweight (25-29.9),5.2,138.66666666666666,89.33333333333333,1,1,Hypertension,1
122383,22,21-39,2.2,Female,Other/Multiracial,23.4,Healthy weight (18.5-24.9),4.68,108,71.66666666666667,0,0,No hypertension,0
122384,43,40-59,4.3,Male,Non-Hispanic Black,30.3,Obesity class 1 (30-34.9),6.0600000000000005,124,82,0,1,Hypertension,0
122385,47,40-59,4.7,Female,Non-Hispanic Asian,27.5,Overweight (25-29.9),5.5,99,67,0,0,No hypertension,0
122387,72,60-79,7.2,Male,Other/Multiracial,41,Obesity class 2-3 (35+),8.2,105.33333333333333,67.66666666666667,0,0,No hypertension,0
122389,28,21-39,2.8,Male,Mexican American,27.3,Overweight (25-29.9),5.46,114.66666666666667,64,0,0,No hypertension,0
122393,23,21-39,2.3,Female,Other/Multiracial,21.4,Healthy weight (18.5-24.9),4.279999999999999,110,73.33333333333333,0,0,No hypertension,0
122394,66,60-79,6.6,Female,Other/Multiracial,28.8,Overweight (25-29.9),5.76,125.66666666666667,81.66666666666667,1,1,Hypertension,1
122395,38,21-39,3.8,Male,Mexican American,31.8,Obesity class 1 (30-34.9),6.36,120.66666666666667,78,0,0,No hypertension,0
122396,53,40-59,5.3,Male,Non-Hispanic White,28.9,Overweight (25-29.9),5.779999999999999,124.33333333333333,76.66666666666667,0,0,No hypertension,0
122399,78,60-79,7.8,Female,Non-Hispanic Black,24.2,Healthy weight (18.5-24.9),4.84,162.33333333333334,102.33333333333333,1,1,Hypertension,1
122400,61,60-79,6.1,Male,Non-Hispanic Black,45.1,Obesity class 2-3 (35+),9.02,140.66666666666666,67,1,1,Hypertension,1
122401,43,40-59,4.3,Female,Other/Multiracial,30.2,Obesity class 1 (30-34.9),6.04,110.66666666666667,65.66666666666667,0,0,No hypertension,0
122405,67,60-79,6.7,Male,Non-Hispanic Asian,28.4,Overweight (25-29.9),5.68,127.66666666666667,73.66666666666667,0,0,No hypertension,0
122407,61,60-79,6.1,Male,Non-Hispanic Asian,33.4,Obesity class 1 (30-34.9),6.68,137.33333333333334,71,1,1,Hypertension,1
122408,42,40-59,4.2,Female,Non-Hispanic White,20.7,Healthy weight (18.5-24.9),4.14,103,60,0,0,No hypertension,0
122409,77,60-79,7.7,Female,Non-Hispanic Black,33.1,Obesity class 1 (30-34.9),6.62,163,59,1,1,Hypertension,1
122412,49,40-59,4.9,Male,Non-Hispanic White,18.3,Underweight (<18.5),3.66,112.33333333333333,73.66666666666667,0,0,No hypertension,0
122414,56,40-59,5.6,Female,Other Hispanic,28.5,Overweight (25-29.9),5.7,146.66666666666666,87,1,1,Hypertension,1
122415,60,60-79,6,Male,Non-Hispanic White,34.6,Obesity class 1 (30-34.9),6.92,124,67.66666666666667,0,0,No hypertension,0
122416,28,21-39,2.8,Male,Non-Hispanic Asian,25.1,Overweight (25-29.9),5.0200000000000005,115.66666666666667,63.333333333333336,0,0,No hypertension,0
122417,62,60-79,6.2,Male,Non-Hispanic Black,36.7,Obesity class 2-3 (35+),7.340000000000001,143.33333333333334,84.66666666666667,0,1,Hypertension,1
122418,64,60-79,6.4,Female,Non-Hispanic Black,75.7,Obesity class 2-3 (35+),15.14,196.66666666666666,110.33333333333333,1,1,Hypertension,1
122419,61,60-79,6.1,Male,Non-Hispanic Black,26.6,Overweight (25-29.9),5.32,165,98.33333333333333,0,1,Hypertension,1
122420,37,21-39,3.7,Female,Other Hispanic,29.5,Overweight (25-29.9),5.9,102.66666666666667,73.66666666666667,0,0,No hypertension,0
122423,47,40-59,4.7,Male,Mexican American,36.1,Obesity class 2-3 (35+),7.220000000000001,117.33333333333333,78.66666666666667,1,1,Hypertension,1
122424,52,40-59,5.2,Female,Non-Hispanic Asian,26.4,Overweight (25-29.9),5.279999999999999,139,74,0,1,Hypertension,0
122428,76,60-79,7.6,Female,Non-Hispanic Black,33.3,Obesity class 1 (30-34.9),6.659999999999999,115,76.33333333333333,0,0,No hypertension,0
122431,57,40-59,5.7,Female,Mexican American,28.7,Overweight (25-29.9),5.74,107.33333333333333,65.66666666666667,0,0,No hypertension,0
122434,74,60-79,7.4,Female,Other Hispanic,35.4,Obesity class 2-3 (35+),7.08,140.33333333333334,62.333333333333336,1,1,Hypertension,1
122435,48,40-59,4.8,Male,Non-Hispanic Black,34.3,Obesity class 1 (30-34.9),6.859999999999999,150.33333333333334,89.33333333333333,0,1,Hypertension,1
122436,71,60-79,7.1,Male,Non-Hispanic White,34.4,Obesity class 1 (30-34.9),6.88,139.66666666666666,69.66666666666667,1,1,Hypertension,1
122438,26,21-39,2.6,Male,Non-Hispanic White,24.4,Healthy weight (18.5-24.9),4.88,122.33333333333333,68.33333333333333,0,0,No hypertension,0
122439,27,21-39,2.7,Male,Non-Hispanic White,36.9,Obesity class 2-3 (35+),7.38,129.33333333333334,85.66666666666667,0,1,Hypertension,0
122440,64,60-79,6.4,Female,Non-Hispanic Black,27.8,Overweight (25-29.9),5.5600000000000005,149,73.66666666666667,1,1,Hypertension,1
122442,62,60-79,6.2,Female,Non-Hispanic White,21.7,Healthy weight (18.5-24.9),4.34,123,64.66666666666667,0,0,No hypertension,0
122443,26,21-39,2.6,Male,Non-Hispanic Black,25.5,Overweight (25-29.9),5.1,111.33333333333333,68.66666666666667,0,0,No hypertension,0
122448,44,40-59,4.4,Male,Non-Hispanic Asian,21.2,Healthy weight (18.5-24.9),4.24,138.33333333333334,77.33333333333333,0,1,Hypertension,0
122449,40,40-59,4,Male,Non-Hispanic White,24.4,Healthy weight (18.5-24.9),4.88,117.33333333333333,71.66666666666667,0,0,No hypertension,0
122451,22,21-39,2.2,Female,Non-Hispanic Asian,19.2,Healthy weight (18.5-24.9),3.84,106.33333333333333,61.666666666666664,0,0,No hypertension,0
122453,61,60-79,6.1,Male,Non-Hispanic Asian,26.5,Overweight (25-29.9),5.3,134,88,0,1,Hypertension,0
122454,51,40-59,5.1,Female,Non-Hispanic White,30.4,Obesity class 1 (30-34.9),6.08,124,77,0,0,No hypertension,0
122456,56,40-59,5.6,Female,Other Hispanic,41.8,Obesity class 2-3 (35+),8.36,121,80,0,1,Hypertension,0
122459,25,21-39,2.5,Male,Non-Hispanic White,19,Healthy weight (18.5-24.9),3.8,107.33333333333333,60.333333333333336,0,0,No hypertension,0
122462,30,21-39,3,Female,Non-Hispanic Asian,20.7,Healthy weight (18.5-24.9),4.14,108,69.33333333333333,0,0,No hypertension,0
122463,53,40-59,5.3,Male,Non-Hispanic Black,35.1,Obesity class 2-3 (35+),7.0200000000000005,135.66666666666666,77.33333333333333,0,1,Hypertension,0
122468,31,21-39,3.1,Male,Mexican American,29.4,Overweight (25-29.9),5.88,110.33333333333333,62.666666666666664,0,0,No hypertension,0
122472,37,21-39,3.7,Male,Non-Hispanic White,34.2,Obesity class 1 (30-34.9),6.840000000000001,110,90,0,1,Hypertension,1
122473,67,60-79,6.7,Female,Non-Hispanic White,40,Obesity class 2-3 (35+),8,175,78,1,1,Hypertension,1
122474,49,40-59,4.9,Female,Non-Hispanic Black,27.1,Overweight (25-29.9),5.42,135,89,0,1,Hypertension,0
122475,62,60-79,6.2,Female,Mexican American,28.7,Overweight (25-29.9),5.74,165.33333333333334,87.66666666666667,1,1,Hypertension,1
122477,35,21-39,3.5,Female,Other Hispanic,21.3,Healthy weight (18.5-24.9),4.26,102,59,0,0,No hypertension,0
122478,42,40-59,4.2,Female,Non-Hispanic Asian,26.5,Overweight (25-29.9),5.3,107,73,0,0,No hypertension,0
122482,69,60-79,6.9,Female,Non-Hispanic White,23.3,Healthy weight (18.5-24.9),4.66,131.33333333333334,70.66666666666667,0,1,Hypertension,0
122489,48,40-59,4.8,Male,Non-Hispanic Black,31.5,Obesity class 1 (30-34.9),6.3,130.66666666666666,94,1,1,Hypertension,1
122490,33,21-39,3.3,Male,Non-Hispanic White,35.6,Obesity class 2-3 (35+),7.12,114,77,0,0,No hypertension,0
122493,52,40-59,5.2,Female,Non-Hispanic Black,34.1,Obesity class 1 (30-34.9),6.82,111.66666666666667,61.333333333333336,1,1,Hypertension,1
122497,27,21-39,2.7,Female,Non-Hispanic Black,18.5,Healthy weight (18.5-24.9),3.7,97.33333333333333,62.333333333333336,0,0,No hypertension,0
122499,55,40-59,5.5,Female,Non-Hispanic White,33.6,Obesity class 1 (30-34.9),6.720000000000001,113.66666666666667,80,1,1,Hypertension,1
122500,23,21-39,2.3,Female,Non-Hispanic White,18.6,Healthy weight (18.5-24.9),3.72,105.66666666666667,62,0,0,No hypertension,0
122501,40,40-59,4,Male,Non-Hispanic White,39.8,Obesity class 2-3 (35+),7.959999999999999,138.33333333333334,83.66666666666667,0,1,Hypertension,0
122502,60,60-79,6,Female,Non-Hispanic White,37.2,Obesity class 2-3 (35+),7.44,145.66666666666666,87,1,1,Hypertension,1
122503,32,21-39,3.2,Female,Non-Hispanic Asian,29,Overweight (25-29.9),5.8,96.33333333333333,63,0,0,No hypertension,0
122504,47,40-59,4.7,Male,Non-Hispanic Black,26.7,Overweight (25-29.9),5.34,128,79.33333333333333,0,0,No hypertension,0
122509,41,40-59,4.1,Male,Non-Hispanic Black,45.2,Obesity class 2-3 (35+),9.040000000000001,123,82,0,1,Hypertension,0
122511,60,60-79,6,Male,Non-Hispanic White,26.7,Overweight (25-29.9),5.34,117.33333333333333,73,1,1,Hypertension,1
122512,37,21-39,3.7,Female,Other/Multiracial,26.6,Overweight (25-29.9),5.32,97.33333333333333,60.666666666666664,0,0,No hypertension,0
122513,28,21-39,2.8,Female,Non-Hispanic Black,32.8,Obesity class 1 (30-34.9),6.56,128.66666666666666,84.33333333333333,0,1,Hypertension,0
122516,45,40-59,4.5,Female,Non-Hispanic Black,62.8,Obesity class 2-3 (35+),12.559999999999999,135.66666666666666,96.66666666666667,1,1,Hypertension,1
122517,67,60-79,6.7,Female,Non-Hispanic Black,42.8,Obesity class 2-3 (35+),8.559999999999999,190.33333333333334,109.66666666666667,1,1,Hypertension,1
122520,54,40-59,5.4,Male,Non-Hispanic White,31.8,Obesity class 1 (30-34.9),6.36,124,88.33333333333333,1,1,Hypertension,1
122522,42,40-59,4.2,Female,Other Hispanic,24.9,Healthy weight (18.5-24.9),4.9799999999999995,187.66666666666666,127.33333333333333,0,1,Hypertension,1
122524,45,40-59,4.5,Female,Non-Hispanic White,28.2,Overweight (25-29.9),5.64,117.66666666666667,76.66666666666667,0,0,No hypertension,0
122525,62,60-79,6.2,Male,Non-Hispanic Asian,33.7,Obesity class 1 (30-34.9),6.74,114.66666666666667,75,0,0,No hypertension,0
122526,23,21-39,2.3,Male,Mexican American,21.1,Healthy weight (18.5-24.9),4.220000000000001,135.33333333333334,83,0,1,Hypertension,0
122534,63,60-79,6.3,Male,Non-Hispanic Black,25.7,Overweight (25-29.9),5.14,120.66666666666667,82,0,1,Hypertension,0
122535,23,21-39,2.3,Male,Non-Hispanic White,31.1,Obesity class 1 (30-34.9),6.220000000000001,113.33333333333333,67.66666666666667,0,0,No hypertension,0
122536,54,40-59,5.4,Male,Non-Hispanic Black,26.1,Overweight (25-29.9),5.220000000000001,96.66666666666667,62,0,0,No hypertension,0
122537,31,21-39,3.1,Male,Non-Hispanic White,28.5,Overweight (25-29.9),5.7,128.66666666666666,78.33333333333333,0,0,No hypertension,0
122539,52,40-59,5.2,Female,Mexican American,34.5,Obesity class 1 (30-34.9),6.9,116.33333333333333,78.66666666666667,0,0,No hypertension,0
122540,56,40-59,5.6,Male,Non-Hispanic Asian,27.4,Overweight (25-29.9),5.4799999999999995,123.66666666666667,74,1,1,Hypertension,1
122543,47,40-59,4.7,Male,Non-Hispanic White,29.8,Overweight (25-29.9),5.96,106,61.333333333333336,0,0,No hypertension,0
122546,43,40-59,4.3,Male,Non-Hispanic White,26.9,Overweight (25-29.9),5.38,146,91.66666666666667,0,1,Hypertension,1
122549,58,40-59,5.8,Female,Non-Hispanic Asian,21.4,Healthy weight (18.5-24.9),4.279999999999999,127.66666666666667,70.33333333333333,0,0,No hypertension,0
122555,33,21-39,3.3,Female,Non-Hispanic Black,37.2,Obesity class 2-3 (35+),7.44,104,69.33333333333333,0,0,No hypertension,0
122556,51,40-59,5.1,Male,Non-Hispanic White,25.8,Overweight (25-29.9),5.16,121.33333333333333,77.66666666666667,0,0,No hypertension,0
122557,58,40-59,5.8,Male,Non-Hispanic White,28.5,Overweight (25-29.9),5.7,103.66666666666667,49.333333333333336,0,0,No hypertension,0
122559,44,40-59,4.4,Male,Non-Hispanic Black,34.9,Obesity class 1 (30-34.9),6.9799999999999995,130.66666666666666,88,0,1,Hypertension,0
122560,71,60-79,7.1,Female,Non-Hispanic White,28.7,Overweight (25-29.9),5.74,135.33333333333334,83.66666666666667,0,1,Hypertension,0
122567,71,60-79,7.1,Male,Non-Hispanic White,18.4,Underweight (<18.5),3.6799999999999997,133.66666666666666,70,1,1,Hypertension,1
122569,54,40-59,5.4,Female,Mexican American,28.1,Overweight (25-29.9),5.62,117.66666666666667,70.33333333333333,0,0,No hypertension,0
122570,42,40-59,4.2,Male,Non-Hispanic Black,38.6,Obesity class 2-3 (35+),7.720000000000001,153.66666666666666,107.66666666666667,1,1,Hypertension,1
122571,59,40-59,5.9,Male,Non-Hispanic White,19,Healthy weight (18.5-24.9),3.8,131.33333333333334,71.66666666666667,1,1,Hypertension,1
122572,62,60-79,6.2,Male,Non-Hispanic White,28,Overweight (25-29.9),5.6,129,70.33333333333333,0,0,No hypertension,0
122574,70,60-79,7,Female,Non-Hispanic Black,20,Healthy weight (18.5-24.9),4,168.66666666666666,82,0,1,Hypertension,1
122575,62,60-79,6.2,Male,Non-Hispanic Black,31.4,Obesity class 1 (30-34.9),6.279999999999999,135.66666666666666,84.66666666666667,0,1,Hypertension,0
122576,55,40-59,5.5,Female,Non-Hispanic Asian,16.7,Underweight (<18.5),3.34,123.33333333333333,71,0,0,No hypertension,0
122578,22,21-39,2.2,Female,Mexican American,32.9,Obesity class 1 (30-34.9),6.58,97.66666666666667,72.33333333333333,0,0,No hypertension,0
122581,31,21-39,3.1,Female,Non-Hispanic Black,29.6,Overweight (25-29.9),5.92,92.66666666666667,57,0,0,No hypertension,0
122582,29,21-39,2.9,Female,Non-Hispanic Black,28.9,Overweight (25-29.9),5.779999999999999,151,99,0,1,Hypertension,1
122585,72,60-79,7.2,Male,Other/Multiracial,30.1,Obesity class 1 (30-34.9),6.0200000000000005,138,75.66666666666667,0,1,Hypertension,0
122587,48,40-59,4.8,Male,Non-Hispanic Black,23.8,Healthy weight (18.5-24.9),4.76,102,74.33333333333333,0,0,No hypertension,0
122594,59,40-59,5.9,Male,Non-Hispanic Black,21.9,Healthy weight (18.5-24.9),4.38,145,90,1,1,Hypertension,1
122595,65,60-79,6.5,Male,Mexican American,26.8,Overweight (25-29.9),5.36,105.66666666666667,47.666666666666664,1,1,Hypertension,1
122596,25,21-39,2.5,Male,Non-Hispanic White,37.2,Obesity class 2-3 (35+),7.44,102,61.666666666666664,0,0,No hypertension,0
122597,56,40-59,5.6,Male,Non-Hispanic White,28.2,Overweight (25-29.9),5.64,118,73.33333333333333,1,1,Hypertension,1
122598,25,21-39,2.5,Female,Non-Hispanic Black,24.8,Healthy weight (18.5-24.9),4.96,99.66666666666667,67,0,0,No hypertension,0
122599,55,40-59,5.5,Female,Non-Hispanic Black,48.9,Obesity class 2-3 (35+),9.78,138.66666666666666,96,0,1,Hypertension,1
122600,57,40-59,5.7,Male,Non-Hispanic Black,30.5,Obesity class 1 (30-34.9),6.1,125.66666666666667,77,1,1,Hypertension,1
122602,22,21-39,2.2,Female,Non-Hispanic White,31.3,Obesity class 1 (30-34.9),6.26,92.33333333333333,59.333333333333336,0,0,No hypertension,0
122609,44,40-59,4.4,Female,Non-Hispanic Asian,20.7,Healthy weight (18.5-24.9),4.14,87.33333333333333,50.666666666666664,0,0,No hypertension,0
122611,44,40-59,4.4,Male,Other Hispanic,40.6,Obesity class 2-3 (35+),8.120000000000001,112.33333333333333,66.66666666666667,0,0,No hypertension,0
122612,67,60-79,6.7,Female,Non-Hispanic White,23.3,Healthy weight (18.5-24.9),4.66,118.66666666666667,64.66666666666667,1,1,Hypertension,1
122616,48,40-59,4.8,Male,Non-Hispanic Asian,25.5,Overweight (25-29.9),5.1,144.33333333333334,89,0,1,Hypertension,1
122617,25,21-39,2.5,Female,Non-Hispanic White,34.4,Obesity class 1 (30-34.9),6.88,93.66666666666667,61.666666666666664,0,0,No hypertension,0
122619,31,21-39,3.1,Female,Non-Hispanic White,47,Obesity class 2-3 (35+),9.4,105.33333333333333,71.33333333333333,0,0,No hypertension,0
122621,72,60-79,7.2,Male,Non-Hispanic White,32.2,Obesity class 1 (30-34.9),6.44,184.66666666666666,92.66666666666667,1,1,Hypertension,1
122622,28,21-39,2.8,Male,Non-Hispanic Black,24.3,Healthy weight (18.5-24.9),4.86,128,85.66666666666667,0,1,Hypertension,0
122624,76,60-79,7.6,Male,Non-Hispanic White,28,Overweight (25-29.9),5.6,104,57.666666666666664,1,1,Hypertension,1
122625,62,60-79,6.2,Male,Non-Hispanic Black,34.5,Obesity class 1 (30-34.9),6.9,150.66666666666666,95.33333333333333,0,1,Hypertension,1
122627,31,21-39,3.1,Female,Non-Hispanic Black,30.9,Obesity class 1 (30-34.9),6.18,113.33333333333333,83,0,1,Hypertension,0
122629,73,60-79,7.3,Male,Non-Hispanic White,28.2,Overweight (25-29.9),5.64,137.33333333333334,77,0,1,Hypertension,0
122630,30,21-39,3,Male,Non-Hispanic White,30,Obesity class 1 (30-34.9),6,131.33333333333334,82.66666666666667,0,1,Hypertension,0
122631,45,40-59,4.5,Female,Non-Hispanic White,26,Overweight (25-29.9),5.2,115.66666666666667,74.33333333333333,0,0,No hypertension,0
122634,30,21-39,3,Female,Other/Multiracial,21.8,Healthy weight (18.5-24.9),4.36,103,64.66666666666667,0,0,No hypertension,0
122636,61,60-79,6.1,Female,Non-Hispanic White,29.3,Overweight (25-29.9),5.86,131,74.66666666666667,0,1,Hypertension,0
122637,24,21-39,2.4,Male,Other Hispanic,25.8,Overweight (25-29.9),5.16,128.66666666666666,61.666666666666664,0,0,No hypertension,0
122638,45,40-59,4.5,Female,Non-Hispanic White,26.1,Overweight (25-29.9),5.220000000000001,101.33333333333333,69.66666666666667,0,0,No hypertension,0
122639,48,40-59,4.8,Male,Non-Hispanic Asian,25.5,Overweight (25-29.9),5.1,109.33333333333333,72.66666666666667,0,0,No hypertension,0
122643,28,21-39,2.8,Male,Non-Hispanic White,38.8,Obesity class 2-3 (35+),7.76,127.33333333333333,91,0,1,Hypertension,1
122644,44,40-59,4.4,Male,Other Hispanic,27.7,Overweight (25-29.9),5.54,113,61.666666666666664,0,0,No hypertension,0
122647,60,60-79,6,Female,Non-Hispanic Black,31.3,Obesity class 1 (30-34.9),6.26,129.33333333333334,74.66666666666667,1,1,Hypertension,1
122651,56,40-59,5.6,Female,Mexican American,32.3,Obesity class 1 (30-34.9),6.459999999999999,131.66666666666666,79,1,1,Hypertension,1
122652,73,60-79,7.3,Female,Other Hispanic,24.1,Healthy weight (18.5-24.9),4.82,113.66666666666667,66,0,0,No hypertension,0
122653,35,21-39,3.5,Female,Non-Hispanic White,27,Overweight (25-29.9),5.4,105.33333333333333,60.333333333333336,0,0,No hypertension,0
122654,55,40-59,5.5,Male,Non-Hispanic Black,31.5,Obesity class 1 (30-34.9),6.3,133,83.66666666666667,1,1,Hypertension,1
122657,72,60-79,7.2,Male,Mexican American,29.3,Overweight (25-29.9),5.86,108.33333333333333,56.333333333333336,1,1,Hypertension,1
122659,32,21-39,3.2,Male,Non-Hispanic Asian,27.7,Overweight (25-29.9),5.54,113,66.33333333333333,0,0,No hypertension,0
122660,65,60-79,6.5,Female,Non-Hispanic Black,25.9,Overweight (25-29.9),5.18,119.33333333333333,79,1,1,Hypertension,1
122662,35,21-39,3.5,Male,Non-Hispanic White,25,Overweight (25-29.9),5,120.66666666666667,74.33333333333333,0,0,No hypertension,0
122663,24,21-39,2.4,Female,Other Hispanic,23.4,Healthy weight (18.5-24.9),4.68,110.33333333333333,61.333333333333336,0,0,No hypertension,0
122664,52,40-59,5.2,Male,Non-Hispanic Asian,26.3,Overweight (25-29.9),5.26,151.66666666666666,95.33333333333333,0,1,Hypertension,1
122665,61,60-79,6.1,Female,Non-Hispanic Black,34.6,Obesity class 1 (30-34.9),6.92,137.66666666666666,73.33333333333333,1,1,Hypertension,1
122670,56,40-59,5.6,Male,Non-Hispanic White,27.4,Overweight (25-29.9),5.4799999999999995,149.33333333333334,69.33333333333333,0,1,Hypertension,1
122672,47,40-59,4.7,Male,Non-Hispanic White,31.1,Obesity class 1 (30-34.9),6.220000000000001,122.66666666666667,78.33333333333333,0,0,No hypertension,0
122673,52,40-59,5.2,Female,Non-Hispanic White,26.1,Overweight (25-29.9),5.220000000000001,129,85.66666666666667,1,1,Hypertension,1
122675,76,60-79,7.6,Male,Non-Hispanic White,28.4,Overweight (25-29.9),5.68,126,74,1,1,Hypertension,1
122676,43,40-59,4.3,Male,Non-Hispanic Black,39.8,Obesity class 2-3 (35+),7.959999999999999,118.66666666666667,71.66666666666667,0,0,No hypertension,0
122678,61,60-79,6.1,Female,Non-Hispanic Black,31,Obesity class 1 (30-34.9),6.2,156.33333333333334,91,1,1,Hypertension,1
122683,54,40-59,5.4,Male,Non-Hispanic Black,25.4,Overweight (25-29.9),5.08,160,96,1,1,Hypertension,1
122684,26,21-39,2.6,Female,Other Hispanic,35.2,Obesity class 2-3 (35+),7.040000000000001,125.66666666666667,80.33333333333333,0,1,Hypertension,0
122685,61,60-79,6.1,Female,Non-Hispanic Black,35,Obesity class 2-3 (35+),7,134.66666666666666,75.33333333333333,1,1,Hypertension,1
122689,38,21-39,3.8,Male,Mexican American,26.9,Overweight (25-29.9),5.38,114.33333333333333,65.66666666666667,0,0,No hypertension,0
122691,42,40-59,4.2,Male,Other/Multiracial,41.7,Obesity class 2-3 (35+),8.34,109,78,0,0,No hypertension,0
122692,44,40-59,4.4,Female,Non-Hispanic Asian,20.2,Healthy weight (18.5-24.9),4.04,104.33333333333333,59.333333333333336,0,0,No hypertension,0
122694,77,60-79,7.7,Male,Non-Hispanic Black,31,Obesity class 1 (30-34.9),6.2,121,63.333333333333336,1,1,Hypertension,1
122698,33,21-39,3.3,Male,Non-Hispanic White,23.7,Healthy weight (18.5-24.9),4.74,120,76.33333333333333,0,0,No hypertension,0
122699,29,21-39,2.9,Male,Other Hispanic,28.5,Overweight (25-29.9),5.7,119.66666666666667,73.33333333333333,0,0,No hypertension,0
122700,35,21-39,3.5,Male,Non-Hispanic White,27.4,Overweight (25-29.9),5.4799999999999995,106,70,0,0,No hypertension,0
122701,27,21-39,2.7,Female,Non-Hispanic Black,32.1,Obesity class 1 (30-34.9),6.42,94.33333333333333,56,0,0,No hypertension,0
122703,53,40-59,5.3,Female,Non-Hispanic White,25.2,Overweight (25-29.9),5.04,111.33333333333333,67.66666666666667,0,0,No hypertension,0
122707,32,21-39,3.2,Male,Other/Multiracial,28.7,Overweight (25-29.9),5.74,121.33333333333333,71,0,0,No hypertension,0
122709,54,40-59,5.4,Female,Non-Hispanic White,26.1,Overweight (25-29.9),5.220000000000001,110,79.33333333333333,0,0,No hypertension,0
122713,54,40-59,5.4,Female,Other Hispanic,36.3,Obesity class 2-3 (35+),7.26,115.33333333333333,84,0,1,Hypertension,0
122715,41,40-59,4.1,Male,Non-Hispanic Asian,26.2,Overweight (25-29.9),5.24,105,69.66666666666667,0,0,No hypertension,0
122717,57,40-59,5.7,Female,Other/Multiracial,22.1,Healthy weight (18.5-24.9),4.42,116,63.666666666666664,0,0,No hypertension,0
122718,24,21-39,2.4,Male,Non-Hispanic Black,29,Overweight (25-29.9),5.8,150,72.66666666666667,1,1,Hypertension,1
122719,78,60-79,7.8,Male,Mexican American,26.1,Overweight (25-29.9),5.220000000000001,116.66666666666667,62,0,0,No hypertension,0
122720,54,40-59,5.4,Female,Mexican American,35.3,Obesity class 2-3 (35+),7.06,122,74.66666666666667,0,0,No hypertension,0
122721,64,60-79,6.4,Female,Non-Hispanic White,24,Healthy weight (18.5-24.9),4.8,101.33333333333333,58.333333333333336,1,1,Hypertension,1
122722,22,21-39,2.2,Female,Non-Hispanic White,38,Obesity class 2-3 (35+),7.6,104.66666666666667,65.33333333333333,0,0,No hypertension,0
122724,49,40-59,4.9,Female,Non-Hispanic Black,30.9,Obesity class 1 (30-34.9),6.18,111.33333333333333,72.66666666666667,1,1,Hypertension,1
122725,23,21-39,2.3,Female,Non-Hispanic Black,36.7,Obesity class 2-3 (35+),7.340000000000001,109.33333333333333,64,0,0,No hypertension,0
122729,32,21-39,3.2,Male,Non-Hispanic Black,22,Healthy weight (18.5-24.9),4.4,127.66666666666667,67.66666666666667,0,0,No hypertension,0
122730,66,60-79,6.6,Male,Non-Hispanic White,24.2,Healthy weight (18.5-24.9),4.84,139,90.66666666666667,0,1,Hypertension,1
122732,57,40-59,5.7,Male,Non-Hispanic Black,26.1,Overweight (25-29.9),5.220000000000001,177.33333333333334,97,0,1,Hypertension,1
122734,69,60-79,6.9,Male,Non-Hispanic White,35.3,Obesity class 2-3 (35+),7.06,155,82.33333333333333,0,1,Hypertension,1
122737,25,21-39,2.5,Female,Non-Hispanic White,21.3,Healthy weight (18.5-24.9),4.26,109.66666666666667,65.66666666666667,0,0,No hypertension,0
122740,24,21-39,2.4,Female,Non-Hispanic White,28.8,Overweight (25-29.9),5.76,120,70.66666666666667,0,0,No hypertension,0
122741,70,60-79,7,Female,Non-Hispanic Black,26,Overweight (25-29.9),5.2,148.66666666666666,74.33333333333333,1,1,Hypertension,1
122743,75,60-79,7.5,Male,Non-Hispanic Black,28.8,Overweight (25-29.9),5.76,178.33333333333334,66.66666666666667,1,1,Hypertension,1
122744,33,21-39,3.3,Male,Non-Hispanic Asian,25.9,Overweight (25-29.9),5.18,113.66666666666667,73.33333333333333,0,0,No hypertension,0
122745,26,21-39,2.6,Female,Non-Hispanic Black,34.3,Obesity class 1 (30-34.9),6.859999999999999,108.33333333333333,79.66666666666667,0,0,No hypertension,0
122746,34,21-39,3.4,Male,Non-Hispanic Asian,28.1,Overweight (25-29.9),5.62,122,77.66666666666667,0,0,No hypertension,0
122747,64,60-79,6.4,Male,Non-Hispanic Black,29.7,Overweight (25-29.9),5.9399999999999995,146.66666666666666,92,1,1,Hypertension,1
122749,76,60-79,7.6,Male,Non-Hispanic Black,28.3,Overweight (25-29.9),5.66,90.33333333333333,53.333333333333336,1,1,Hypertension,1
122752,54,40-59,5.4,Male,Other/Multiracial,42,Obesity class 2-3 (35+),8.4,121.66666666666667,82.33333333333333,1,1,Hypertension,1
122753,72,60-79,7.2,Male,Non-Hispanic White,36.5,Obesity class 2-3 (35+),7.3,131.66666666666666,63,1,1,Hypertension,1
122759,47,40-59,4.7,Male,Non-Hispanic Asian,24,Healthy weight (18.5-24.9),4.8,122,77.33333333333333,0,0,No hypertension,0
122760,48,40-59,4.8,Male,Non-Hispanic Black,31.3,Obesity class 1 (30-34.9),6.26,146,100.66666666666667,1,1,Hypertension,1
122764,25,21-39,2.5,Male,Non-Hispanic Black,33.1,Obesity class 1 (30-34.9),6.62,113.33333333333333,65.66666666666667,0,0,No hypertension,0
122766,64,60-79,6.4,Female,Non-Hispanic White,25.8,Overweight (25-29.9),5.16,118,53.333333333333336,1,1,Hypertension,1
122769,61,60-79,6.1,Female,Non-Hispanic Black,31.5,Obesity class 1 (30-34.9),6.3,131.66666666666666,82.66666666666667,0,1,Hypertension,0
122771,25,21-39,2.5,Male,Non-Hispanic Asian,23.2,Healthy weight (18.5-24.9),4.64,122,84.66666666666667,0,1,Hypertension,0
122774,66,60-79,6.6,Female,Non-Hispanic White,21.7,Healthy weight (18.5-24.9),4.34,112.66666666666667,71,0,0,No hypertension,0
122777,31,21-39,3.1,Female,Other Hispanic,40.5,Obesity class 2-3 (35+),8.1,115,76,0,0,No hypertension,0
122779,47,40-59,4.7,Female,Non-Hispanic Asian,24.9,Healthy weight (18.5-24.9),4.9799999999999995,97.66666666666667,63.666666666666664,0,0,No hypertension,0
122783,71,60-79,7.1,Female,Non-Hispanic White,22,Healthy weight (18.5-24.9),4.4,136.33333333333334,63.666666666666664,1,1,Hypertension,1
122786,47,40-59,4.7,Female,Non-Hispanic White,28.4,Overweight (25-29.9),5.68,96,66.33333333333333,0,0,No hypertension,0
122787,42,40-59,4.2,Male,Non-Hispanic White,29.3,Overweight (25-29.9),5.86,106,71.33333333333333,0,0,No hypertension,0
122789,74,60-79,7.4,Male,Mexican American,30.1,Obesity class 1 (30-34.9),6.0200000000000005,126.33333333333333,70.66666666666667,1,1,Hypertension,1
122790,28,21-39,2.8,Female,Non-Hispanic White,27.1,Overweight (25-29.9),5.42,104.66666666666667,71,0,0,No hypertension,0
122791,52,40-59,5.2,Female,Other/Multiracial,32.2,Obesity class 1 (30-34.9),6.44,131.33333333333334,83.66666666666667,0,1,Hypertension,0
122792,45,40-59,4.5,Female,Non-Hispanic Black,41.6,Obesity class 2-3 (35+),8.32,114.66666666666667,81,0,1,Hypertension,0
122795,58,40-59,5.8,Female,Other Hispanic,28.2,Overweight (25-29.9),5.64,121,70.33333333333333,0,0,No hypertension,0
122802,66,60-79,6.6,Male,Mexican American,36.4,Obesity class 2-3 (35+),7.279999999999999,144.66666666666666,80.66666666666667,0,1,Hypertension,1
122803,60,60-79,6,Male,Non-Hispanic Black,23.9,Healthy weight (18.5-24.9),4.779999999999999,122.66666666666667,76.66666666666667,0,0,No hypertension,0
122806,45,40-59,4.5,Female,Other/Multiracial,30.7,Obesity class 1 (30-34.9),6.14,102.66666666666667,58.333333333333336,0,0,No hypertension,0
122807,49,40-59,4.9,Male,Non-Hispanic Black,22.8,Healthy weight (18.5-24.9),4.5600000000000005,117.33333333333333,65,0,0,No hypertension,0
122813,73,60-79,7.3,Male,Other/Multiracial,29.5,Overweight (25-29.9),5.9,130.66666666666666,66.66666666666667,0,1,Hypertension,0
122814,60,60-79,6,Female,Non-Hispanic Black,30.2,Obesity class 1 (30-34.9),6.04,127.33333333333333,77,0,0,No hypertension,0
122820,67,60-79,6.7,Male,Non-Hispanic Black,27.6,Overweight (25-29.9),5.5200000000000005,109.66666666666667,53.333333333333336,1,1,Hypertension,1
122821,55,40-59,5.5,Female,Non-Hispanic White,24.2,Healthy weight (18.5-24.9),4.84,111.66666666666667,66.33333333333333,0,0,No hypertension,0
122824,36,21-39,3.6,Male,Non-Hispanic Black,22,Healthy weight (18.5-24.9),4.4,110.66666666666667,66.66666666666667,0,0,No hypertension,0
122826,21,21-39,2.1,Female,Mexican American,36.8,Obesity class 2-3 (35+),7.359999999999999,109.66666666666667,67.66666666666667,0,0,No hypertension,0
122828,33,21-39,3.3,Female,Non-Hispanic Black,31,Obesity class 1 (30-34.9),6.2,138,85.33333333333333,0,1,Hypertension,0
122829,34,21-39,3.4,Male,Non-Hispanic White,43.5,Obesity class 2-3 (35+),8.7,134.66666666666666,97.66666666666667,0,1,Hypertension,1
122830,64,60-79,6.4,Female,Other Hispanic,33.9,Obesity class 1 (30-34.9),6.779999999999999,132,76.66666666666667,1,1,Hypertension,1
122832,65,60-79,6.5,Male,Non-Hispanic Black,59.6,Obesity class 2-3 (35+),11.92,95.66666666666667,57.333333333333336,0,0,No hypertension,0
122833,44,40-59,4.4,Female,Mexican American,23.9,Healthy weight (18.5-24.9),4.779999999999999,109.66666666666667,68.33333333333333,0,0,No hypertension,0
122838,66,60-79,6.6,Female,Other Hispanic,31,Obesity class 1 (30-34.9),6.2,128,75.66666666666667,1,1,Hypertension,1
122839,30,21-39,3,Female,Other/Multiracial,23,Healthy weight (18.5-24.9),4.6,103.66666666666667,63.666666666666664,0,0,No hypertension,0
122840,39,21-39,3.9,Female,Non-Hispanic Black,31.3,Obesity class 1 (30-34.9),6.26,137.66666666666666,85.33333333333333,0,1,Hypertension,0
122842,57,40-59,5.7,Female,Mexican American,21.4,Healthy weight (18.5-24.9),4.279999999999999,124.33333333333333,79.33333333333333,0,0,No hypertension,0
122843,69,60-79,6.9,Female,Non-Hispanic White,22.3,Healthy weight (18.5-24.9),4.46,166.33333333333334,92.33333333333333,1,1,Hypertension,1
122845,43,40-59,4.3,Male,Non-Hispanic White,36.6,Obesity class 2-3 (35+),7.32,131,85.66666666666667,0,1,Hypertension,0
122846,24,21-39,2.4,Female,Non-Hispanic White,22.5,Healthy weight (18.5-24.9),4.5,112.66666666666667,63.333333333333336,0,0,No hypertension,0
122848,73,60-79,7.3,Male,Non-Hispanic Asian,31.2,Obesity class 1 (30-34.9),6.24,122.33333333333333,69.33333333333333,1,1,Hypertension,1
122849,68,60-79,6.8,Female,Non-Hispanic White,22.2,Healthy weight (18.5-24.9),4.4399999999999995,145.33333333333334,76.66666666666667,1,1,Hypertension,1
122851,31,21-39,3.1,Female,Non-Hispanic Black,53.2,Obesity class 2-3 (35+),10.64,87,58.333333333333336,0,0,No hypertension,0
122852,36,21-39,3.6,Female,Other/Multiracial,23,Healthy weight (18.5-24.9),4.6,105.33333333333333,60,0,0,No hypertension,0
122855,32,21-39,3.2,Male,Non-Hispanic White,30.6,Obesity class 1 (30-34.9),6.12,120.33333333333333,73.66666666666667,0,0,No hypertension,0
122859,26,21-39,2.6,Female,Non-Hispanic Asian,16.9,Underweight (<18.5),3.38,106.33333333333333,67.33333333333333,0,0,No hypertension,0
122864,58,40-59,5.8,Male,Other/Multiracial,29.1,Overweight (25-29.9),5.82,119.33333333333333,66.66666666666667,0,0,No hypertension,0
122867,22,21-39,2.2,Female,Mexican American,20.8,Healthy weight (18.5-24.9),4.16,100.33333333333333,56.333333333333336,0,0,No hypertension,0
122870,32,21-39,3.2,Female,Mexican American,32.2,Obesity class 1 (30-34.9),6.44,104.66666666666667,62,0,0,No hypertension,0
122874,35,21-39,3.5,Female,Non-Hispanic White,21.6,Healthy weight (18.5-24.9),4.32,111,74.66666666666667,0,0,No hypertension,0
122876,61,60-79,6.1,Female,Non-Hispanic Black,38.6,Obesity class 2-3 (35+),7.720000000000001,133.66666666666666,64.66666666666667,1,1,Hypertension,1
122878,65,60-79,6.5,Male,Non-Hispanic Black,20.2,Healthy weight (18.5-24.9),4.04,157,82.33333333333333,0,1,Hypertension,1
122881,56,40-59,5.6,Female,Non-Hispanic Asian,30.3,Obesity class 1 (30-34.9),6.0600000000000005,126.33333333333333,85.66666666666667,1,1,Hypertension,1
122883,44,40-59,4.4,Female,Mexican American,32.5,Obesity class 1 (30-34.9),6.5,102,58.666666666666664,0,0,No hypertension,0
122885,22,21-39,2.2,Male,Non-Hispanic White,24.5,Healthy weight (18.5-24.9),4.9,112.66666666666667,80,0,1,Hypertension,0
122886,31,21-39,3.1,Male,Non-Hispanic Black,31.2,Obesity class 1 (30-34.9),6.24,128.33333333333334,63.666666666666664,0,0,No hypertension,0
122888,53,40-59,5.3,Male,Other/Multiracial,36.5,Obesity class 2-3 (35+),7.3,111,82,1,1,Hypertension,1
122889,53,40-59,5.3,Female,Non-Hispanic Asian,31.5,Obesity class 1 (30-34.9),6.3,123,83.66666666666667,1,1,Hypertension,1
122893,45,40-59,4.5,Female,Non-Hispanic Black,59.4,Obesity class 2-3 (35+),11.879999999999999,110,74,1,1,Hypertension,1
122894,39,21-39,3.9,Male,Non-Hispanic Black,18.9,Healthy weight (18.5-24.9),3.78,113.66666666666667,70,0,0,No hypertension,0
122896,74,60-79,7.4,Male,Other Hispanic,28.3,Overweight (25-29.9),5.66,120.66666666666667,71.66666666666667,1,1,Hypertension,1
122901,47,40-59,4.7,Male,Non-Hispanic White,34.2,Obesity class 1 (30-34.9),6.840000000000001,127,77,0,0,No hypertension,0
122902,57,40-59,5.7,Male,Non-Hispanic Black,26.6,Overweight (25-29.9),5.32,122,84,0,1,Hypertension,0
122905,41,40-59,4.1,Male,Non-Hispanic White,38.1,Obesity class 2-3 (35+),7.62,148.66666666666666,109.33333333333333,1,1,Hypertension,1
122906,26,21-39,2.6,Female,Non-Hispanic White,33.4,Obesity class 1 (30-34.9),6.68,102,66.33333333333333,0,0,No hypertension,0
122909,64,60-79,6.4,Female,Non-Hispanic Black,26.2,Overweight (25-29.9),5.24,150.66666666666666,96.66666666666667,1,1,Hypertension,1
122911,27,21-39,2.7,Female,Mexican American,28.3,Overweight (25-29.9),5.66,104,67.33333333333333,0,0,No hypertension,0
122912,41,40-59,4.1,Male,Non-Hispanic White,32.3,Obesity class 1 (30-34.9),6.459999999999999,126.33333333333333,74.33333333333333,0,0,No hypertension,0
122913,27,21-39,2.7,Male,Non-Hispanic White,41.3,Obesity class 2-3 (35+),8.26,107,77,0,0,No hypertension,0
122914,36,21-39,3.6,Male,Non-Hispanic Black,21.3,Healthy weight (18.5-24.9),4.26,139.33333333333334,91.33333333333333,0,1,Hypertension,1
122915,60,60-79,6,Female,Non-Hispanic Black,36.2,Obesity class 2-3 (35+),7.24,140.33333333333334,94.66666666666667,1,1,Hypertension,1
122919,24,21-39,2.4,Male,Mexican American,30,Obesity class 1 (30-34.9),6,121,59,0,0,No hypertension,0
122921,76,60-79,7.6,Female,Non-Hispanic White,32.1,Obesity class 1 (30-34.9),6.42,137.33333333333334,75,1,1,Hypertension,1
122922,73,60-79,7.3,Female,Non-Hispanic White,27,Overweight (25-29.9),5.4,119,69.66666666666667,0,0,No hypertension,0
122923,61,60-79,6.1,Male,Non-Hispanic Black,31.1,Obesity class 1 (30-34.9),6.220000000000001,135.33333333333334,75.66666666666667,0,1,Hypertension,0
122925,57,40-59,5.7,Female,Other Hispanic,33,Obesity class 1 (30-34.9),6.6,128,84.66666666666667,1,1,Hypertension,1
122928,50,40-59,5,Female,Mexican American,28.6,Overweight (25-29.9),5.720000000000001,113,72,0,0,No hypertension,0
122929,26,21-39,2.6,Female,Non-Hispanic White,28.6,Overweight (25-29.9),5.720000000000001,104,64.66666666666667,0,0,No hypertension,0
122930,77,60-79,7.7,Male,Non-Hispanic Black,26.5,Overweight (25-29.9),5.3,154.33333333333334,80.33333333333333,0,1,Hypertension,1
122931,68,60-79,6.8,Female,Non-Hispanic White,41.5,Obesity class 2-3 (35+),8.3,157.33333333333334,85,1,1,Hypertension,1
122932,41,40-59,4.1,Male,Non-Hispanic White,44.6,Obesity class 2-3 (35+),8.92,128,92.33333333333333,1,1,Hypertension,1
122933,76,60-79,7.6,Female,Non-Hispanic Black,31.8,Obesity class 1 (30-34.9),6.36,141.66666666666666,61,1,1,Hypertension,1
122934,32,21-39,3.2,Male,Non-Hispanic White,35.7,Obesity class 2-3 (35+),7.140000000000001,104.66666666666667,74,0,0,No hypertension,0
122937,41,40-59,4.1,Male,Other Hispanic,42.8,Obesity class 2-3 (35+),8.559999999999999,125.33333333333333,78,0,0,No hypertension,0
122938,66,60-79,6.6,Female,Non-Hispanic White,26.5,Overweight (25-29.9),5.3,143.33333333333334,70.33333333333333,0,1,Hypertension,1
122939,26,21-39,2.6,Female,Non-Hispanic Asian,20.4,Healthy weight (18.5-24.9),4.08,99,63,0,0,No hypertension,0
122940,42,40-59,4.2,Male,Non-Hispanic Asian,21.1,Healthy weight (18.5-24.9),4.220000000000001,114.66666666666667,80.66666666666667,0,1,Hypertension,0
122943,78,60-79,7.8,Female,Other Hispanic,24.7,Healthy weight (18.5-24.9),4.9399999999999995,121.33333333333333,70.66666666666667,0,0,No hypertension,0
122945,63,60-79,6.3,Female,Non-Hispanic White,27.3,Overweight (25-29.9),5.46,112,72.33333333333333,0,0,No hypertension,0
122946,36,21-39,3.6,Female,Non-Hispanic White,26.9,Overweight (25-29.9),5.38,98.66666666666667,53,0,0,No hypertension,0
122950,50,40-59,5,Female,Other Hispanic,45.5,Obesity class 2-3 (35+),9.1,102.33333333333333,70,1,1,Hypertension,1
122951,25,21-39,2.5,Male,Non-Hispanic White,19.6,Healthy weight (18.5-24.9),3.9200000000000004,101.66666666666667,65,0,0,No hypertension,0
122952,34,21-39,3.4,Female,Non-Hispanic Black,39.9,Obesity class 2-3 (35+),7.9799999999999995,116,73.33333333333333,0,0,No hypertension,0
122953,66,60-79,6.6,Male,Non-Hispanic White,30.2,Obesity class 1 (30-34.9),6.04,125.66666666666667,69.66666666666667,0,0,No hypertension,0
122955,31,21-39,3.1,Female,Non-Hispanic Black,37.8,Obesity class 2-3 (35+),7.56,131,93,0,1,Hypertension,1
122956,51,40-59,5.1,Female,Non-Hispanic White,28.9,Overweight (25-29.9),5.779999999999999,130.66666666666666,83.66666666666667,1,1,Hypertension,1
122959,62,60-79,6.2,Male,Non-Hispanic Asian,26,Overweight (25-29.9),5.2,125,74.66666666666667,0,0,No hypertension,0
122960,62,60-79,6.2,Female,Non-Hispanic Asian,38.9,Obesity class 2-3 (35+),7.779999999999999,116,71,1,1,Hypertension,1
122962,63,60-79,6.3,Female,Mexican American,39.5,Obesity class 2-3 (35+),7.9,125,72.33333333333333,0,0,No hypertension,0
122963,56,40-59,5.6,Female,Non-Hispanic Asian,17.7,Underweight (<18.5),3.54,112.66666666666667,72.33333333333333,0,0,No hypertension,0
122970,43,40-59,4.3,Male,Non-Hispanic White,34.3,Obesity class 1 (30-34.9),6.859999999999999,115.33333333333333,75.66666666666667,0,0,No hypertension,0
122972,47,40-59,4.7,Female,Non-Hispanic White,40,Obesity class 2-3 (35+),8,102,70,0,0,No hypertension,0
122973,69,60-79,6.9,Male,Other Hispanic,29.5,Overweight (25-29.9),5.9,119,73,1,1,Hypertension,1
122974,71,60-79,7.1,Male,Mexican American,34,Obesity class 1 (30-34.9),6.8,99.66666666666667,55.666666666666664,0,0,No hypertension,0
122977,53,40-59,5.3,Male,Non-Hispanic White,38,Obesity class 2-3 (35+),7.6,129.33333333333334,74.33333333333333,1,1,Hypertension,1
122979,63,60-79,6.3,Male,Other/Multiracial,27.8,Overweight (25-29.9),5.5600000000000005,112.66666666666667,68.33333333333333,0,0,No hypertension,0
122982,53,40-59,5.3,Male,Non-Hispanic Asian,24.2,Healthy weight (18.5-24.9),4.84,139.66666666666666,80.66666666666667,1,1,Hypertension,1
122985,26,21-39,2.6,Male,Mexican American,25.6,Overweight (25-29.9),5.12,111.66666666666667,73,0,0,No hypertension,0
122987,46,40-59,4.6,Female,Non-Hispanic Asian,23.6,Healthy weight (18.5-24.9),4.720000000000001,153,96.33333333333333,0,1,Hypertension,1
122988,54,40-59,5.4,Female,Non-Hispanic Asian,30.8,Obesity class 1 (30-34.9),6.16,130.66666666666666,82.33333333333333,1,1,Hypertension,1
122991,79,60-79,7.9,Female,Non-Hispanic White,23.7,Healthy weight (18.5-24.9),4.74,176.33333333333334,73,1,1,Hypertension,1
122992,45,40-59,4.5,Male,Non-Hispanic White,39.6,Obesity class 2-3 (35+),7.92,168.66666666666666,94.33333333333333,0,1,Hypertension,1
122993,54,40-59,5.4,Male,Non-Hispanic Black,30.8,Obesity class 1 (30-34.9),6.16,141.66666666666666,81.33333333333333,1,1,Hypertension,1
122995,41,40-59,4.1,Male,Non-Hispanic Asian,19.9,Healthy weight (18.5-24.9),3.9799999999999995,118,76.66666666666667,0,0,No hypertension,0
122996,47,40-59,4.7,Female,Non-Hispanic Asian,25.9,Overweight (25-29.9),5.18,127.66666666666667,77,0,0,No hypertension,0
122998,25,21-39,2.5,Male,Non-Hispanic Black,37.4,Obesity class 2-3 (35+),7.4799999999999995,111.33333333333333,74,0,0,No hypertension,0
123002,62,60-79,6.2,Male,Other Hispanic,37.4,Obesity class 2-3 (35+),7.4799999999999995,104.66666666666667,65.33333333333333,0,0,No hypertension,0
123003,45,40-59,4.5,Male,Mexican American,44.8,Obesity class 2-3 (35+),8.959999999999999,130,84,1,1,Hypertension,1
123004,42,40-59,4.2,Male,Non-Hispanic Black,26.3,Overweight (25-29.9),5.26,128.33333333333334,72.33333333333333,1,1,Hypertension,1
123005,47,40-59,4.7,Female,Non-Hispanic Black,42.8,Obesity class 2-3 (35+),8.559999999999999,158,126,1,1,Hypertension,1
123007,35,21-39,3.5,Male,Non-Hispanic Asian,25.5,Overweight (25-29.9),5.1,109.66666666666667,73,0,0,No hypertension,0
123009,43,40-59,4.3,Female,Non-Hispanic White,36.5,Obesity class 2-3 (35+),7.3,117,87.33333333333333,1,1,Hypertension,1
123015,25,21-39,2.5,Female,Other Hispanic,21.1,Healthy weight (18.5-24.9),4.220000000000001,104,65,0,0,No hypertension,0
123021,60,60-79,6,Female,Non-Hispanic White,28.8,Overweight (25-29.9),5.76,124.66666666666667,72,0,0,No hypertension,0
123023,28,21-39,2.8,Male,Non-Hispanic Black,19.1,Healthy weight (18.5-24.9),3.8200000000000003,119.33333333333333,79,0,0,No hypertension,0
123024,71,60-79,7.1,Male,Non-Hispanic White,34,Obesity class 1 (30-34.9),6.8,127.33333333333333,66,0,0,No hypertension,0
123025,72,60-79,7.2,Male,Non-Hispanic White,19.6,Healthy weight (18.5-24.9),3.9200000000000004,139.66666666666666,71.66666666666667,0,1,Hypertension,0
123026,65,60-79,6.5,Female,Mexican American,28.4,Overweight (25-29.9),5.68,136.33333333333334,73.66666666666667,0,1,Hypertension,0
123029,43,40-59,4.3,Male,Non-Hispanic Black,32.6,Obesity class 1 (30-34.9),6.5200000000000005,153,101.33333333333333,1,1,Hypertension,1
123031,38,21-39,3.8,Male,Non-Hispanic White,32.3,Obesity class 1 (30-34.9),6.459999999999999,116.66666666666667,80.33333333333333,0,1,Hypertension,0
123032,77,60-79,7.7,Male,Non-Hispanic Asian,25.9,Overweight (25-29.9),5.18,131.33333333333334,68.66666666666667,0,1,Hypertension,0
123033,60,60-79,6,Female,Non-Hispanic Asian,24.5,Healthy weight (18.5-24.9),4.9,138,78.33333333333333,1,1,Hypertension,1
123035,22,21-39,2.2,Female,Non-Hispanic White,24.2,Healthy weight (18.5-24.9),4.84,100.66666666666667,62,0,0,No hypertension,0
123037,67,60-79,6.7,Male,Non-Hispanic White,24.3,Healthy weight (18.5-24.9),4.86,125,75,0,0,No hypertension,0
123038,75,60-79,7.5,Male,Non-Hispanic Black,34.1,Obesity class 1 (30-34.9),6.82,121.33333333333333,70,1,1,Hypertension,1
123040,64,60-79,6.4,Male,Mexican American,29.4,Overweight (25-29.9),5.88,146.33333333333334,79.66666666666667,0,1,Hypertension,1
123041,66,60-79,6.6,Female,Non-Hispanic Black,47.2,Obesity class 2-3 (35+),9.440000000000001,151.33333333333334,75,1,1,Hypertension,1
123042,50,40-59,5,Female,Non-Hispanic Black,33.5,Obesity class 1 (30-34.9),6.7,122,79,0,0,No hypertension,0
123043,54,40-59,5.4,Female,Other Hispanic,38.5,Obesity class 2-3 (35+),7.7,143,70.66666666666667,0,1,Hypertension,1
123047,39,21-39,3.9,Male,Non-Hispanic White,25.7,Overweight (25-29.9),5.14,134.66666666666666,83.66666666666667,1,1,Hypertension,1
123048,52,40-59,5.2,Female,Non-Hispanic Black,35.8,Obesity class 2-3 (35+),7.159999999999999,116,75.33333333333333,0,0,No hypertension,0
123049,26,21-39,2.6,Male,Other/Multiracial,30.1,Obesity class 1 (30-34.9),6.0200000000000005,125.33333333333333,80.33333333333333,0,1,Hypertension,0
123050,73,60-79,7.3,Female,Other Hispanic,25.3,Overweight (25-29.9),5.0600000000000005,113.66666666666667,63.666666666666664,0,0,No hypertension,0
123053,46,40-59,4.6,Female,Other/Multiracial,21.4,Healthy weight (18.5-24.9),4.279999999999999,115.66666666666667,81.33333333333333,0,1,Hypertension,0
123059,68,60-79,6.8,Female,Non-Hispanic Black,40.2,Obesity class 2-3 (35+),8.040000000000001,126.66666666666667,79,1,1,Hypertension,1
123063,68,60-79,6.8,Male,Non-Hispanic White,27.9,Overweight (25-29.9),5.58,99.66666666666667,59.333333333333336,0,0,No hypertension,0
123064,44,40-59,4.4,Female,Non-Hispanic Black,40.7,Obesity class 2-3 (35+),8.14,118.66666666666667,86,0,1,Hypertension,0
123070,53,40-59,5.3,Male,Non-Hispanic White,31,Obesity class 1 (30-34.9),6.2,120.66666666666667,80.66666666666667,0,1,Hypertension,0
123075,24,21-39,2.4,Male,Mexican American,30.3,Obesity class 1 (30-34.9),6.0600000000000005,118,73,0,0,No hypertension,0
123077,50,40-59,5,Male,Non-Hispanic Asian,27.5,Overweight (25-29.9),5.5,109,73,0,0,No hypertension,0
123078,66,60-79,6.6,Male,Non-Hispanic White,23.3,Healthy weight (18.5-24.9),4.66,150.33333333333334,79.33333333333333,0,1,Hypertension,1
123079,40,40-59,4,Female,Non-Hispanic White,26.5,Overweight (25-29.9),5.3,110,64.66666666666667,0,0,No hypertension,0
123082,54,40-59,5.4,Female,Non-Hispanic White,41.8,Obesity class 2-3 (35+),8.36,120,76,0,0,No hypertension,0
123083,68,60-79,6.8,Female,Non-Hispanic White,24.3,Healthy weight (18.5-24.9),4.86,121.33333333333333,64.66666666666667,0,0,No hypertension,0
123084,50,40-59,5,Male,Non-Hispanic Black,27.8,Overweight (25-29.9),5.5600000000000005,140,88,1,1,Hypertension,1
123087,21,21-39,2.1,Male,Mexican American,21.1,Healthy weight (18.5-24.9),4.220000000000001,113.66666666666667,66.33333333333333,0,0,No hypertension,0
123088,77,60-79,7.7,Female,Non-Hispanic White,24,Healthy weight (18.5-24.9),4.8,119,57.333333333333336,0,0,No hypertension,0
123089,56,40-59,5.6,Female,Non-Hispanic Asian,20.8,Healthy weight (18.5-24.9),4.16,108,78.33333333333333,0,0,No hypertension,0
123090,58,40-59,5.8,Female,Non-Hispanic Black,37.8,Obesity class 2-3 (35+),7.56,132.66666666666666,71.66666666666667,1,1,Hypertension,1
123091,59,40-59,5.9,Female,Non-Hispanic Asian,28.5,Overweight (25-29.9),5.7,133.33333333333334,74.66666666666667,0,1,Hypertension,0
123094,29,21-39,2.9,Female,Non-Hispanic White,26.3,Overweight (25-29.9),5.26,113.33333333333333,62.333333333333336,0,0,No hypertension,0
123097,48,40-59,4.8,Male,Non-Hispanic Asian,38.8,Obesity class 2-3 (35+),7.76,128.66666666666666,87,0,1,Hypertension,0
123099,34,21-39,3.4,Female,Other Hispanic,21.8,Healthy weight (18.5-24.9),4.36,98,60.666666666666664,0,0,No hypertension,0
123103,23,21-39,2.3,Male,Non-Hispanic White,17.7,Underweight (<18.5),3.54,140.66666666666666,88.66666666666667,0,1,Hypertension,1
123104,62,60-79,6.2,Male,Non-Hispanic Black,30.6,Obesity class 1 (30-34.9),6.12,112.33333333333333,70.66666666666667,1,1,Hypertension,1
123108,35,21-39,3.5,Female,Mexican American,31.3,Obesity class 1 (30-34.9),6.26,121.66666666666667,84.33333333333333,0,1,Hypertension,0
123109,24,21-39,2.4,Female,Other Hispanic,47.7,Obesity class 2-3 (35+),9.540000000000001,104.66666666666667,70.33333333333333,0,0,No hypertension,0
123111,78,60-79,7.8,Male,Non-Hispanic Black,16.7,Underweight (<18.5),3.34,173,85.33333333333333,1,1,Hypertension,1
123112,56,40-59,5.6,Female,Non-Hispanic White,80.6,Obesity class 2-3 (35+),16.119999999999997,112,67.66666666666667,1,1,Hypertension,1
123113,36,21-39,3.6,Male,Non-Hispanic White,34.4,Obesity class 1 (30-34.9),6.88,123.66666666666667,90.33333333333333,0,1,Hypertension,1
123115,46,40-59,4.6,Female,Mexican American,27,Overweight (25-29.9),5.4,104,68.33333333333333,0,0,No hypertension,0
123116,79,60-79,7.9,Male,Other Hispanic,27.3,Overweight (25-29.9),5.46,123.33333333333333,71.66666666666667,1,1,Hypertension,1
123118,27,21-39,2.7,Female,Non-Hispanic Black,26.5,Overweight (25-29.9),5.3,105.66666666666667,65.66666666666667,0,0,No hypertension,0
123120,43,40-59,4.3,Female,Non-Hispanic Black,33.5,Obesity class 1 (30-34.9),6.7,112,74.66666666666667,0,0,No hypertension,0
123121,39,21-39,3.9,Male,Non-Hispanic White,37.7,Obesity class 2-3 (35+),7.540000000000001,129.33333333333334,89.66666666666667,0,1,Hypertension,0
123123,58,40-59,5.8,Male,Non-Hispanic White,40.9,Obesity class 2-3 (35+),8.18,143,75,0,1,Hypertension,1
123125,44,40-59,4.4,Male,Non-Hispanic White,25.4,Overweight (25-29.9),5.08,115,83.33333333333333,0,1,Hypertension,0
123126,68,60-79,6.8,Male,Non-Hispanic White,28.4,Overweight (25-29.9),5.68,152,69,1,1,Hypertension,1
123128,58,40-59,5.8,Male,Non-Hispanic Black,25.1,Overweight (25-29.9),5.0200000000000005,184.66666666666666,120.66666666666667,0,1,Hypertension,1
123129,67,60-79,6.7,Female,Non-Hispanic Black,20.3,Healthy weight (18.5-24.9),4.0600000000000005,147.33333333333334,81.66666666666667,0,1,Hypertension,1
123130,72,60-79,7.2,Male,Non-Hispanic White,23.2,Healthy weight (18.5-24.9),4.64,122.66666666666667,74.66666666666667,1,1,Hypertension,1
123135,69,60-79,6.9,Female,Non-Hispanic White,28.1,Overweight (25-29.9),5.62,159.66666666666666,79.66666666666667,1,1,Hypertension,1
123139,55,40-59,5.5,Female,Non-Hispanic Asian,22.6,Healthy weight (18.5-24.9),4.5200000000000005,137.33333333333334,78.66666666666667,1,1,Hypertension,1
123141,55,40-59,5.5,Female,Non-Hispanic Black,50.1,Obesity class 2-3 (35+),10.02,126.66666666666667,84.33333333333333,1,1,Hypertension,1
123142,67,60-79,6.7,Female,Non-Hispanic Black,33,Obesity class 1 (30-34.9),6.6,137.33333333333334,87,1,1,Hypertension,1
123146,63,60-79,6.3,Female,Other Hispanic,25.4,Overweight (25-29.9),5.08,126,85,1,1,Hypertension,1
123149,50,40-59,5,Male,Non-Hispanic White,27.1,Overweight (25-29.9),5.42,115.66666666666667,72.33333333333333,0,0,No hypertension,0
123151,38,21-39,3.8,Female,Non-Hispanic White,27.1,Overweight (25-29.9),5.42,100,63.666666666666664,0,0,No hypertension,0
123159,31,21-39,3.1,Male,Other/Multiracial,20.8,Healthy weight (18.5-24.9),4.16,110,64,0,0,No hypertension,0
123162,69,60-79,6.9,Male,Non-Hispanic White,30,Obesity class 1 (30-34.9),6,134.33333333333334,81.66666666666667,1,1,Hypertension,1
123163,67,60-79,6.7,Female,Mexican American,37.4,Obesity class 2-3 (35+),7.4799999999999995,133.66666666666666,64.33333333333333,0,1,Hypertension,0
123164,56,40-59,5.6,Male,Non-Hispanic Asian,23,Healthy weight (18.5-24.9),4.6,134,76,0,1,Hypertension,0
123165,34,21-39,3.4,Female,Non-Hispanic White,24.7,Healthy weight (18.5-24.9),4.9399999999999995,114.66666666666667,68.66666666666667,0,0,No hypertension,0
123167,25,21-39,2.5,Male,Non-Hispanic Black,25.1,Overweight (25-29.9),5.0200000000000005,118.33333333333333,66.33333333333333,0,0,No hypertension,0
123169,36,21-39,3.6,Male,Non-Hispanic Black,25,Overweight (25-29.9),5,104.33333333333333,59,0,0,No hypertension,0
123172,55,40-59,5.5,Male,Non-Hispanic White,35.9,Obesity class 2-3 (35+),7.18,147,83,1,1,Hypertension,1
123173,60,60-79,6,Male,Non-Hispanic Black,28.2,Overweight (25-29.9),5.64,135.66666666666666,85.66666666666667,0,1,Hypertension,0
123175,46,40-59,4.6,Male,Non-Hispanic White,29.4,Overweight (25-29.9),5.88,118.33333333333333,75.33333333333333,0,0,No hypertension,0
123179,45,40-59,4.5,Male,Non-Hispanic Black,39.4,Obesity class 2-3 (35+),7.88,146,96,1,1,Hypertension,1
123183,54,40-59,5.4,Male,Non-Hispanic Asian,32.6,Obesity class 1 (30-34.9),6.5200000000000005,108.66666666666667,70.66666666666667,0,0,No hypertension,0
123185,53,40-59,5.3,Male,Other/Multiracial,30.8,Obesity class 1 (30-34.9),6.16,119,79.33333333333333,1,1,Hypertension,1
123186,28,21-39,2.8,Female,Other Hispanic,32.2,Obesity class 1 (30-34.9),6.44,96.33333333333333,61.666666666666664,0,0,No hypertension,0
123190,60,60-79,6,Female,Non-Hispanic Black,34.6,Obesity class 1 (30-34.9),6.92,126.66666666666667,78.33333333333333,1,1,Hypertension,1
123193,63,60-79,6.3,Female,Other Hispanic,22.3,Healthy weight (18.5-24.9),4.46,133.66666666666666,78.33333333333333,0,1,Hypertension,0
123196,65,60-79,6.5,Female,Non-Hispanic White,38.9,Obesity class 2-3 (35+),7.779999999999999,138.66666666666666,76.33333333333333,1,1,Hypertension,1
123197,68,60-79,6.8,Male,Non-Hispanic White,25.5,Overweight (25-29.9),5.1,119.66666666666667,77.66666666666667,1,1,Hypertension,1
123198,48,40-59,4.8,Male,Non-Hispanic White,27.1,Overweight (25-29.9),5.42,127.66666666666667,85.66666666666667,1,1,Hypertension,1
123199,54,40-59,5.4,Male,Non-Hispanic Black,26.8,Overweight (25-29.9),5.36,158.33333333333334,93.66666666666667,1,1,Hypertension,1
123203,57,40-59,5.7,Female,Mexican American,26.7,Overweight (25-29.9),5.34,136.66666666666666,92.33333333333333,1,1,Hypertension,1
123204,37,21-39,3.7,Male,Non-Hispanic White,22.1,Healthy weight (18.5-24.9),4.42,123.66666666666667,70,0,0,No hypertension,0
123210,35,21-39,3.5,Male,Non-Hispanic Black,29.7,Overweight (25-29.9),5.9399999999999995,118.33333333333333,72.33333333333333,0,0,No hypertension,0
123212,71,60-79,7.1,Male,Non-Hispanic White,30.7,Obesity class 1 (30-34.9),6.14,137.33333333333334,65.66666666666667,1,1,Hypertension,1
123214,39,21-39,3.9,Female,Non-Hispanic Asian,21.1,Healthy weight (18.5-24.9),4.220000000000001,125.33333333333333,84.66666666666667,0,1,Hypertension,0
123215,57,40-59,5.7,Male,Non-Hispanic White,28.4,Overweight (25-29.9),5.68,122,70,1,1,Hypertension,1
123216,47,40-59,4.7,Male,Non-Hispanic Asian,30,Obesity class 1 (30-34.9),6,129.66666666666666,84,0,1,Hypertension,0
123220,31,21-39,3.1,Male,Mexican American,26.5,Overweight (25-29.9),5.3,137.33333333333334,84.66666666666667,0,1,Hypertension,0
123221,78,60-79,7.8,Male,Non-Hispanic Black,27,Overweight (25-29.9),5.4,124.33333333333333,65,1,1,Hypertension,1
123222,33,21-39,3.3,Female,Non-Hispanic Black,35.6,Obesity class 2-3 (35+),7.12,102.66666666666667,76.33333333333333,0,0,No hypertension,0
123223,52,40-59,5.2,Female,Non-Hispanic White,43.3,Obesity class 2-3 (35+),8.66,144.66666666666666,86.33333333333333,0,1,Hypertension,1
123224,40,40-59,4,Female,Non-Hispanic Asian,24.8,Healthy weight (18.5-24.9),4.96,111.66666666666667,76,0,0,No hypertension,0
123226,33,21-39,3.3,Male,Other Hispanic,19,Healthy weight (18.5-24.9),3.8,96.33333333333333,59.333333333333336,0,0,No hypertension,0
123227,26,21-39,2.6,Male,Non-Hispanic White,31.7,Obesity class 1 (30-34.9),6.34,115,74.66666666666667,0,0,No hypertension,0
123231,67,60-79,6.7,Male,Non-Hispanic Black,32.2,Obesity class 1 (30-34.9),6.44,143.33333333333334,60,1,1,Hypertension,1
123233,54,40-59,5.4,Female,Non-Hispanic Asian,31.6,Obesity class 1 (30-34.9),6.32,190,96,1,1,Hypertension,1
123234,30,21-39,3,Male,Non-Hispanic White,27.7,Overweight (25-29.9),5.54,122,67.66666666666667,0,0,No hypertension,0
123235,73,60-79,7.3,Female,Other/Multiracial,27.5,Overweight (25-29.9),5.5,154,73.33333333333333,0,1,Hypertension,1
123237,40,40-59,4,Female,Non-Hispanic White,22.7,Healthy weight (18.5-24.9),4.54,113,62.666666666666664,0,0,No hypertension,0
123239,27,21-39,2.7,Male,Non-Hispanic Black,26.3,Overweight (25-29.9),5.26,111,58,0,0,No hypertension,0
123240,49,40-59,4.9,Female,Non-Hispanic Black,36.7,Obesity class 2-3 (35+),7.340000000000001,95.66666666666667,71,1,1,Hypertension,1
123243,44,40-59,4.4,Male,Other/Multiracial,24.9,Healthy weight (18.5-24.9),4.9799999999999995,107.66666666666667,65,0,0,No hypertension,0
123244,26,21-39,2.6,Male,Non-Hispanic Asian,23.1,Healthy weight (18.5-24.9),4.62,120.33333333333333,71.33333333333333,0,0,No hypertension,0
123245,72,60-79,7.2,Female,Non-Hispanic White,28.2,Overweight (25-29.9),5.64,134.66666666666666,67.33333333333333,1,1,Hypertension,1
123247,67,60-79,6.7,Female,Non-Hispanic White,25.7,Overweight (25-29.9),5.14,109.33333333333333,59.333333333333336,1,1,Hypertension,1
123248,47,40-59,4.7,Male,Non-Hispanic White,31.9,Obesity class 1 (30-34.9),6.38,158.33333333333334,105,0,1,Hypertension,1
123249,51,40-59,5.1,Female,Non-Hispanic White,33.4,Obesity class 1 (30-34.9),6.68,106,75.66666666666667,0,0,No hypertension,0
123251,24,21-39,2.4,Male,Other Hispanic,24,Healthy weight (18.5-24.9),4.8,105.33333333333333,65.66666666666667,0,0,No hypertension,0
123252,37,21-39,3.7,Female,Other/Multiracial,35.1,Obesity class 2-3 (35+),7.0200000000000005,108.66666666666667,78,0,0,No hypertension,0
123253,37,21-39,3.7,Male,Non-Hispanic Asian,32,Obesity class 1 (30-34.9),6.4,124.33333333333333,73.33333333333333,0,0,No hypertension,0
123254,53,40-59,5.3,Male,Mexican American,29.2,Overweight (25-29.9),5.84,118.33333333333333,78,0,0,No hypertension,0
123257,38,21-39,3.8,Female,Non-Hispanic White,30.1,Obesity class 1 (30-34.9),6.0200000000000005,122,82,0,1,Hypertension,0
123258,77,60-79,7.7,Female,Non-Hispanic White,29.2,Overweight (25-29.9),5.84,126,76,1,1,Hypertension,1
123260,39,21-39,3.9,Female,Mexican American,36.2,Obesity class 2-3 (35+),7.24,92.66666666666667,63.333333333333336,0,0,No hypertension,0
123261,50,40-59,5,Female,Non-Hispanic Black,48.1,Obesity class 2-3 (35+),9.620000000000001,139.33333333333334,84.33333333333333,1,1,Hypertension,1
123263,53,40-59,5.3,Male,Non-Hispanic Black,24.2,Healthy weight (18.5-24.9),4.84,145.66666666666666,92.66666666666667,0,1,Hypertension,1
123264,56,40-59,5.6,Female,Other Hispanic,28,Overweight (25-29.9),5.6,150,99,0,1,Hypertension,1
123265,22,21-39,2.2,Female,Non-Hispanic Black,22.5,Healthy weight (18.5-24.9),4.5,103,61.333333333333336,0,0,No hypertension,0
123266,36,21-39,3.6,Male,Non-Hispanic Asian,27.2,Overweight (25-29.9),5.4399999999999995,127.33333333333333,81,0,1,Hypertension,0
123267,46,40-59,4.6,Male,Non-Hispanic Black,42.2,Obesity class 2-3 (35+),8.440000000000001,144.33333333333334,90.66666666666667,0,1,Hypertension,1
123268,63,60-79,6.3,Female,Other Hispanic,29.6,Overweight (25-29.9),5.92,106.33333333333333,69,0,0,No hypertension,0
123269,22,21-39,2.2,Male,Other Hispanic,30.9,Obesity class 1 (30-34.9),6.18,117.66666666666667,82,0,1,Hypertension,0
123271,63,60-79,6.3,Male,Mexican American,32.7,Obesity class 1 (30-34.9),6.540000000000001,132.33333333333334,89.66666666666667,0,1,Hypertension,0
123274,32,21-39,3.2,Male,Other/Multiracial,32.4,Obesity class 1 (30-34.9),6.4799999999999995,116.33333333333333,67.66666666666667,0,0,No hypertension,0
123275,30,21-39,3,Male,Non-Hispanic Black,33.5,Obesity class 1 (30-34.9),6.7,145.66666666666666,83.66666666666667,0,1,Hypertension,1
123276,66,60-79,6.6,Female,Non-Hispanic Black,25,Overweight (25-29.9),5,135,74.33333333333333,1,1,Hypertension,1
123277,54,40-59,5.4,Male,Non-Hispanic White,35.7,Obesity class 2-3 (35+),7.140000000000001,123,77,0,0,No hypertension,0
123278,59,40-59,5.9,Male,Non-Hispanic Black,30.7,Obesity class 1 (30-34.9),6.14,146.66666666666666,97.66666666666667,1,1,Hypertension,1
123280,71,60-79,7.1,Male,Non-Hispanic Black,29.3,Overweight (25-29.9),5.86,164.33333333333334,84,1,1,Hypertension,1
123282,78,60-79,7.8,Female,Other Hispanic,28.7,Overweight (25-29.9),5.74,133.33333333333334,73.33333333333333,1,1,Hypertension,1
123284,58,40-59,5.8,Female,Non-Hispanic White,39.1,Obesity class 2-3 (35+),7.82,134.66666666666666,89.33333333333333,0,1,Hypertension,0
123287,27,21-39,2.7,Male,Non-Hispanic White,37.6,Obesity class 2-3 (35+),7.5200000000000005,105.33333333333333,72,0,0,No hypertension,0
123291,48,40-59,4.8,Female,Non-Hispanic White,36.6,Obesity class 2-3 (35+),7.32,111.33333333333333,66.66666666666667,1,1,Hypertension,1
123295,31,21-39,3.1,Female,Non-Hispanic White,36.1,Obesity class 2-3 (35+),7.220000000000001,116.66666666666667,75,0,0,No hypertension,0
123296,79,60-79,7.9,Male,Non-Hispanic Black,37,Obesity class 2-3 (35+),7.4,121,61.666666666666664,1,1,Hypertension,1
123299,41,40-59,4.1,Female,Non-Hispanic Black,29,Overweight (25-29.9),5.8,110.66666666666667,67.66666666666667,0,0,No hypertension,0
123301,23,21-39,2.3,Male,Non-Hispanic White,43.3,Obesity class 2-3 (35+),8.66,111.33333333333333,67,0,0,No hypertension,0
123302,69,60-79,6.9,Male,Non-Hispanic Asian,25.6,Overweight (25-29.9),5.12,107.33333333333333,61,1,1,Hypertension,1
123306,33,21-39,3.3,Male,Non-Hispanic White,32.7,Obesity class 1 (30-34.9),6.540000000000001,113.33333333333333,72,0,0,No hypertension,0
123310,52,40-59,5.2,Female,Non-Hispanic Black,50.4,Obesity class 2-3 (35+),10.08,124.66666666666667,69.66666666666667,1,1,Hypertension,1
123314,59,40-59,5.9,Male,Non-Hispanic Black,39,Obesity class 2-3 (35+),7.8,134.66666666666666,99,1,1,Hypertension,1
123315,69,60-79,6.9,Female,Non-Hispanic Black,32.9,Obesity class 1 (30-34.9),6.58,106.66666666666667,57.333333333333336,1,1,Hypertension,1
123317,69,60-79,6.9,Female,Non-Hispanic Black,32.9,Obesity class 1 (30-34.9),6.58,138.33333333333334,63.333333333333336,1,1,Hypertension,1
123318,53,40-59,5.3,Female,Other Hispanic,27.3,Overweight (25-29.9),5.46,108,72.66666666666667,0,0,No hypertension,0
123319,30,21-39,3,Male,Non-Hispanic White,33.8,Obesity class 1 (30-34.9),6.76,129.66666666666666,83.33333333333333,0,1,Hypertension,0
123321,28,21-39,2.8,Female,Non-Hispanic Asian,23.6,Healthy weight (18.5-24.9),4.720000000000001,107,70.33333333333333,0,0,No hypertension,0
123322,39,21-39,3.9,Female,Non-Hispanic Asian,27.8,Overweight (25-29.9),5.5600000000000005,121.66666666666667,81,0,1,Hypertension,0
123323,64,60-79,6.4,Male,Non-Hispanic White,33.5,Obesity class 1 (30-34.9),6.7,154,97.66666666666667,1,1,Hypertension,1
123324,65,60-79,6.5,Male,Mexican American,32.8,Obesity class 1 (30-34.9),6.56,123.66666666666667,73,1,1,Hypertension,1
123325,32,21-39,3.2,Male,Non-Hispanic White,35.2,Obesity class 2-3 (35+),7.040000000000001,129,85.66666666666667,0,1,Hypertension,0
123326,22,21-39,2.2,Male,Other Hispanic,44.7,Obesity class 2-3 (35+),8.940000000000001,121.33333333333333,90.33333333333333,0,1,Hypertension,1
123330,38,21-39,3.8,Male,Non-Hispanic Black,30.5,Obesity class 1 (30-34.9),6.1,121,73.66666666666667,0,0,No hypertension,0
123332,61,60-79,6.1,Female,Other Hispanic,35.7,Obesity class 2-3 (35+),7.140000000000001,181.33333333333334,78.33333333333333,1,1,Hypertension,1
123335,75,60-79,7.5,Female,Non-Hispanic Asian,26.2,Overweight (25-29.9),5.24,166.66666666666666,71.33333333333333,1,1,Hypertension,1
123336,52,40-59,5.2,Female,Non-Hispanic Asian,21.5,Healthy weight (18.5-24.9),4.3,145.66666666666666,92,0,1,Hypertension,1
123338,37,21-39,3.7,Female,Non-Hispanic White,35.2,Obesity class 2-3 (35+),7.040000000000001,112,82.66666666666667,0,1,Hypertension,0
123342,35,21-39,3.5,Female,Non-Hispanic White,53.1,Obesity class 2-3 (35+),10.620000000000001,98.33333333333333,58.666666666666664,0,0,No hypertension,0
123343,23,21-39,2.3,Male,Non-Hispanic White,28.9,Overweight (25-29.9),5.779999999999999,130.66666666666666,79,0,1,Hypertension,0
123346,70,60-79,7,Male,Non-Hispanic White,27.8,Overweight (25-29.9),5.5600000000000005,133.66666666666666,72.33333333333333,1,1,Hypertension,1
123347,66,60-79,6.6,Male,Non-Hispanic White,34.3,Obesity class 1 (30-34.9),6.859999999999999,140.33333333333334,87,1,1,Hypertension,1
123349,38,21-39,3.8,Female,Non-Hispanic Black,24.2,Healthy weight (18.5-24.9),4.84,111,72.33333333333333,0,0,No hypertension,0
123353,44,40-59,4.4,Male,Non-Hispanic White,24,Healthy weight (18.5-24.9),4.8,122,72.66666666666667,0,0,No hypertension,0
123354,34,21-39,3.4,Female,Non-Hispanic Black,32.2,Obesity class 1 (30-34.9),6.44,150.33333333333334,94.33333333333333,0,1,Hypertension,1
123355,32,21-39,3.2,Male,Non-Hispanic White,40.2,Obesity class 2-3 (35+),8.040000000000001,121.33333333333333,73,0,0,No hypertension,0
123359,33,21-39,3.3,Male,Non-Hispanic White,26.9,Overweight (25-29.9),5.38,140.66666666666666,97,0,1,Hypertension,1
123360,71,60-79,7.1,Female,Non-Hispanic White,28.3,Overweight (25-29.9),5.66,118.66666666666667,72,0,0,No hypertension,0
123361,39,21-39,3.9,Male,Non-Hispanic White,21.3,Healthy weight (18.5-24.9),4.26,117.66666666666667,65.66666666666667,0,0,No hypertension,0
123362,57,40-59,5.7,Male,Non-Hispanic White,22.8,Healthy weight (18.5-24.9),4.5600000000000005,137.33333333333334,85,1,1,Hypertension,1
123363,34,21-39,3.4,Female,Mexican American,20.7,Healthy weight (18.5-24.9),4.14,99,64.33333333333333,0,0,No hypertension,0
123364,42,40-59,4.2,Female,Mexican American,29.4,Overweight (25-29.9),5.88,120,74.66666666666667,0,0,No hypertension,0
123369,48,40-59,4.8,Female,Non-Hispanic Asian,23.6,Healthy weight (18.5-24.9),4.720000000000001,107.66666666666667,61.666666666666664,0,0,No hypertension,0
123372,40,40-59,4,Male,Mexican American,32.9,Obesity class 1 (30-34.9),6.58,109.66666666666667,69.66666666666667,0,0,No hypertension,0
123374,35,21-39,3.5,Male,Mexican American,36.1,Obesity class 2-3 (35+),7.220000000000001,111.33333333333333,81,0,1,Hypertension,0
123375,76,60-79,7.6,Female,Mexican American,23.9,Healthy weight (18.5-24.9),4.779999999999999,119.66666666666667,71.66666666666667,0,0,No hypertension,0
123378,37,21-39,3.7,Male,Non-Hispanic Asian,23.3,Healthy weight (18.5-24.9),4.66,121,75,0,0,No hypertension,0
123380,48,40-59,4.8,Female,Other/Multiracial,32.3,Obesity class 1 (30-34.9),6.459999999999999,102.66666666666667,68.66666666666667,0,0,No hypertension,0
123385,21,21-39,2.1,Male,Non-Hispanic Black,29.5,Overweight (25-29.9),5.9,130,74,0,1,Hypertension,0
123386,25,21-39,2.5,Female,Non-Hispanic Black,34,Obesity class 1 (30-34.9),6.8,99.66666666666667,70.66666666666667,0,0,No hypertension,0
123388,63,60-79,6.3,Female,Non-Hispanic Black,38.9,Obesity class 2-3 (35+),7.779999999999999,150.66666666666666,77.33333333333333,1,1,Hypertension,1
123389,22,21-39,2.2,Female,Non-Hispanic Asian,18.2,Underweight (<18.5),3.6399999999999997,100.33333333333333,73.66666666666667,0,0,No hypertension,0
123391,40,40-59,4,Female,Other Hispanic,33.1,Obesity class 1 (30-34.9),6.62,106.66666666666667,70.33333333333333,0,0,No hypertension,0
123399,69,60-79,6.9,Male,Non-Hispanic White,31.2,Obesity class 1 (30-34.9),6.24,115.33333333333333,69,0,0,No hypertension,0
123400,71,60-79,7.1,Female,Non-Hispanic Black,50.6,Obesity class 2-3 (35+),10.120000000000001,122.33333333333333,77.66666666666667,1,1,Hypertension,1
123401,46,40-59,4.6,Male,Non-Hispanic Black,24.6,Healthy weight (18.5-24.9),4.92,124,82.66666666666667,1,1,Hypertension,1
123403,47,40-59,4.7,Female,Non-Hispanic Black,30,Obesity class 1 (30-34.9),6,102.66666666666667,73.33333333333333,1,1,Hypertension,1
123405,57,40-59,5.7,Male,Non-Hispanic Asian,28,Overweight (25-29.9),5.6,116,66,1,1,Hypertension,1
123408,67,60-79,6.7,Female,Non-Hispanic White,59.4,Obesity class 2-3 (35+),11.879999999999999,118.66666666666667,62.333333333333336,1,1,Hypertension,1
123409,29,21-39,2.9,Male,Mexican American,25.7,Overweight (25-29.9),5.14,105,64,0,0,No hypertension,0
123411,39,21-39,3.9,Female,Non-Hispanic Black,45.4,Obesity class 2-3 (35+),9.08,133.66666666666666,87.66666666666667,1,1,Hypertension,1
123412,52,40-59,5.2,Male,Non-Hispanic Black,47,Obesity class 2-3 (35+),9.4,147.66666666666666,107,1,1,Hypertension,1
123413,37,21-39,3.7,Female,Non-Hispanic Asian,25.6,Overweight (25-29.9),5.12,89,57,0,0,No hypertension,0
123416,61,60-79,6.1,Male,Other Hispanic,32.2,Obesity class 1 (30-34.9),6.44,124.33333333333333,72.33333333333333,1,1,Hypertension,1
123426,26,21-39,2.6,Female,Non-Hispanic White,28,Overweight (25-29.9),5.6,93,64,0,0,No hypertension,0
123431,24,21-39,2.4,Female,Non-Hispanic Asian,21.5,Healthy weight (18.5-24.9),4.3,109,77.33333333333333,0,0,No hypertension,0
123432,71,60-79,7.1,Male,Non-Hispanic White,33,Obesity class 1 (30-34.9),6.6,116.66666666666667,74,0,0,No hypertension,0
123433,31,21-39,3.1,Female,Non-Hispanic White,26.4,Overweight (25-29.9),5.279999999999999,100.33333333333333,69,0,0,No hypertension,0
123434,53,40-59,5.3,Female,Non-Hispanic White,25.8,Overweight (25-29.9),5.16,133.66666666666666,92,0,1,Hypertension,1
123435,35,21-39,3.5,Female,Other Hispanic,46.8,Obesity class 2-3 (35+),9.36,134.33333333333334,110.33333333333333,0,1,Hypertension,1
123436,48,40-59,4.8,Female,Non-Hispanic Black,24.7,Healthy weight (18.5-24.9),4.9399999999999995,153.66666666666666,93,1,1,Hypertension,1
123438,22,21-39,2.2,Female,Non-Hispanic White,27.7,Overweight (25-29.9),5.54,115.66666666666667,75,0,0,No hypertension,0
123440,39,21-39,3.9,Female,Other/Multiracial,38.8,Obesity class 2-3 (35+),7.76,119.66666666666667,80.33333333333333,0,1,Hypertension,0
123441,60,60-79,6,Male,Non-Hispanic Black,41.5,Obesity class 2-3 (35+),8.3,144.33333333333334,86.33333333333333,1,1,Hypertension,1
123445,55,40-59,5.5,Male,Non-Hispanic Asian,42.8,Obesity class 2-3 (35+),8.559999999999999,135,89,1,1,Hypertension,1
123446,37,21-39,3.7,Female,Mexican American,36.7,Obesity class 2-3 (35+),7.340000000000001,124.33333333333333,87.66666666666667,0,1,Hypertension,0
123447,28,21-39,2.8,Female,Mexican American,27.7,Overweight (25-29.9),5.54,114.66666666666667,68,0,0,No hypertension,0
123452,77,60-79,7.7,Male,Non-Hispanic Asian,23.5,Healthy weight (18.5-24.9),4.7,160.33333333333334,78.33333333333333,1,1,Hypertension,1
123454,53,40-59,5.3,Male,Non-Hispanic Black,30,Obesity class 1 (30-34.9),6,142.66666666666666,88,1,1,Hypertension,1
123460,41,40-59,4.1,Female,Non-Hispanic Black,21.7,Healthy weight (18.5-24.9),4.34,123.33333333333333,75.66666666666667,0,0,No hypertension,0
123463,27,21-39,2.7,Female,Non-Hispanic Black,24.2,Healthy weight (18.5-24.9),4.84,96,51,0,0,No hypertension,0
123464,79,60-79,7.9,Male,Non-Hispanic Black,22,Healthy weight (18.5-24.9),4.4,115.33333333333333,47.333333333333336,0,0,No hypertension,0
123466,48,40-59,4.8,Male,Non-Hispanic Black,22.9,Healthy weight (18.5-24.9),4.58,143.66666666666666,84.33333333333333,0,1,Hypertension,1
123467,66,60-79,6.6,Male,Non-Hispanic Black,38.1,Obesity class 2-3 (35+),7.62,146.66666666666666,95.33333333333333,1,1,Hypertension,1
123468,55,40-59,5.5,Male,Non-Hispanic Black,43.1,Obesity class 2-3 (35+),8.620000000000001,121,79,1,1,Hypertension,1
123472,39,21-39,3.9,Male,Other/Multiracial,29.9,Overweight (25-29.9),5.9799999999999995,125,77,0,0,No hypertension,0
123474,40,40-59,4,Male,Non-Hispanic White,29.6,Overweight (25-29.9),5.92,120.33333333333333,75,0,0,No hypertension,0
123475,26,21-39,2.6,Female,Non-Hispanic Black,44.2,Obesity class 2-3 (35+),8.84,137.33333333333334,91.33333333333333,0,1,Hypertension,1
123478,38,21-39,3.8,Female,Non-Hispanic White,36.8,Obesity class 2-3 (35+),7.359999999999999,115,80.33333333333333,0,1,Hypertension,0
123479,46,40-59,4.6,Male,Non-Hispanic White,25.9,Overweight (25-29.9),5.18,121,79.66666666666667,0,0,No hypertension,0
123484,60,60-79,6,Female,Non-Hispanic White,22.8,Healthy weight (18.5-24.9),4.5600000000000005,122,75.33333333333333,1,1,Hypertension,1
123488,66,60-79,6.6,Male,Mexican American,35.9,Obesity class 2-3 (35+),7.18,152.66666666666666,87.66666666666667,1,1,Hypertension,1
123492,69,60-79,6.9,Male,Non-Hispanic Black,31.1,Obesity class 1 (30-34.9),6.220000000000001,130.33333333333334,86,1,1,Hypertension,1
123493,32,21-39,3.2,Female,Non-Hispanic Black,21.1,Healthy weight (18.5-24.9),4.220000000000001,122.66666666666667,80.33333333333333,0,1,Hypertension,0
123494,44,40-59,4.4,Female,Other Hispanic,33,Obesity class 1 (30-34.9),6.6,116.66666666666667,82,0,1,Hypertension,0
123496,73,60-79,7.3,Female,Non-Hispanic White,23.2,Healthy weight (18.5-24.9),4.64,128,59.666666666666664,1,1,Hypertension,1
123498,27,21-39,2.7,Male,Non-Hispanic White,22.2,Healthy weight (18.5-24.9),4.4399999999999995,117,67.66666666666667,0,0,No hypertension,0
123503,25,21-39,2.5,Female,Non-Hispanic Asian,30.1,Obesity class 1 (30-34.9),6.0200000000000005,107.33333333333333,64.66666666666667,0,0,No hypertension,0
123504,54,40-59,5.4,Male,Other Hispanic,34.9,Obesity class 1 (30-34.9),6.9799999999999995,130.33333333333334,90.66666666666667,0,1,Hypertension,1
123505,23,21-39,2.3,Female,Non-Hispanic White,25.3,Overweight (25-29.9),5.0600000000000005,87,55.666666666666664,0,0,No hypertension,0
123506,70,60-79,7,Female,Non-Hispanic Black,33.6,Obesity class 1 (30-34.9),6.720000000000001,123,73,1,1,Hypertension,1
123507,28,21-39,2.8,Female,Non-Hispanic Asian,42.7,Obesity class 2-3 (35+),8.540000000000001,128.33333333333334,99.33333333333333,0,1,Hypertension,1
123508,59,40-59,5.9,Male,Non-Hispanic White,26.6,Overweight (25-29.9),5.32,108.33333333333333,62.666666666666664,0,0,No hypertension,0
123509,48,40-59,4.8,Female,Non-Hispanic White,28.7,Overweight (25-29.9),5.74,125,79.66666666666667,0,0,No hypertension,0
123510,26,21-39,2.6,Female,Non-Hispanic White,57.4,Obesity class 2-3 (35+),11.48,97.66666666666667,62,0,0,No hypertension,0
123511,35,21-39,3.5,Female,Non-Hispanic White,29.6,Overweight (25-29.9),5.92,117.33333333333333,83,0,1,Hypertension,0
123514,41,40-59,4.1,Female,Mexican American,22.1,Healthy weight (18.5-24.9),4.42,100.33333333333333,61.333333333333336,0,0,No hypertension,0
123515,72,60-79,7.2,Male,Non-Hispanic White,20.6,Healthy weight (18.5-24.9),4.12,127,54,0,0,No hypertension,0
123517,37,21-39,3.7,Male,Other/Multiracial,32.5,Obesity class 1 (30-34.9),6.5,125,86.66666666666667,0,1,Hypertension,0
123518,61,60-79,6.1,Male,Non-Hispanic Asian,27.6,Overweight (25-29.9),5.5200000000000005,123.33333333333333,83.66666666666667,1,1,Hypertension,1
123519,44,40-59,4.4,Female,Other/Multiracial,29.2,Overweight (25-29.9),5.84,119.33333333333333,89.33333333333333,1,1,Hypertension,1
123523,50,40-59,5,Male,Non-Hispanic White,37.2,Obesity class 2-3 (35+),7.44,159.33333333333334,104,0,1,Hypertension,1
123524,46,40-59,4.6,Male,Non-Hispanic Black,20.4,Healthy weight (18.5-24.9),4.08,91.33333333333333,54.666666666666664,0,0,No hypertension,0
123526,75,60-79,7.5,Female,Non-Hispanic Black,38.3,Obesity class 2-3 (35+),7.659999999999999,113.33333333333333,63.666666666666664,1,1,Hypertension,1
123527,40,40-59,4,Male,Non-Hispanic Asian,27.4,Overweight (25-29.9),5.4799999999999995,116,72.33333333333333,0,0,No hypertension,0
123528,60,60-79,6,Female,Non-Hispanic Black,25.6,Overweight (25-29.9),5.12,144.33333333333334,91,0,1,Hypertension,1
123531,68,60-79,6.8,Female,Non-Hispanic White,36.8,Obesity class 2-3 (35+),7.359999999999999,142.33333333333334,88.33333333333333,1,1,Hypertension,1
123534,25,21-39,2.5,Female,Other/Multiracial,19.6,Healthy weight (18.5-24.9),3.9200000000000004,99,61,0,0,No hypertension,0
123535,61,60-79,6.1,Male,Non-Hispanic White,39.4,Obesity class 2-3 (35+),7.88,102.66666666666667,68.33333333333333,1,1,Hypertension,1
123536,65,60-79,6.5,Male,Non-Hispanic White,37.1,Obesity class 2-3 (35+),7.42,165.66666666666666,103,1,1,Hypertension,1
123537,45,40-59,4.5,Female,Non-Hispanic White,23.5,Healthy weight (18.5-24.9),4.7,136,85.66666666666667,0,1,Hypertension,0
123539,60,60-79,6,Male,Non-Hispanic White,38.3,Obesity class 2-3 (35+),7.659999999999999,146.33333333333334,95,1,1,Hypertension,1
123542,62,60-79,6.2,Male,Non-Hispanic Black,30.8,Obesity class 1 (30-34.9),6.16,129,72.33333333333333,0,0,No hypertension,0
123545,42,40-59,4.2,Female,Non-Hispanic Black,37,Obesity class 2-3 (35+),7.4,118,75.33333333333333,0,0,No hypertension,0
123546,32,21-39,3.2,Female,Non-Hispanic Black,23.1,Healthy weight (18.5-24.9),4.62,106.33333333333333,70.33333333333333,0,0,No hypertension,0
123548,30,21-39,3,Male,Non-Hispanic Black,22.7,Healthy weight (18.5-24.9),4.54,118,66,0,0,No hypertension,0
123549,52,40-59,5.2,Male,Other Hispanic,29.9,Overweight (25-29.9),5.9799999999999995,129.66666666666666,79.66666666666667,1,1,Hypertension,1
123551,21,21-39,2.1,Female,Non-Hispanic Black,29.7,Overweight (25-29.9),5.9399999999999995,123,72.66666666666667,0,0,No hypertension,0
123552,59,40-59,5.9,Male,Non-Hispanic White,36.2,Obesity class 2-3 (35+),7.24,117.33333333333333,82,0,1,Hypertension,0
123553,45,40-59,4.5,Male,Non-Hispanic White,29.3,Overweight (25-29.9),5.86,127.66666666666667,74.66666666666667,0,0,No hypertension,0
123554,42,40-59,4.2,Female,Non-Hispanic Asian,21.5,Healthy weight (18.5-24.9),4.3,105.66666666666667,63.333333333333336,0,0,No hypertension,0
123562,43,40-59,4.3,Female,Non-Hispanic White,35.1,Obesity class 2-3 (35+),7.0200000000000005,132,92.33333333333333,0,1,Hypertension,1
123564,33,21-39,3.3,Female,Non-Hispanic White,21.7,Healthy weight (18.5-24.9),4.34,106.33333333333333,65.66666666666667,0,0,No hypertension,0
123566,37,21-39,3.7,Female,Mexican American,34,Obesity class 1 (30-34.9),6.8,123.66666666666667,75,1,1,Hypertension,1
123568,68,60-79,6.8,Female,Non-Hispanic Black,26.4,Overweight (25-29.9),5.279999999999999,127.33333333333333,79.33333333333333,0,0,No hypertension,0
123569,72,60-79,7.2,Male,Mexican American,30.8,Obesity class 1 (30-34.9),6.16,133.66666666666666,71,0,1,Hypertension,0
123570,74,60-79,7.4,Female,Non-Hispanic White,28,Overweight (25-29.9),5.6,112.33333333333333,60.666666666666664,1,1,Hypertension,1
123571,54,40-59,5.4,Male,Mexican American,29.6,Overweight (25-29.9),5.92,130.33333333333334,86.33333333333333,1,1,Hypertension,1
123574,70,60-79,7,Male,Non-Hispanic White,23.7,Healthy weight (18.5-24.9),4.74,116.33333333333333,76.66666666666667,0,0,No hypertension,0
123576,36,21-39,3.6,Male,Non-Hispanic Asian,26.5,Overweight (25-29.9),5.3,127.33333333333333,81.33333333333333,1,1,Hypertension,1
123577,55,40-59,5.5,Male,Other Hispanic,41.7,Obesity class 2-3 (35+),8.34,141,94.66666666666667,0,1,Hypertension,1
123578,68,60-79,6.8,Male,Non-Hispanic Black,30.9,Obesity class 1 (30-34.9),6.18,127,80.33333333333333,1,1,Hypertension,1
123580,21,21-39,2.1,Female,Other Hispanic,22,Healthy weight (18.5-24.9),4.4,101.33333333333333,64.66666666666667,0,0,No hypertension,0
123582,65,60-79,6.5,Female,Non-Hispanic White,26.9,Overweight (25-29.9),5.38,151.66666666666666,84.66666666666667,1,1,Hypertension,1
123583,67,60-79,6.7,Male,Other/Multiracial,26.7,Overweight (25-29.9),5.34,111.66666666666667,68,1,1,Hypertension,1
123584,67,60-79,6.7,Male,Non-Hispanic Black,31.2,Obesity class 1 (30-34.9),6.24,133.66666666666666,80.33333333333333,1,1,Hypertension,1
123587,43,40-59,4.3,Female,Non-Hispanic White,18.9,Healthy weight (18.5-24.9),3.78,111.66666666666667,75.66666666666667,0,0,No hypertension,0
123593,77,60-79,7.7,Female,Non-Hispanic White,28.8,Overweight (25-29.9),5.76,145.66666666666666,76.33333333333333,0,1,Hypertension,1
123600,63,60-79,6.3,Male,Other Hispanic,29.7,Overweight (25-29.9),5.9399999999999995,129,85.66666666666667,0,1,Hypertension,0
123604,42,40-59,4.2,Female,Non-Hispanic White,56.6,Obesity class 2-3 (35+),11.32,122.66666666666667,85,0,1,Hypertension,0
123606,31,21-39,3.1,Female,Other/Multiracial,39.5,Obesity class 2-3 (35+),7.9,134,95.66666666666667,0,1,Hypertension,1
123607,55,40-59,5.5,Female,Non-Hispanic White,33.4,Obesity class 1 (30-34.9),6.68,113.33333333333333,75,0,0,No hypertension,0
123609,60,60-79,6,Female,Other Hispanic,26.1,Overweight (25-29.9),5.220000000000001,95.66666666666667,53.333333333333336,0,0,No hypertension,0
123610,39,21-39,3.9,Female,Non-Hispanic Black,24.1,Healthy weight (18.5-24.9),4.82,118.66666666666667,81.33333333333333,0,1,Hypertension,0
123614,27,21-39,2.7,Male,Mexican American,20.8,Healthy weight (18.5-24.9),4.16,115.33333333333333,61.333333333333336,0,0,No hypertension,0
123617,29,21-39,2.9,Male,Other Hispanic,26.1,Overweight (25-29.9),5.220000000000001,109.33333333333333,65.33333333333333,0,0,No hypertension,0
123619,61,60-79,6.1,Male,Mexican American,32.6,Obesity class 1 (30-34.9),6.5200000000000005,110.33333333333333,61.666666666666664,0,0,No hypertension,0
123622,24,21-39,2.4,Male,Non-Hispanic White,49.5,Obesity class 2-3 (35+),9.9,109,76,0,0,No hypertension,0
123624,72,60-79,7.2,Male,Mexican American,31.5,Obesity class 1 (30-34.9),6.3,118.66666666666667,69,0,0,No hypertension,0
123627,43,40-59,4.3,Male,Non-Hispanic Black,28.7,Overweight (25-29.9),5.74,110.33333333333333,65.33333333333333,0,0,No hypertension,0
123628,40,40-59,4,Female,Non-Hispanic Asian,24.2,Healthy weight (18.5-24.9),4.84,128,82.33333333333333,0,1,Hypertension,0
123632,21,21-39,2.1,Female,Other/Multiracial,22.7,Healthy weight (18.5-24.9),4.54,106,57.333333333333336,0,0,No hypertension,0
123635,25,21-39,2.5,Male,Non-Hispanic Black,36.8,Obesity class 2-3 (35+),7.359999999999999,110.66666666666667,67,0,0,No hypertension,0
123638,54,40-59,5.4,Male,Non-Hispanic Black,32.1,Obesity class 1 (30-34.9),6.42,138.33333333333334,95,1,1,Hypertension,1
123639,65,60-79,6.5,Male,Non-Hispanic Black,37.8,Obesity class 2-3 (35+),7.56,149.33333333333334,80,1,1,Hypertension,1
123641,43,40-59,4.3,Male,Mexican American,35.5,Obesity class 2-3 (35+),7.1,119,74.33333333333333,0,0,No hypertension,0
123643,24,21-39,2.4,Female,Non-Hispanic Black,29,Overweight (25-29.9),5.8,101,67.33333333333333,0,0,No hypertension,0
123644,60,60-79,6,Female,Mexican American,27.4,Overweight (25-29.9),5.4799999999999995,165.66666666666666,70.66666666666667,1,1,Hypertension,1
123646,62,60-79,6.2,Female,Non-Hispanic Black,25.1,Overweight (25-29.9),5.0200000000000005,128,76,1,1,Hypertension,1
123647,48,40-59,4.8,Female,Non-Hispanic Black,32.6,Obesity class 1 (30-34.9),6.5200000000000005,107,82.33333333333333,0,1,Hypertension,0
123648,54,40-59,5.4,Male,Non-Hispanic Asian,27,Overweight (25-29.9),5.4,143.33333333333334,84,0,1,Hypertension,1
123652,58,40-59,5.8,Female,Non-Hispanic White,33.9,Obesity class 1 (30-34.9),6.779999999999999,140,92,1,1,Hypertension,1
123654,53,40-59,5.3,Female,Non-Hispanic White,49.7,Obesity class 2-3 (35+),9.940000000000001,123.33333333333333,73.33333333333333,1,1,Hypertension,1
123656,54,40-59,5.4,Male,Mexican American,31.6,Obesity class 1 (30-34.9),6.32,111,63.666666666666664,0,0,No hypertension,0
123660,53,40-59,5.3,Female,Non-Hispanic White,27.6,Overweight (25-29.9),5.5200000000000005,134.33333333333334,80.66666666666667,1,1,Hypertension,1
123662,65,60-79,6.5,Female,Non-Hispanic Black,27.3,Overweight (25-29.9),5.46,160.66666666666666,94.33333333333333,0,1,Hypertension,1
123664,28,21-39,2.8,Male,Other/Multiracial,33.3,Obesity class 1 (30-34.9),6.659999999999999,106,68.33333333333333,0,0,No hypertension,0
123668,59,40-59,5.9,Male,Non-Hispanic White,24,Healthy weight (18.5-24.9),4.8,162,90,1,1,Hypertension,1
123672,47,40-59,4.7,Male,Mexican American,27.6,Overweight (25-29.9),5.5200000000000005,104,58.666666666666664,0,0,No hypertension,0
123673,71,60-79,7.1,Female,Non-Hispanic Black,22.8,Healthy weight (18.5-24.9),4.5600000000000005,179.66666666666666,82.33333333333333,1,1,Hypertension,1
123674,59,40-59,5.9,Male,Non-Hispanic Black,37.6,Obesity class 2-3 (35+),7.5200000000000005,128,83,1,1,Hypertension,1
123677,51,40-59,5.1,Male,Non-Hispanic White,24.7,Healthy weight (18.5-24.9),4.9399999999999995,127,86.33333333333333,1,1,Hypertension,1
123678,42,40-59,4.2,Female,Non-Hispanic White,28.8,Overweight (25-29.9),5.76,120,79.66666666666667,0,0,No hypertension,0
123680,30,21-39,3,Female,Non-Hispanic White,19.6,Healthy weight (18.5-24.9),3.9200000000000004,112.33333333333333,65.66666666666667,0,0,No hypertension,0
123686,21,21-39,2.1,Female,Mexican American,40.6,Obesity class 2-3 (35+),8.120000000000001,98,61,0,0,No hypertension,0
123687,33,21-39,3.3,Male,Mexican American,20.3,Healthy weight (18.5-24.9),4.0600000000000005,149.33333333333334,82.33333333333333,0,1,Hypertension,1
123688,24,21-39,2.4,Female,Non-Hispanic White,26.4,Overweight (25-29.9),5.279999999999999,109.33333333333333,59,0,0,No hypertension,0
123689,58,40-59,5.8,Female,Non-Hispanic Black,31.2,Obesity class 1 (30-34.9),6.24,121.66666666666667,71.66666666666667,0,0,No hypertension,0
123692,33,21-39,3.3,Female,Non-Hispanic Asian,25,Overweight (25-29.9),5,116.33333333333333,75.33333333333333,0,0,No hypertension,0
123693,38,21-39,3.8,Female,Mexican American,32.8,Obesity class 1 (30-34.9),6.56,109,73.33333333333333,0,0,No hypertension,0
123694,24,21-39,2.4,Female,Other Hispanic,34.8,Obesity class 1 (30-34.9),6.959999999999999,92,57.333333333333336,0,0,No hypertension,0
123695,21,21-39,2.1,Female,Non-Hispanic Asian,33.8,Obesity class 1 (30-34.9),6.76,104.66666666666667,72.33333333333333,0,0,No hypertension,0
123698,64,60-79,6.4,Male,Other Hispanic,26.5,Overweight (25-29.9),5.3,140.66666666666666,76,1,1,Hypertension,1
123703,34,21-39,3.4,Male,Non-Hispanic Black,44.2,Obesity class 2-3 (35+),8.84,112.33333333333333,79.33333333333333,0,0,No hypertension,0
123704,44,40-59,4.4,Female,Non-Hispanic Asian,24.3,Healthy weight (18.5-24.9),4.86,121,81.66666666666667,1,1,Hypertension,1
123705,60,60-79,6,Female,Non-Hispanic Black,33.9,Obesity class 1 (30-34.9),6.779999999999999,120,76.66666666666667,0,0,No hypertension,0
123706,36,21-39,3.6,Female,Non-Hispanic White,19.3,Healthy weight (18.5-24.9),3.8600000000000003,92.33333333333333,61,0,0,No hypertension,0
123709,51,40-59,5.1,Female,Other Hispanic,21.8,Healthy weight (18.5-24.9),4.36,109.66666666666667,71.33333333333333,0,0,No hypertension,0
123711,64,60-79,6.4,Female,Non-Hispanic White,41.4,Obesity class 2-3 (35+),8.28,149,71,1,1,Hypertension,1
123712,21,21-39,2.1,Female,Non-Hispanic White,24.4,Healthy weight (18.5-24.9),4.88,114.33333333333333,73,0,0,No hypertension,0
123713,50,40-59,5,Female,Non-Hispanic Asian,29.5,Overweight (25-29.9),5.9,127.33333333333333,81.33333333333333,0,1,Hypertension,0
123719,22,21-39,2.2,Male,Mexican American,22.3,Healthy weight (18.5-24.9),4.46,101.33333333333333,58,0,0,No hypertension,0
123720,33,21-39,3.3,Male,Non-Hispanic White,34.9,Obesity class 1 (30-34.9),6.9799999999999995,125,81.66666666666667,0,1,Hypertension,0
123722,43,40-59,4.3,Male,Other/Multiracial,17.4,Underweight (<18.5),3.4799999999999995,112.66666666666667,75.66666666666667,0,0,No hypertension,0
123723,25,21-39,2.5,Male,Non-Hispanic Asian,24.1,Healthy weight (18.5-24.9),4.82,127.33333333333333,73.33333333333333,0,0,No hypertension,0
123726,41,40-59,4.1,Female,Non-Hispanic Black,28.6,Overweight (25-29.9),5.720000000000001,127.66666666666667,77.66666666666667,0,0,No hypertension,0
123728,58,40-59,5.8,Female,Non-Hispanic White,26.4,Overweight (25-29.9),5.279999999999999,108.33333333333333,64.33333333333333,0,0,No hypertension,0
123729,78,60-79,7.8,Female,Non-Hispanic Black,41,Obesity class 2-3 (35+),8.2,195.66666666666666,108.33333333333333,1,1,Hypertension,1
123735,59,40-59,5.9,Male,Non-Hispanic White,36.1,Obesity class 2-3 (35+),7.220000000000001,102,52,1,1,Hypertension,1
123736,23,21-39,2.3,Female,Non-Hispanic White,35.6,Obesity class 2-3 (35+),7.12,103.66666666666667,69.33333333333333,0,0,No hypertension,0
123738,68,60-79,6.8,Female,Non-Hispanic White,35.3,Obesity class 2-3 (35+),7.06,161.33333333333334,94.33333333333333,1,1,Hypertension,1
123740,54,40-59,5.4,Female,Mexican American,27.1,Overweight (25-29.9),5.42,106.33333333333333,64,0,0,No hypertension,0
123745,42,40-59,4.2,Male,Non-Hispanic White,27.4,Overweight (25-29.9),5.4799999999999995,104.66666666666667,67.33333333333333,0,0,No hypertension,0
123748,22,21-39,2.2,Male,Mexican American,28.7,Overweight (25-29.9),5.74,111.33333333333333,73.66666666666667,0,0,No hypertension,0
123749,35,21-39,3.5,Male,Non-Hispanic White,36.3,Obesity class 2-3 (35+),7.26,110.66666666666667,72,0,0,No hypertension,0
123754,69,60-79,6.9,Male,Non-Hispanic White,34.5,Obesity class 1 (30-34.9),6.9,161,91,1,1,Hypertension,1
123758,46,40-59,4.6,Male,Other/Multiracial,45,Obesity class 2-3 (35+),9,93.33333333333333,62,0,0,No hypertension,0
123760,47,40-59,4.7,Male,Non-Hispanic White,30.2,Obesity class 1 (30-34.9),6.04,121,89,0,1,Hypertension,0
123761,27,21-39,2.7,Female,Non-Hispanic White,33.8,Obesity class 1 (30-34.9),6.76,99.33333333333333,71.66666666666667,0,0,No hypertension,0
123766,35,21-39,3.5,Female,Non-Hispanic Black,43.4,Obesity class 2-3 (35+),8.68,104.33333333333333,74.33333333333333,0,0,No hypertension,0
123767,68,60-79,6.8,Female,Non-Hispanic Asian,25.7,Overweight (25-29.9),5.14,116.33333333333333,54,1,1,Hypertension,1
123769,41,40-59,4.1,Female,Non-Hispanic Black,30.4,Obesity class 1 (30-34.9),6.08,104,63,0,0,No hypertension,0
123770,55,40-59,5.5,Male,Non-Hispanic Asian,21.8,Healthy weight (18.5-24.9),4.36,126.66666666666667,81.33333333333333,0,1,Hypertension,0
123773,26,21-39,2.6,Female,Non-Hispanic Black,29.2,Overweight (25-29.9),5.84,95,69,0,0,No hypertension,0
123774,24,21-39,2.4,Male,Non-Hispanic White,22.5,Healthy weight (18.5-24.9),4.5,115,76.33333333333333,0,0,No hypertension,0
123780,67,60-79,6.7,Male,Non-Hispanic Black,22.3,Healthy weight (18.5-24.9),4.46,110,70,1,1,Hypertension,1
123781,25,21-39,2.5,Female,Non-Hispanic Black,28.5,Overweight (25-29.9),5.7,130.33333333333334,90.33333333333333,0,1,Hypertension,1
123783,21,21-39,2.1,Male,Non-Hispanic Black,24.2,Healthy weight (18.5-24.9),4.84,123.33333333333333,58,0,0,No hypertension,0
123785,71,60-79,7.1,Male,Non-Hispanic White,35.6,Obesity class 2-3 (35+),7.12,134.66666666666666,75.33333333333333,1,1,Hypertension,1
123787,56,40-59,5.6,Male,Non-Hispanic White,26.9,Overweight (25-29.9),5.38,114,76.33333333333333,0,0,No hypertension,0
123788,63,60-79,6.3,Female,Non-Hispanic Asian,31.4,Obesity class 1 (30-34.9),6.279999999999999,156,76.33333333333333,1,1,Hypertension,1
123795,71,60-79,7.1,Female,Non-Hispanic White,30.5,Obesity class 1 (30-34.9),6.1,120.33333333333333,67.33333333333333,1,1,Hypertension,1
123796,28,21-39,2.8,Female,Non-Hispanic Black,27.2,Overweight (25-29.9),5.4399999999999995,111.33333333333333,69.33333333333333,0,0,No hypertension,0
123797,32,21-39,3.2,Male,Non-Hispanic Asian,25.2,Overweight (25-29.9),5.04,105,70.33333333333333,0,0,No hypertension,0
123798,73,60-79,7.3,Female,Non-Hispanic White,29.4,Overweight (25-29.9),5.88,136.66666666666666,75.66666666666667,1,1,Hypertension,1
123799,78,60-79,7.8,Female,Non-Hispanic Black,28.5,Overweight (25-29.9),5.7,117.33333333333333,72.33333333333333,1,1,Hypertension,1
123800,45,40-59,4.5,Female,Mexican American,35.7,Obesity class 2-3 (35+),7.140000000000001,108.33333333333333,68,0,0,No hypertension,0
123801,58,40-59,5.8,Male,Non-Hispanic White,24.7,Healthy weight (18.5-24.9),4.9399999999999995,111.66666666666667,63.666666666666664,0,0,No hypertension,0
123802,70,60-79,7,Male,Non-Hispanic Black,29.1,Overweight (25-29.9),5.82,116.66666666666667,59.333333333333336,0,0,No hypertension,0
123803,45,40-59,4.5,Female,Non-Hispanic Asian,28.6,Overweight (25-29.9),5.720000000000001,111.66666666666667,79,0,0,No hypertension,0
123804,64,60-79,6.4,Female,Mexican American,29.2,Overweight (25-29.9),5.84,113,65,1,1,Hypertension,1
123808,61,60-79,6.1,Female,Other Hispanic,26.9,Overweight (25-29.9),5.38,122,74,0,0,No hypertension,0
123810,56,40-59,5.6,Female,Non-Hispanic Black,33.4,Obesity class 1 (30-34.9),6.68,125.66666666666667,84.66666666666667,0,1,Hypertension,0
123811,62,60-79,6.2,Male,Non-Hispanic White,23.8,Healthy weight (18.5-24.9),4.76,107,55,0,0,No hypertension,0
123812,37,21-39,3.7,Male,Non-Hispanic White,31,Obesity class 1 (30-34.9),6.2,143.66666666666666,81,1,1,Hypertension,1
123813,22,21-39,2.2,Male,Non-Hispanic Black,22,Healthy weight (18.5-24.9),4.4,106.33333333333333,68,0,0,No hypertension,0
123815,73,60-79,7.3,Female,Non-Hispanic Black,23.4,Healthy weight (18.5-24.9),4.68,170.33333333333334,85.66666666666667,0,1,Hypertension,1
123821,60,60-79,6,Male,Mexican American,28.7,Overweight (25-29.9),5.74,142.66666666666666,62.666666666666664,1,1,Hypertension,1
123825,23,21-39,2.3,Male,Other Hispanic,21.6,Healthy weight (18.5-24.9),4.32,130.33333333333334,67,0,1,Hypertension,0
123827,78,60-79,7.8,Male,Other/Multiracial,32.1,Obesity class 1 (30-34.9),6.42,138,57.666666666666664,1,1,Hypertension,1
123830,46,40-59,4.6,Male,Non-Hispanic White,29.1,Overweight (25-29.9),5.82,154.66666666666666,103.33333333333333,0,1,Hypertension,1
123833,34,21-39,3.4,Female,Non-Hispanic White,25.1,Overweight (25-29.9),5.0200000000000005,101.33333333333333,68.66666666666667,0,0,No hypertension,0
123834,57,40-59,5.7,Female,Non-Hispanic White,22.1,Healthy weight (18.5-24.9),4.42,107.33333333333333,63.666666666666664,0,0,No hypertension,0
123837,22,21-39,2.2,Female,Other Hispanic,23.9,Healthy weight (18.5-24.9),4.779999999999999,100.33333333333333,60.333333333333336,0,0,No hypertension,0
123838,47,40-59,4.7,Male,Non-Hispanic Black,24,Healthy weight (18.5-24.9),4.8,123.66666666666667,76,0,0,No hypertension,0
123840,46,40-59,4.6,Female,Non-Hispanic White,25,Overweight (25-29.9),5,101,60.333333333333336,0,0,No hypertension,0
123841,69,60-79,6.9,Male,Other/Multiracial,27.8,Overweight (25-29.9),5.5600000000000005,152.66666666666666,72,1,1,Hypertension,1
123842,71,60-79,7.1,Male,Non-Hispanic White,27.3,Overweight (25-29.9),5.46,113,65,0,0,No hypertension,0
123843,48,40-59,4.8,Male,Non-Hispanic Black,34,Obesity class 1 (30-34.9),6.8,151.66666666666666,90.66666666666667,0,1,Hypertension,1
123845,60,60-79,6,Male,Other Hispanic,56.6,Obesity class 2-3 (35+),11.32,121.66666666666667,69.33333333333333,0,0,No hypertension,0
123846,24,21-39,2.4,Female,Non-Hispanic Black,24.4,Healthy weight (18.5-24.9),4.88,109,66.33333333333333,0,0,No hypertension,0
123847,29,21-39,2.9,Female,Non-Hispanic Black,44.2,Obesity class 2-3 (35+),8.84,100.33333333333333,65.66666666666667,0,0,No hypertension,0
123850,32,21-39,3.2,Male,Mexican American,30.8,Obesity class 1 (30-34.9),6.16,123.66666666666667,84.66666666666667,0,1,Hypertension,0
123852,60,60-79,6,Female,Non-Hispanic White,19.1,Healthy weight (18.5-24.9),3.8200000000000003,130.33333333333334,81.66666666666667,0,1,Hypertension,0
123853,67,60-79,6.7,Male,Non-Hispanic Black,25.9,Overweight (25-29.9),5.18,98.66666666666667,55.333333333333336,1,1,Hypertension,1
123854,52,40-59,5.2,Male,Non-Hispanic Black,49.6,Obesity class 2-3 (35+),9.92,130,76.66666666666667,1,1,Hypertension,1
123856,26,21-39,2.6,Male,Non-Hispanic Asian,27.3,Overweight (25-29.9),5.46,101.66666666666667,62.333333333333336,0,0,No hypertension,0
123858,24,21-39,2.4,Male,Non-Hispanic Asian,24.8,Healthy weight (18.5-24.9),4.96,115.33333333333333,67.33333333333333,0,0,No hypertension,0
123859,60,60-79,6,Male,Non-Hispanic Asian,27.6,Overweight (25-29.9),5.5200000000000005,116.33333333333333,74.33333333333333,0,0,No hypertension,0
123860,61,60-79,6.1,Female,Non-Hispanic White,27.3,Overweight (25-29.9),5.46,112.33333333333333,61.333333333333336,1,1,Hypertension,1
123861,42,40-59,4.2,Male,Non-Hispanic Black,31.6,Obesity class 1 (30-34.9),6.32,118.66666666666667,74,0,0,No hypertension,0
123862,73,60-79,7.3,Male,Non-Hispanic White,29.7,Overweight (25-29.9),5.9399999999999995,147,74,1,1,Hypertension,1
123863,72,60-79,7.2,Male,Non-Hispanic Asian,24.2,Healthy weight (18.5-24.9),4.84,152.66666666666666,62.666666666666664,0,1,Hypertension,1
123866,41,40-59,4.1,Male,Non-Hispanic White,22.6,Healthy weight (18.5-24.9),4.5200000000000005,134,86,0,1,Hypertension,0
123867,68,60-79,6.8,Female,Mexican American,33.7,Obesity class 1 (30-34.9),6.74,143.33333333333334,65.33333333333333,1,1,Hypertension,1
123870,26,21-39,2.6,Male,Non-Hispanic Black,31.8,Obesity class 1 (30-34.9),6.36,125.33333333333333,75,0,0,No hypertension,0
123871,55,40-59,5.5,Female,Non-Hispanic White,27.3,Overweight (25-29.9),5.46,120.66666666666667,75.33333333333333,0,0,No hypertension,0
123873,47,40-59,4.7,Female,Non-Hispanic Asian,19.6,Healthy weight (18.5-24.9),3.9200000000000004,97,47.333333333333336,0,0,No hypertension,0
123874,58,40-59,5.8,Female,Non-Hispanic Black,49.9,Obesity class 2-3 (35+),9.98,133,77.33333333333333,1,1,Hypertension,1
123876,34,21-39,3.4,Male,Other Hispanic,28.6,Overweight (25-29.9),5.720000000000001,115.66666666666667,75,0,0,No hypertension,0
123877,28,21-39,2.8,Male,Mexican American,30.2,Obesity class 1 (30-34.9),6.04,122,72.33333333333333,0,0,No hypertension,0
123884,64,60-79,6.4,Male,Non-Hispanic Black,37.5,Obesity class 2-3 (35+),7.5,128,84,1,1,Hypertension,1
123885,67,60-79,6.7,Female,Non-Hispanic White,35.8,Obesity class 2-3 (35+),7.159999999999999,167,78.33333333333333,0,1,Hypertension,1
123886,63,60-79,6.3,Male,Other Hispanic,33.1,Obesity class 1 (30-34.9),6.62,121.33333333333333,73.33333333333333,0,0,No hypertension,0
123890,60,60-79,6,Male,Mexican American,36.7,Obesity class 2-3 (35+),7.340000000000001,110.33333333333333,68.66666666666667,1,1,Hypertension,1
123891,70,60-79,7,Female,Other Hispanic,25.5,Overweight (25-29.9),5.1,139.66666666666666,82,1,1,Hypertension,1
123898,26,21-39,2.6,Female,Non-Hispanic White,50.6,Obesity class 2-3 (35+),10.120000000000001,100.33333333333333,68.66666666666667,0,0,No hypertension,0
123900,73,60-79,7.3,Male,Non-Hispanic White,34.1,Obesity class 1 (30-34.9),6.82,127.66666666666667,83,0,1,Hypertension,0
123902,34,21-39,3.4,Female,Other/Multiracial,41.1,Obesity class 2-3 (35+),8.22,112,79.33333333333333,0,0,No hypertension,0
123903,75,60-79,7.5,Female,Non-Hispanic Black,48.1,Obesity class 2-3 (35+),9.620000000000001,145.66666666666666,75,1,1,Hypertension,1
123904,22,21-39,2.2,Female,Non-Hispanic Black,41.3,Obesity class 2-3 (35+),8.26,126.66666666666667,89.66666666666667,0,1,Hypertension,0
123912,72,60-79,7.2,Male,Non-Hispanic Black,24,Healthy weight (18.5-24.9),4.8,98,59.333333333333336,0,0,No hypertension,0
123913,62,60-79,6.2,Male,Other Hispanic,27.6,Overweight (25-29.9),5.5200000000000005,105.66666666666667,66.66666666666667,1,1,Hypertension,1
123914,69,60-79,6.9,Female,Non-Hispanic Black,31.9,Obesity class 1 (30-34.9),6.38,144.33333333333334,80,1,1,Hypertension,1
123915,27,21-39,2.7,Female,Non-Hispanic Asian,22.5,Healthy weight (18.5-24.9),4.5,107.66666666666667,72.66666666666667,0,0,No hypertension,0
123918,54,40-59,5.4,Female,Other Hispanic,32.3,Obesity class 1 (30-34.9),6.459999999999999,137.66666666666666,98,0,1,Hypertension,1
123919,30,21-39,3,Male,Non-Hispanic White,32.6,Obesity class 1 (30-34.9),6.5200000000000005,121.66666666666667,74.33333333333333,0,0,No hypertension,0
123920,29,21-39,2.9,Male,Mexican American,33.8,Obesity class 1 (30-34.9),6.76,117.66666666666667,79.33333333333333,0,0,No hypertension,0
123922,60,60-79,6,Female,Mexican American,29.7,Overweight (25-29.9),5.9399999999999995,123.33333333333333,64.33333333333333,0,0,No hypertension,0
123926,21,21-39,2.1,Male,Non-Hispanic Black,21.9,Healthy weight (18.5-24.9),4.38,123.33333333333333,72,0,0,No hypertension,0
123927,32,21-39,3.2,Male,Non-Hispanic White,23.2,Healthy weight (18.5-24.9),4.64,117,77,0,0,No hypertension,0
123928,50,40-59,5,Male,Non-Hispanic Black,31,Obesity class 1 (30-34.9),6.2,148.66666666666666,105.33333333333333,1,1,Hypertension,1
123931,63,60-79,6.3,Male,Non-Hispanic Black,21.8,Healthy weight (18.5-24.9),4.36,108.33333333333333,59.333333333333336,1,1,Hypertension,1
123932,32,21-39,3.2,Female,Non-Hispanic Black,31,Obesity class 1 (30-34.9),6.2,110.66666666666667,69.66666666666667,0,0,No hypertension,0
123933,61,60-79,6.1,Female,Non-Hispanic Black,26.5,Overweight (25-29.9),5.3,115.33333333333333,71,0,0,No hypertension,0
123934,67,60-79,6.7,Male,Other/Multiracial,28.7,Overweight (25-29.9),5.74,130.33333333333334,76.66666666666667,1,1,Hypertension,1
123936,51,40-59,5.1,Male,Non-Hispanic Black,37.6,Obesity class 2-3 (35+),7.5200000000000005,123.66666666666667,72,1,1,Hypertension,1
123937,50,40-59,5,Female,Mexican American,24.6,Healthy weight (18.5-24.9),4.92,124.66666666666667,65.33333333333333,0,0,No hypertension,0
123940,41,40-59,4.1,Male,Mexican American,40.1,Obesity class 2-3 (35+),8.02,126.33333333333333,87.66666666666667,0,1,Hypertension,0
123943,78,60-79,7.8,Male,Non-Hispanic White,23,Healthy weight (18.5-24.9),4.6,145.66666666666666,76,0,1,Hypertension,1
123945,50,40-59,5,Male,Non-Hispanic White,21.8,Healthy weight (18.5-24.9),4.36,128,84,0,1,Hypertension,0
123947,67,60-79,6.7,Female,Non-Hispanic Black,38.8,Obesity class 2-3 (35+),7.76,140,85.66666666666667,1,1,Hypertension,1
123948,50,40-59,5,Male,Non-Hispanic Asian,31.6,Obesity class 1 (30-34.9),6.32,112,73.66666666666667,0,0,No hypertension,0
123949,66,60-79,6.6,Male,Other Hispanic,31.4,Obesity class 1 (30-34.9),6.279999999999999,126,65.66666666666667,1,1,Hypertension,1
123950,54,40-59,5.4,Female,Non-Hispanic Black,43.4,Obesity class 2-3 (35+),8.68,127.33333333333333,85.33333333333333,1,1,Hypertension,1
123951,62,60-79,6.2,Female,Non-Hispanic Asian,23.9,Healthy weight (18.5-24.9),4.779999999999999,134.66666666666666,82.33333333333333,1,1,Hypertension,1
123953,41,40-59,4.1,Male,Mexican American,36.2,Obesity class 2-3 (35+),7.24,129.33333333333334,78,0,0,No hypertension,0
123956,32,21-39,3.2,Female,Non-Hispanic White,21.8,Healthy weight (18.5-24.9),4.36,99.66666666666667,68,0,0,No hypertension,0
123959,27,21-39,2.7,Female,Mexican American,32.3,Obesity class 1 (30-34.9),6.459999999999999,90.66666666666667,56.666666666666664,0,0,No hypertension,0
123960,64,60-79,6.4,Female,Non-Hispanic Black,31.4,Obesity class 1 (30-34.9),6.279999999999999,117,63.666666666666664,1,1,Hypertension,1
123962,24,21-39,2.4,Female,Non-Hispanic White,25.6,Overweight (25-29.9),5.12,127.66666666666667,88,0,1,Hypertension,0
123965,52,40-59,5.2,Male,Non-Hispanic Black,39.9,Obesity class 2-3 (35+),7.9799999999999995,101.33333333333333,65,1,1,Hypertension,1
123966,64,60-79,6.4,Female,Non-Hispanic White,21.3,Healthy weight (18.5-24.9),4.26,110.66666666666667,59.333333333333336,0,0,No hypertension,0
123968,25,21-39,2.5,Female,Non-Hispanic Black,26.9,Overweight (25-29.9),5.38,104.33333333333333,66.33333333333333,0,0,No hypertension,0
123969,27,21-39,2.7,Female,Other/Multiracial,31.9,Obesity class 1 (30-34.9),6.38,116.66666666666667,79.66666666666667,0,0,No hypertension,0
123970,48,40-59,4.8,Male,Mexican American,31.2,Obesity class 1 (30-34.9),6.24,127,86,0,1,Hypertension,0
123972,60,60-79,6,Male,Non-Hispanic Asian,26.5,Overweight (25-29.9),5.3,139.33333333333334,88,0,1,Hypertension,0
123975,57,40-59,5.7,Male,Non-Hispanic White,30.7,Obesity class 1 (30-34.9),6.14,156,91.33333333333333,1,1,Hypertension,1
123976,72,60-79,7.2,Female,Other Hispanic,35.2,Obesity class 2-3 (35+),7.040000000000001,120,66,1,1,Hypertension,1
123982,68,60-79,6.8,Male,Non-Hispanic Asian,25.4,Overweight (25-29.9),5.08,145.66666666666666,72.33333333333333,1,1,Hypertension,1
123983,65,60-79,6.5,Male,Non-Hispanic Black,23.6,Healthy weight (18.5-24.9),4.720000000000001,113.33333333333333,63.333333333333336,1,1,Hypertension,1
123984,65,60-79,6.5,Male,Mexican American,24,Healthy weight (18.5-24.9),4.8,163,87,1,1,Hypertension,1
123986,29,21-39,2.9,Female,Non-Hispanic Asian,25.2,Overweight (25-29.9),5.04,91.66666666666667,56.333333333333336,0,0,No hypertension,0
123988,46,40-59,4.6,Female,Other/Multiracial,33.5,Obesity class 1 (30-34.9),6.7,121.66666666666667,82,1,1,Hypertension,1
123992,62,60-79,6.2,Male,Non-Hispanic Black,22.4,Healthy weight (18.5-24.9),4.4799999999999995,163,90.33333333333333,1,1,Hypertension,1
123993,74,60-79,7.4,Male,Other Hispanic,28.9,Overweight (25-29.9),5.779999999999999,141.33333333333334,70.66666666666667,0,1,Hypertension,1
123994,64,60-79,6.4,Female,Mexican American,33.8,Obesity class 1 (30-34.9),6.76,118,60.666666666666664,0,0,No hypertension,0
123995,31,21-39,3.1,Male,Mexican American,30.1,Obesity class 1 (30-34.9),6.0200000000000005,106.66666666666667,67.33333333333333,0,0,No hypertension,0
123999,71,60-79,7.1,Female,Mexican American,46.2,Obesity class 2-3 (35+),9.24,112.33333333333333,59.666666666666664,1,1,Hypertension,1
124000,59,40-59,5.9,Male,Non-Hispanic White,32.4,Obesity class 1 (30-34.9),6.4799999999999995,124,80.33333333333333,1,1,Hypertension,1
124004,40,40-59,4,Male,Other/Multiracial,32.7,Obesity class 1 (30-34.9),6.540000000000001,104.66666666666667,61,1,1,Hypertension,1
124007,61,60-79,6.1,Male,Non-Hispanic Asian,30.7,Obesity class 1 (30-34.9),6.14,118.33333333333333,75.33333333333333,0,0,No hypertension,0
124009,37,21-39,3.7,Male,Non-Hispanic White,33.5,Obesity class 1 (30-34.9),6.7,117.66666666666667,84.33333333333333,0,1,Hypertension,0
124010,33,21-39,3.3,Male,Non-Hispanic White,26.2,Overweight (25-29.9),5.24,122.66666666666667,83.33333333333333,0,1,Hypertension,0
124011,59,40-59,5.9,Male,Non-Hispanic White,31.1,Obesity class 1 (30-34.9),6.220000000000001,115.66666666666667,67.66666666666667,0,0,No hypertension,0
124012,36,21-39,3.6,Female,Mexican American,30.2,Obesity class 1 (30-34.9),6.04,105,66.33333333333333,0,0,No hypertension,0
124014,53,40-59,5.3,Female,Other/Multiracial,22.6,Healthy weight (18.5-24.9),4.5200000000000005,156.33333333333334,104.66666666666667,0,1,Hypertension,1
124015,54,40-59,5.4,Male,Non-Hispanic White,24.6,Healthy weight (18.5-24.9),4.92,108,65,0,0,No hypertension,0
124019,34,21-39,3.4,Male,Mexican American,28.3,Overweight (25-29.9),5.66,127,81,0,1,Hypertension,0
124024,45,40-59,4.5,Female,Non-Hispanic Black,33.2,Obesity class 1 (30-34.9),6.640000000000001,108.66666666666667,72,0,0,No hypertension,0
124025,59,40-59,5.9,Female,Non-Hispanic Black,34,Obesity class 1 (30-34.9),6.8,162.66666666666666,75,1,1,Hypertension,1
124026,24,21-39,2.4,Female,Mexican American,26.8,Overweight (25-29.9),5.36,98.33333333333333,59.333333333333336,0,0,No hypertension,0
124028,62,60-79,6.2,Male,Non-Hispanic White,24.1,Healthy weight (18.5-24.9),4.82,129,70.66666666666667,0,0,No hypertension,0
124030,35,21-39,3.5,Male,Non-Hispanic Asian,35.3,Obesity class 2-3 (35+),7.06,123.66666666666667,79.33333333333333,0,0,No hypertension,0
124037,41,40-59,4.1,Male,Non-Hispanic White,46.1,Obesity class 2-3 (35+),9.22,119.66666666666667,87,0,1,Hypertension,0
124039,40,40-59,4,Male,Non-Hispanic Asian,24.1,Healthy weight (18.5-24.9),4.82,112.66666666666667,75,0,0,No hypertension,0
124040,78,60-79,7.8,Male,Non-Hispanic Black,24.7,Healthy weight (18.5-24.9),4.9399999999999995,123.66666666666667,67,0,0,No hypertension,0
124041,37,21-39,3.7,Female,Non-Hispanic Asian,24.6,Healthy weight (18.5-24.9),4.92,97.66666666666667,59.333333333333336,0,0,No hypertension,0
124043,64,60-79,6.4,Female,Other Hispanic,24.7,Healthy weight (18.5-24.9),4.9399999999999995,135,71.66666666666667,0,1,Hypertension,0
124044,44,40-59,4.4,Female,Mexican American,32.8,Obesity class 1 (30-34.9),6.56,104.66666666666667,74.33333333333333,0,0,No hypertension,0
124045,72,60-79,7.2,Male,Mexican American,34.4,Obesity class 1 (30-34.9),6.88,160.33333333333334,86.33333333333333,1,1,Hypertension,1
124047,47,40-59,4.7,Female,Other/Multiracial,20.2,Healthy weight (18.5-24.9),4.04,103,64.66666666666667,0,0,No hypertension,0
124048,48,40-59,4.8,Female,Non-Hispanic Black,31.2,Obesity class 1 (30-34.9),6.24,132,88.33333333333333,1,1,Hypertension,1
124054,28,21-39,2.8,Male,Non-Hispanic Black,31.1,Obesity class 1 (30-34.9),6.220000000000001,136,74,0,1,Hypertension,0
124056,45,40-59,4.5,Male,Other Hispanic,24.5,Healthy weight (18.5-24.9),4.9,126.66666666666667,76,1,1,Hypertension,1
124057,39,21-39,3.9,Female,Other Hispanic,39.6,Obesity class 2-3 (35+),7.92,108.33333333333333,75,0,0,No hypertension,0
124060,33,21-39,3.3,Female,Non-Hispanic Asian,22.2,Healthy weight (18.5-24.9),4.4399999999999995,89,54,0,0,No hypertension,0
124061,55,40-59,5.5,Female,Mexican American,28.1,Overweight (25-29.9),5.62,144.33333333333334,95,0,1,Hypertension,1
124062,59,40-59,5.9,Female,Non-Hispanic White,30.7,Obesity class 1 (30-34.9),6.14,112.66666666666667,80,0,1,Hypertension,0
124063,49,40-59,4.9,Male,Non-Hispanic Black,26.6,Overweight (25-29.9),5.32,131.33333333333334,78.66666666666667,0,1,Hypertension,0
124066,36,21-39,3.6,Male,Non-Hispanic White,30.8,Obesity class 1 (30-34.9),6.16,115.33333333333333,78.66666666666667,0,0,No hypertension,0
124068,39,21-39,3.9,Female,Non-Hispanic Asian,23.9,Healthy weight (18.5-24.9),4.779999999999999,123,73.66666666666667,0,0,No hypertension,0
124069,23,21-39,2.3,Female,Mexican American,30.7,Obesity class 1 (30-34.9),6.14,96.33333333333333,66,0,0,No hypertension,0
124072,75,60-79,7.5,Male,Non-Hispanic Black,30.3,Obesity class 1 (30-34.9),6.0600000000000005,94.33333333333333,48.333333333333336,1,1,Hypertension,1
124073,30,21-39,3,Male,Non-Hispanic Black,44.2,Obesity class 2-3 (35+),8.84,160,116.33333333333333,1,1,Hypertension,1
124076,29,21-39,2.9,Male,Non-Hispanic Black,24.3,Healthy weight (18.5-24.9),4.86,104.66666666666667,53,0,0,No hypertension,0
124078,57,40-59,5.7,Male,Non-Hispanic Black,36.8,Obesity class 2-3 (35+),7.359999999999999,129.66666666666666,84,1,1,Hypertension,1
124080,35,21-39,3.5,Female,Non-Hispanic White,34,Obesity class 1 (30-34.9),6.8,126,86.33333333333333,0,1,Hypertension,0
124085,60,60-79,6,Male,Other/Multiracial,26.8,Overweight (25-29.9),5.36,161.33333333333334,99.66666666666667,0,1,Hypertension,1
124086,23,21-39,2.3,Male,Non-Hispanic White,46,Obesity class 2-3 (35+),9.2,105.66666666666667,77,0,0,No hypertension,0
124087,41,40-59,4.1,Male,Non-Hispanic White,34,Obesity class 1 (30-34.9),6.8,119.66666666666667,79.66666666666667,1,1,Hypertension,1
124088,29,21-39,2.9,Male,Non-Hispanic White,30.4,Obesity class 1 (30-34.9),6.08,124.66666666666667,77.33333333333333,1,1,Hypertension,1
124089,30,21-39,3,Female,Non-Hispanic Black,19.1,Healthy weight (18.5-24.9),3.8200000000000003,120,66.66666666666667,0,0,No hypertension,0
124090,65,60-79,6.5,Female,Other Hispanic,52.9,Obesity class 2-3 (35+),10.58,151.66666666666666,95.66666666666667,1,1,Hypertension,1
124091,61,60-79,6.1,Male,Mexican American,34.4,Obesity class 1 (30-34.9),6.88,143.66666666666666,79.66666666666667,0,1,Hypertension,1
124092,38,21-39,3.8,Female,Non-Hispanic White,32.5,Obesity class 1 (30-34.9),6.5,131.33333333333334,86.33333333333333,1,1,Hypertension,1
124094,40,40-59,4,Female,Non-Hispanic Asian,25,Overweight (25-29.9),5,125.66666666666667,88,0,1,Hypertension,0
124100,61,60-79,6.1,Female,Other Hispanic,28.7,Overweight (25-29.9),5.74,129,79.33333333333333,0,0,No hypertension,0
124101,58,40-59,5.8,Female,Non-Hispanic White,34.5,Obesity class 1 (30-34.9),6.9,131.66666666666666,79,0,1,Hypertension,0
124106,40,40-59,4,Female,Non-Hispanic Black,25.9,Overweight (25-29.9),5.18,133.33333333333334,81.33333333333333,0,1,Hypertension,0
124107,28,21-39,2.8,Female,Non-Hispanic Black,31.5,Obesity class 1 (30-34.9),6.3,98,74.33333333333333,0,0,No hypertension,0
124108,56,40-59,5.6,Male,Mexican American,28.6,Overweight (25-29.9),5.720000000000001,119.33333333333333,73.33333333333333,0,0,No hypertension,0
124109,52,40-59,5.2,Male,Non-Hispanic Asian,27,Overweight (25-29.9),5.4,141,85.33333333333333,1,1,Hypertension,1
124110,24,21-39,2.4,Female,Non-Hispanic Black,19.5,Healthy weight (18.5-24.9),3.9,103.66666666666667,66.33333333333333,0,0,No hypertension,0
124111,26,21-39,2.6,Male,Non-Hispanic Black,18.4,Underweight (<18.5),3.6799999999999997,116,72,0,0,No hypertension,0
124113,44,40-59,4.4,Female,Non-Hispanic White,33.4,Obesity class 1 (30-34.9),6.68,113.33333333333333,74.33333333333333,0,0,No hypertension,0
124115,60,60-79,6,Male,Non-Hispanic White,30.4,Obesity class 1 (30-34.9),6.08,130.66666666666666,81,0,1,Hypertension,0
124118,29,21-39,2.9,Female,Non-Hispanic Asian,20.7,Healthy weight (18.5-24.9),4.14,91.66666666666667,60.333333333333336,0,0,No hypertension,0
124119,71,60-79,7.1,Male,Non-Hispanic Black,18.1,Underweight (<18.5),3.62,121.66666666666667,73,0,0,No hypertension,0
124120,73,60-79,7.3,Male,Non-Hispanic Black,22.5,Healthy weight (18.5-24.9),4.5,108,61.333333333333336,0,0,No hypertension,0
124121,39,21-39,3.9,Female,Non-Hispanic White,35.6,Obesity class 2-3 (35+),7.12,117,82,0,1,Hypertension,0
124122,57,40-59,5.7,Female,Non-Hispanic White,33.7,Obesity class 1 (30-34.9),6.74,126.33333333333333,85.66666666666667,0,1,Hypertension,0
124126,36,21-39,3.6,Female,Non-Hispanic Black,18.8,Healthy weight (18.5-24.9),3.7600000000000002,102.66666666666667,70,0,0,No hypertension,0
124128,42,40-59,4.2,Male,Mexican American,26.5,Overweight (25-29.9),5.3,110.66666666666667,76.33333333333333,0,0,No hypertension,0
124129,28,21-39,2.8,Female,Mexican American,30,Obesity class 1 (30-34.9),6,100,70.33333333333333,1,1,Hypertension,1
124135,31,21-39,3.1,Male,Non-Hispanic Black,27.8,Overweight (25-29.9),5.5600000000000005,110.33333333333333,67.66666666666667,0,0,No hypertension,0
124138,36,21-39,3.6,Male,Non-Hispanic Asian,29.5,Overweight (25-29.9),5.9,112.33333333333333,73.33333333333333,0,0,No hypertension,0
124142,53,40-59,5.3,Female,Non-Hispanic Black,29.1,Overweight (25-29.9),5.82,124.33333333333333,82,1,1,Hypertension,1
124144,52,40-59,5.2,Female,Non-Hispanic White,36.9,Obesity class 2-3 (35+),7.38,155.33333333333334,84,0,1,Hypertension,1
124148,60,60-79,6,Female,Mexican American,35.9,Obesity class 2-3 (35+),7.18,123,72,0,0,No hypertension,0
124149,21,21-39,2.1,Male,Non-Hispanic Black,43.6,Obesity class 2-3 (35+),8.72,115,83,0,1,Hypertension,0
124151,35,21-39,3.5,Male,Non-Hispanic Black,32.9,Obesity class 1 (30-34.9),6.58,126,77.33333333333333,0,0,No hypertension,0
124153,23,21-39,2.3,Female,Non-Hispanic Black,24.9,Healthy weight (18.5-24.9),4.9799999999999995,106.33333333333333,70,0,0,No hypertension,0
124156,60,60-79,6,Male,Non-Hispanic Black,33.2,Obesity class 1 (30-34.9),6.640000000000001,117,72.33333333333333,1,1,Hypertension,1
124157,44,40-59,4.4,Male,Mexican American,36.1,Obesity class 2-3 (35+),7.220000000000001,107,61.333333333333336,0,0,No hypertension,0
124158,54,40-59,5.4,Male,Non-Hispanic Black,34.6,Obesity class 1 (30-34.9),6.92,134.66666666666666,76,1,1,Hypertension,1
124159,62,60-79,6.2,Female,Non-Hispanic White,30.2,Obesity class 1 (30-34.9),6.04,115.66666666666667,72.33333333333333,0,0,No hypertension,0
124160,76,60-79,7.6,Female,Non-Hispanic Asian,20.7,Healthy weight (18.5-24.9),4.14,121.33333333333333,70,0,0,No hypertension,0
124161,65,60-79,6.5,Female,Non-Hispanic Asian,35.4,Obesity class 2-3 (35+),7.08,180,102.33333333333333,0,1,Hypertension,1
124163,50,40-59,5,Female,Non-Hispanic Asian,22.8,Healthy weight (18.5-24.9),4.5600000000000005,132.66666666666666,85,0,1,Hypertension,0
124165,76,60-79,7.6,Male,Non-Hispanic White,36.4,Obesity class 2-3 (35+),7.279999999999999,136.66666666666666,76,1,1,Hypertension,1
124168,21,21-39,2.1,Female,Non-Hispanic Black,24.5,Healthy weight (18.5-24.9),4.9,109,60.333333333333336,0,0,No hypertension,0
124170,69,60-79,6.9,Female,Non-Hispanic White,29.3,Overweight (25-29.9),5.86,107.66666666666667,56.333333333333336,1,1,Hypertension,1
124172,29,21-39,2.9,Female,Non-Hispanic Asian,22.6,Healthy weight (18.5-24.9),4.5200000000000005,122.66666666666667,86.66666666666667,0,1,Hypertension,0
124174,30,21-39,3,Female,Non-Hispanic Asian,30.1,Obesity class 1 (30-34.9),6.0200000000000005,97.33333333333333,66.66666666666667,0,0,No hypertension,0
124175,66,60-79,6.6,Male,Non-Hispanic White,24.1,Healthy weight (18.5-24.9),4.82,116,66.66666666666667,0,0,No hypertension,0
124176,32,21-39,3.2,Female,Non-Hispanic Black,28.7,Overweight (25-29.9),5.74,91.33333333333333,61,0,0,No hypertension,0
124177,35,21-39,3.5,Female,Non-Hispanic White,20,Healthy weight (18.5-24.9),4,97.66666666666667,60.666666666666664,0,0,No hypertension,0
124178,54,40-59,5.4,Male,Non-Hispanic Black,35.4,Obesity class 2-3 (35+),7.08,167.33333333333334,93.33333333333333,0,1,Hypertension,1
124179,60,60-79,6,Female,Non-Hispanic White,26.5,Overweight (25-29.9),5.3,102,64,0,0,No hypertension,0
124181,21,21-39,2.1,Male,Other/Multiracial,33.2,Obesity class 1 (30-34.9),6.640000000000001,121.33333333333333,85.33333333333333,0,1,Hypertension,0
124182,42,40-59,4.2,Male,Non-Hispanic Black,30.5,Obesity class 1 (30-34.9),6.1,149,99,1,1,Hypertension,1
124183,33,21-39,3.3,Female,Other Hispanic,32.4,Obesity class 1 (30-34.9),6.4799999999999995,95,52,0,0,No hypertension,0
124188,66,60-79,6.6,Male,Non-Hispanic Asian,24.2,Healthy weight (18.5-24.9),4.84,116.66666666666667,64.66666666666667,1,1,Hypertension,1
124189,44,40-59,4.4,Male,Non-Hispanic Asian,29.7,Overweight (25-29.9),5.9399999999999995,120,82,1,1,Hypertension,1
124190,47,40-59,4.7,Male,Non-Hispanic White,26.7,Overweight (25-29.9),5.34,123,83,0,1,Hypertension,0
124191,57,40-59,5.7,Male,Non-Hispanic White,25.4,Overweight (25-29.9),5.08,146.33333333333334,77.66666666666667,0,1,Hypertension,1
124194,38,21-39,3.8,Male,Non-Hispanic Black,28.5,Overweight (25-29.9),5.7,120.66666666666667,74.33333333333333,0,0,No hypertension,0
124195,31,21-39,3.1,Female,Non-Hispanic White,32.3,Obesity class 1 (30-34.9),6.459999999999999,108.66666666666667,74,0,0,No hypertension,0
124196,75,60-79,7.5,Female,Other/Multiracial,20.5,Healthy weight (18.5-24.9),4.1,140,70,1,1,Hypertension,1
124197,69,60-79,6.9,Male,Non-Hispanic Black,21.9,Healthy weight (18.5-24.9),4.38,126,70.66666666666667,1,1,Hypertension,1
124198,56,40-59,5.6,Female,Non-Hispanic White,52.6,Obesity class 2-3 (35+),10.52,101.33333333333333,60.333333333333336,1,1,Hypertension,1
124203,73,60-79,7.3,Female,Other Hispanic,39.6,Obesity class 2-3 (35+),7.92,140.33333333333334,57.666666666666664,1,1,Hypertension,1
124205,60,60-79,6,Female,Other Hispanic,32.3,Obesity class 1 (30-34.9),6.459999999999999,125.33333333333333,72.66666666666667,1,1,Hypertension,1
124207,66,60-79,6.6,Female,Mexican American,36.3,Obesity class 2-3 (35+),7.26,200,92.33333333333333,1,1,Hypertension,1
124208,79,60-79,7.9,Female,Non-Hispanic Black,30.7,Obesity class 1 (30-34.9),6.14,153.66666666666666,82.66666666666667,1,1,Hypertension,1
124211,29,21-39,2.9,Male,Non-Hispanic White,24.9,Healthy weight (18.5-24.9),4.9799999999999995,119.66666666666667,73.66666666666667,0,0,No hypertension,0
124212,39,21-39,3.9,Male,Non-Hispanic White,25.4,Overweight (25-29.9),5.08,117.33333333333333,74.66666666666667,1,1,Hypertension,1
124215,52,40-59,5.2,Male,Non-Hispanic Black,30.4,Obesity class 1 (30-34.9),6.08,142,71.66666666666667,1,1,Hypertension,1
124218,54,40-59,5.4,Female,Non-Hispanic Black,39.8,Obesity class 2-3 (35+),7.959999999999999,127.33333333333333,88.33333333333333,0,1,Hypertension,0
124221,62,60-79,6.2,Male,Other Hispanic,32.9,Obesity class 1 (30-34.9),6.58,135,82.66666666666667,0,1,Hypertension,0
124224,50,40-59,5,Male,Other Hispanic,42.4,Obesity class 2-3 (35+),8.48,126,86,1,1,Hypertension,1
124225,32,21-39,3.2,Male,Non-Hispanic White,24.7,Healthy weight (18.5-24.9),4.9399999999999995,120.33333333333333,60.333333333333336,0,0,No hypertension,0
124226,55,40-59,5.5,Male,Non-Hispanic Black,31.6,Obesity class 1 (30-34.9),6.32,112.33333333333333,74.66666666666667,0,0,No hypertension,0
124228,68,60-79,6.8,Female,Non-Hispanic White,42.4,Obesity class 2-3 (35+),8.48,156.66666666666666,80.33333333333333,1,1,Hypertension,1
124235,45,40-59,4.5,Male,Non-Hispanic White,36.6,Obesity class 2-3 (35+),7.32,115.33333333333333,85.66666666666667,0,1,Hypertension,0
124236,58,40-59,5.8,Female,Non-Hispanic Black,27.9,Overweight (25-29.9),5.58,151.33333333333334,78.66666666666667,1,1,Hypertension,1
124237,43,40-59,4.3,Male,Non-Hispanic White,26.7,Overweight (25-29.9),5.34,114,65,0,0,No hypertension,0
124238,50,40-59,5,Male,Non-Hispanic Asian,29.7,Overweight (25-29.9),5.9399999999999995,106,75.66666666666667,1,1,Hypertension,1
124240,75,60-79,7.5,Male,Non-Hispanic Black,25.2,Overweight (25-29.9),5.04,153.66666666666666,85.33333333333333,0,1,Hypertension,1
124241,57,40-59,5.7,Female,Non-Hispanic Black,35.5,Obesity class 2-3 (35+),7.1,116,73.33333333333333,1,1,Hypertension,1
124242,31,21-39,3.1,Female,Non-Hispanic Black,28.6,Overweight (25-29.9),5.720000000000001,90,65.66666666666667,0,0,No hypertension,0
124245,79,60-79,7.9,Female,Non-Hispanic White,22.1,Healthy weight (18.5-24.9),4.42,190.33333333333334,74,0,1,Hypertension,1
124246,61,60-79,6.1,Female,Non-Hispanic White,26.4,Overweight (25-29.9),5.279999999999999,118,66.66666666666667,1,1,Hypertension,1
124248,49,40-59,4.9,Female,Non-Hispanic White,24.1,Healthy weight (18.5-24.9),4.82,98.33333333333333,65.33333333333333,0,0,No hypertension,0
124249,32,21-39,3.2,Female,Non-Hispanic White,26.8,Overweight (25-29.9),5.36,118.66666666666667,72,0,0,No hypertension,0
124253,60,60-79,6,Female,Non-Hispanic Asian,34.7,Obesity class 1 (30-34.9),6.94,98.33333333333333,64.33333333333333,1,1,Hypertension,1
124254,28,21-39,2.8,Female,Non-Hispanic White,16.5,Underweight (<18.5),3.3,104.66666666666667,71,0,0,No hypertension,0
124256,60,60-79,6,Female,Other Hispanic,37.9,Obesity class 2-3 (35+),7.58,107,76.66666666666667,1,1,Hypertension,1
124257,59,40-59,5.9,Female,Non-Hispanic Black,47.6,Obesity class 2-3 (35+),9.52,115,80,0,1,Hypertension,0
124260,27,21-39,2.7,Female,Non-Hispanic Asian,25.1,Overweight (25-29.9),5.0200000000000005,108.66666666666667,70.33333333333333,0,0,No hypertension,0
124264,26,21-39,2.6,Male,Non-Hispanic Black,21.2,Healthy weight (18.5-24.9),4.24,114.33333333333333,60,0,0,No hypertension,0
124265,35,21-39,3.5,Female,Non-Hispanic Asian,33.3,Obesity class 1 (30-34.9),6.659999999999999,102.66666666666667,73.66666666666667,0,0,No hypertension,0
124266,54,40-59,5.4,Male,Non-Hispanic Black,35.6,Obesity class 2-3 (35+),7.12,115,77.33333333333333,0,0,No hypertension,0
124267,24,21-39,2.4,Female,Non-Hispanic Black,29.6,Overweight (25-29.9),5.92,103.66666666666667,66.33333333333333,0,0,No hypertension,0
124271,63,60-79,6.3,Female,Non-Hispanic White,22.4,Healthy weight (18.5-24.9),4.4799999999999995,116.66666666666667,65.33333333333333,0,0,No hypertension,0
124272,43,40-59,4.3,Female,Other Hispanic,35.8,Obesity class 2-3 (35+),7.159999999999999,96,63.333333333333336,0,0,No hypertension,0
124273,25,21-39,2.5,Female,Non-Hispanic Asian,28.6,Overweight (25-29.9),5.720000000000001,102,74.66666666666667,0,0,No hypertension,0
124274,36,21-39,3.6,Female,Non-Hispanic Black,42.5,Obesity class 2-3 (35+),8.5,111.33333333333333,72.33333333333333,1,1,Hypertension,1
124277,28,21-39,2.8,Male,Non-Hispanic Black,29.9,Overweight (25-29.9),5.9799999999999995,133.33333333333334,77.66666666666667,0,1,Hypertension,0
124279,49,40-59,4.9,Female,Non-Hispanic Asian,27.6,Overweight (25-29.9),5.5200000000000005,98.66666666666667,66.66666666666667,0,0,No hypertension,0
124280,59,40-59,5.9,Male,Non-Hispanic Black,40.7,Obesity class 2-3 (35+),8.14,124.66666666666667,83.33333333333333,0,1,Hypertension,0
124281,30,21-39,3,Male,Other/Multiracial,23.1,Healthy weight (18.5-24.9),4.62,123.33333333333333,69.33333333333333,0,0,No hypertension,0
124283,51,40-59,5.1,Male,Non-Hispanic Black,22.4,Healthy weight (18.5-24.9),4.4799999999999995,130,80,0,1,Hypertension,0
124284,55,40-59,5.5,Female,Other Hispanic,38.5,Obesity class 2-3 (35+),7.7,133.33333333333334,81.66666666666667,1,1,Hypertension,1
124287,56,40-59,5.6,Male,Non-Hispanic White,32,Obesity class 1 (30-34.9),6.4,127.66666666666667,68.33333333333333,0,0,No hypertension,0
124288,59,40-59,5.9,Female,Non-Hispanic Asian,24.2,Healthy weight (18.5-24.9),4.84,131.33333333333334,84.33333333333333,0,1,Hypertension,0
124290,59,40-59,5.9,Male,Non-Hispanic White,25.8,Overweight (25-29.9),5.16,125.33333333333333,78.66666666666667,0,0,No hypertension,0
124294,64,60-79,6.4,Male,Non-Hispanic White,24.8,Healthy weight (18.5-24.9),4.96,150,83.66666666666667,1,1,Hypertension,1
124296,46,40-59,4.6,Male,Non-Hispanic Black,36.8,Obesity class 2-3 (35+),7.359999999999999,101,65,0,0,No hypertension,0
124297,23,21-39,2.3,Female,Non-Hispanic Black,27.6,Overweight (25-29.9),5.5200000000000005,103,60.666666666666664,0,0,No hypertension,0
124298,36,21-39,3.6,Male,Other Hispanic,28.9,Overweight (25-29.9),5.779999999999999,169.33333333333334,114,0,1,Hypertension,1
124303,68,60-79,6.8,Female,Non-Hispanic Black,33.6,Obesity class 1 (30-34.9),6.720000000000001,127.33333333333333,79.66666666666667,0,0,No hypertension,0
124308,33,21-39,3.3,Male,Other/Multiracial,31.2,Obesity class 1 (30-34.9),6.24,126.66666666666667,76.33333333333333,0,0,No hypertension,0
124312,47,40-59,4.7,Male,Non-Hispanic White,34.3,Obesity class 1 (30-34.9),6.859999999999999,112,83.33333333333333,0,1,Hypertension,0
124315,53,40-59,5.3,Male,Non-Hispanic Black,18.1,Underweight (<18.5),3.62,111,61.333333333333336,0,0,No hypertension,0
124319,39,21-39,3.9,Male,Non-Hispanic White,47.9,Obesity class 2-3 (35+),9.58,127.33333333333333,89.33333333333333,0,1,Hypertension,0
124320,36,21-39,3.6,Male,Mexican American,25.5,Overweight (25-29.9),5.1,116.33333333333333,68.33333333333333,0,0,No hypertension,0
124322,46,40-59,4.6,Male,Non-Hispanic Black,34,Obesity class 1 (30-34.9),6.8,153.66666666666666,94,0,1,Hypertension,1
124323,54,40-59,5.4,Female,Non-Hispanic White,25,Overweight (25-29.9),5,116.33333333333333,78.33333333333333,0,0,No hypertension,0
124328,42,40-59,4.2,Male,Non-Hispanic Black,31.8,Obesity class 1 (30-34.9),6.36,131.33333333333334,83.66666666666667,1,1,Hypertension,1
124331,62,60-79,6.2,Male,Mexican American,34.9,Obesity class 1 (30-34.9),6.9799999999999995,122,61.666666666666664,1,1,Hypertension,1
124332,70,60-79,7,Male,Non-Hispanic White,27.9,Overweight (25-29.9),5.58,111.33333333333333,59.333333333333336,0,0,No hypertension,0
124334,48,40-59,4.8,Male,Other Hispanic,27,Overweight (25-29.9),5.4,133.66666666666666,81.66666666666667,0,1,Hypertension,0
124335,64,60-79,6.4,Female,Non-Hispanic Asian,19.3,Healthy weight (18.5-24.9),3.8600000000000003,97.66666666666667,55.333333333333336,0,0,No hypertension,0
124336,32,21-39,3.2,Male,Mexican American,36.5,Obesity class 2-3 (35+),7.3,138,98,0,1,Hypertension,1
124338,32,21-39,3.2,Female,Non-Hispanic Asian,27.9,Overweight (25-29.9),5.58,118,72,0,0,No hypertension,0
124340,74,60-79,7.4,Female,Non-Hispanic Black,31.9,Obesity class 1 (30-34.9),6.38,149,71.33333333333333,0,1,Hypertension,1
124342,56,40-59,5.6,Female,Mexican American,24.3,Healthy weight (18.5-24.9),4.86,109.66666666666667,74.66666666666667,0,0,No hypertension,0
124344,53,40-59,5.3,Female,Non-Hispanic Black,57.3,Obesity class 2-3 (35+),11.459999999999999,100.33333333333333,59,1,1,Hypertension,1
124345,26,21-39,2.6,Female,Non-Hispanic Asian,36,Obesity class 2-3 (35+),7.2,130,83.33333333333333,0,1,Hypertension,0
124346,60,60-79,6,Female,Non-Hispanic White,22.4,Healthy weight (18.5-24.9),4.4799999999999995,144.33333333333334,79.33333333333333,1,1,Hypertension,1
124347,26,21-39,2.6,Male,Non-Hispanic Black,37,Obesity class 2-3 (35+),7.4,157,108,1,1,Hypertension,1
124348,71,60-79,7.1,Female,Other Hispanic,23.2,Healthy weight (18.5-24.9),4.64,148.66666666666666,74.66666666666667,0,1,Hypertension,1
124349,21,21-39,2.1,Female,Mexican American,40.1,Obesity class 2-3 (35+),8.02,90,60.666666666666664,0,0,No hypertension,0
124355,29,21-39,2.9,Male,Non-Hispanic Asian,27.8,Overweight (25-29.9),5.5600000000000005,123.66666666666667,73.66666666666667,0,0,No hypertension,0
124360,59,40-59,5.9,Female,Non-Hispanic White,35.3,Obesity class 2-3 (35+),7.06,118,76,0,0,No hypertension,0
124362,51,40-59,5.1,Female,Non-Hispanic Black,29.8,Overweight (25-29.9),5.96,137.66666666666666,91,0,1,Hypertension,1
124363,36,21-39,3.6,Female,Mexican American,25.7,Overweight (25-29.9),5.14,123.33333333333333,73,0,0,No hypertension,0
124365,36,21-39,3.6,Male,Non-Hispanic Black,38.2,Obesity class 2-3 (35+),7.640000000000001,144,87.33333333333333,0,1,Hypertension,1
124370,54,40-59,5.4,Male,Non-Hispanic White,26.2,Overweight (25-29.9),5.24,107.33333333333333,65.66666666666667,0,0,No hypertension,0
124373,27,21-39,2.7,Female,Non-Hispanic Black,38.4,Obesity class 2-3 (35+),7.68,116.66666666666667,85,0,1,Hypertension,0
124374,60,60-79,6,Male,Mexican American,27.2,Overweight (25-29.9),5.4399999999999995,122.33333333333333,61.666666666666664,1,1,Hypertension,1
124375,49,40-59,4.9,Male,Non-Hispanic White,32.1,Obesity class 1 (30-34.9),6.42,119,71.33333333333333,0,0,No hypertension,0
124377,49,40-59,4.9,Female,Non-Hispanic Asian,37.3,Obesity class 2-3 (35+),7.459999999999999,108.33333333333333,68.66666666666667,0,0,No hypertension,0
124380,23,21-39,2.3,Female,Non-Hispanic Asian,26.9,Overweight (25-29.9),5.38,100,65.66666666666667,0,0,No hypertension,0
124381,46,40-59,4.6,Female,Mexican American,31.8,Obesity class 1 (30-34.9),6.36,117.33333333333333,85.66666666666667,0,1,Hypertension,0
124382,34,21-39,3.4,Male,Non-Hispanic White,20,Healthy weight (18.5-24.9),4,132,76.33333333333333,0,1,Hypertension,0
124383,33,21-39,3.3,Male,Non-Hispanic White,36.4,Obesity class 2-3 (35+),7.279999999999999,129.66666666666666,82,0,1,Hypertension,0
124387,33,21-39,3.3,Female,Non-Hispanic Black,47.1,Obesity class 2-3 (35+),9.42,109.33333333333333,77.33333333333333,0,0,No hypertension,0
124388,40,40-59,4,Female,Non-Hispanic Asian,22.5,Healthy weight (18.5-24.9),4.5,105.33333333333333,68.33333333333333,0,0,No hypertension,0
124390,46,40-59,4.6,Male,Other/Multiracial,24,Healthy weight (18.5-24.9),4.8,154.66666666666666,80.33333333333333,0,1,Hypertension,1
124391,69,60-79,6.9,Female,Non-Hispanic White,24.5,Healthy weight (18.5-24.9),4.9,113.66666666666667,60.333333333333336,0,0,No hypertension,0
124394,50,40-59,5,Female,Non-Hispanic Black,31.4,Obesity class 1 (30-34.9),6.279999999999999,104.33333333333333,71,0,0,No hypertension,0
124396,68,60-79,6.8,Male,Non-Hispanic Black,24.9,Healthy weight (18.5-24.9),4.9799999999999995,115.33333333333333,72,0,0,No hypertension,0
124397,44,40-59,4.4,Male,Non-Hispanic Asian,23.9,Healthy weight (18.5-24.9),4.779999999999999,129.33333333333334,84.66666666666667,0,1,Hypertension,0
124398,33,21-39,3.3,Male,Non-Hispanic Black,27,Overweight (25-29.9),5.4,142,91,0,1,Hypertension,1
124400,46,40-59,4.6,Female,Non-Hispanic White,65.8,Obesity class 2-3 (35+),13.16,114.33333333333333,71,1,1,Hypertension,1
124401,54,40-59,5.4,Female,Non-Hispanic White,21.9,Healthy weight (18.5-24.9),4.38,114,64.33333333333333,0,0,No hypertension,0
124403,66,60-79,6.6,Female,Non-Hispanic Black,40.5,Obesity class 2-3 (35+),8.1,133.66666666666666,74.33333333333333,1,1,Hypertension,1
124404,34,21-39,3.4,Female,Mexican American,24.5,Healthy weight (18.5-24.9),4.9,95.66666666666667,62.666666666666664,0,0,No hypertension,0
124405,62,60-79,6.2,Male,Non-Hispanic White,45.2,Obesity class 2-3 (35+),9.040000000000001,124.33333333333333,82.33333333333333,1,1,Hypertension,1
124406,36,21-39,3.6,Female,Non-Hispanic Black,25.2,Overweight (25-29.9),5.04,115.33333333333333,73,0,0,No hypertension,0
124408,42,40-59,4.2,Female,Non-Hispanic Black,44.5,Obesity class 2-3 (35+),8.9,112.33333333333333,69,0,0,No hypertension,0
124411,59,40-59,5.9,Female,Non-Hispanic Black,32.1,Obesity class 1 (30-34.9),6.42,104.33333333333333,61.333333333333336,1,1,Hypertension,1
124412,52,40-59,5.2,Male,Non-Hispanic Black,41.5,Obesity class 2-3 (35+),8.3,105,70.66666666666667,0,0,No hypertension,0
124413,36,21-39,3.6,Male,Non-Hispanic Black,28.7,Overweight (25-29.9),5.74,113.66666666666667,59.666666666666664,0,0,No hypertension,0
124415,62,60-79,6.2,Male,Non-Hispanic White,32.2,Obesity class 1 (30-34.9),6.44,125.66666666666667,73.33333333333333,1,1,Hypertension,1
124417,25,21-39,2.5,Female,Non-Hispanic White,26.2,Overweight (25-29.9),5.24,113.33333333333333,81.33333333333333,0,1,Hypertension,0
124419,55,40-59,5.5,Male,Other Hispanic,54.6,Obesity class 2-3 (35+),10.92,108.66666666666667,72.66666666666667,1,1,Hypertension,1
124421,47,40-59,4.7,Female,Non-Hispanic White,27.6,Overweight (25-29.9),5.5200000000000005,129,79.33333333333333,0,0,No hypertension,0
124422,52,40-59,5.2,Female,Mexican American,29.4,Overweight (25-29.9),5.88,141.66666666666666,82.66666666666667,1,1,Hypertension,1
124423,52,40-59,5.2,Male,Non-Hispanic Asian,28.9,Overweight (25-29.9),5.779999999999999,107,62.666666666666664,1,1,Hypertension,1
124428,26,21-39,2.6,Male,Non-Hispanic Black,28.7,Overweight (25-29.9),5.74,106.33333333333333,65.33333333333333,0,0,No hypertension,0
124429,62,60-79,6.2,Female,Non-Hispanic Asian,22.7,Healthy weight (18.5-24.9),4.54,140.33333333333334,80.33333333333333,0,1,Hypertension,1
124433,41,40-59,4.1,Male,Non-Hispanic Black,32.5,Obesity class 1 (30-34.9),6.5,134.66666666666666,87,0,1,Hypertension,0
124434,23,21-39,2.3,Male,Other Hispanic,20.8,Healthy weight (18.5-24.9),4.16,110.33333333333333,53.333333333333336,0,0,No hypertension,0
124437,60,60-79,6,Female,Non-Hispanic Black,33.8,Obesity class 1 (30-34.9),6.76,165,87.66666666666667,1,1,Hypertension,1
124443,28,21-39,2.8,Male,Non-Hispanic White,37.9,Obesity class 2-3 (35+),7.58,131.33333333333334,92.66666666666667,0,1,Hypertension,1
124450,34,21-39,3.4,Female,Non-Hispanic White,23.6,Healthy weight (18.5-24.9),4.720000000000001,104,65.66666666666667,0,0,No hypertension,0
124453,57,40-59,5.7,Female,Mexican American,25.3,Overweight (25-29.9),5.0600000000000005,99,59.666666666666664,1,1,Hypertension,1
124457,76,60-79,7.6,Male,Mexican American,34.5,Obesity class 1 (30-34.9),6.9,165.66666666666666,67.66666666666667,1,1,Hypertension,1
124458,35,21-39,3.5,Male,Other/Multiracial,25.1,Overweight (25-29.9),5.0200000000000005,109.33333333333333,64.66666666666667,0,0,No hypertension,0
124460,25,21-39,2.5,Female,Mexican American,22.8,Healthy weight (18.5-24.9),4.5600000000000005,97,63,0,0,No hypertension,0
124462,41,40-59,4.1,Female,Non-Hispanic Black,27.9,Overweight (25-29.9),5.58,138,90,0,1,Hypertension,1
124464,51,40-59,5.1,Male,Other Hispanic,32.9,Obesity class 1 (30-34.9),6.58,140.66666666666666,78,1,1,Hypertension,1
124466,30,21-39,3,Male,Other Hispanic,24.1,Healthy weight (18.5-24.9),4.82,123,66.66666666666667,0,0,No hypertension,0
124467,50,40-59,5,Female,Mexican American,35.1,Obesity class 2-3 (35+),7.0200000000000005,127.66666666666667,67.33333333333333,0,0,No hypertension,0
124468,23,21-39,2.3,Female,Mexican American,30.3,Obesity class 1 (30-34.9),6.0600000000000005,104,61,0,0,No hypertension,0
124471,60,60-79,6,Female,Non-Hispanic Black,36,Obesity class 2-3 (35+),7.2,105,69.66666666666667,0,0,No hypertension,0
124472,58,40-59,5.8,Female,Non-Hispanic Black,21,Healthy weight (18.5-24.9),4.2,128.33333333333334,67,1,1,Hypertension,1
124473,44,40-59,4.4,Female,Non-Hispanic Black,47.3,Obesity class 2-3 (35+),9.459999999999999,123.33333333333333,62,1,1,Hypertension,1
124477,59,40-59,5.9,Male,Mexican American,18.5,Healthy weight (18.5-24.9),3.7,124,83.33333333333333,0,1,Hypertension,0
124482,61,60-79,6.1,Male,Non-Hispanic White,31.7,Obesity class 1 (30-34.9),6.34,120.33333333333333,76.33333333333333,0,0,No hypertension,0
124484,56,40-59,5.6,Female,Non-Hispanic Asian,27.8,Overweight (25-29.9),5.5600000000000005,138,82,1,1,Hypertension,1
124486,36,21-39,3.6,Female,Non-Hispanic White,33.8,Obesity class 1 (30-34.9),6.76,113.66666666666667,85.66666666666667,0,1,Hypertension,0
124488,58,40-59,5.8,Male,Non-Hispanic Black,25.6,Overweight (25-29.9),5.12,140.66666666666666,80.66666666666667,1,1,Hypertension,1
124490,35,21-39,3.5,Male,Non-Hispanic White,41.8,Obesity class 2-3 (35+),8.36,119.66666666666667,71.33333333333333,0,0,No hypertension,0
124492,67,60-79,6.7,Male,Non-Hispanic White,28.1,Overweight (25-29.9),5.62,135,64.33333333333333,1,1,Hypertension,1
124498,27,21-39,2.7,Female,Non-Hispanic Black,32.7,Obesity class 1 (30-34.9),6.540000000000001,102.33333333333333,66,0,0,No hypertension,0
124500,31,21-39,3.1,Male,Mexican American,30,Obesity class 1 (30-34.9),6,123.66666666666667,71.33333333333333,0,0,No hypertension,0
124501,63,60-79,6.3,Male,Other Hispanic,31.1,Obesity class 1 (30-34.9),6.220000000000001,132,71.66666666666667,0,1,Hypertension,0
124502,47,40-59,4.7,Female,Mexican American,51.7,Obesity class 2-3 (35+),10.34,148.66666666666666,92,0,1,Hypertension,1
124503,68,60-79,6.8,Female,Mexican American,38.6,Obesity class 2-3 (35+),7.720000000000001,147.33333333333334,93.33333333333333,0,1,Hypertension,1
124504,66,60-79,6.6,Female,Non-Hispanic White,30.3,Obesity class 1 (30-34.9),6.0600000000000005,96.66666666666667,55.333333333333336,0,0,No hypertension,0
124507,45,40-59,4.5,Female,Non-Hispanic Black,36.5,Obesity class 2-3 (35+),7.3,114.33333333333333,72.66666666666667,1,1,Hypertension,1
124509,53,40-59,5.3,Female,Non-Hispanic White,36.3,Obesity class 2-3 (35+),7.26,118.66666666666667,74.66666666666667,0,0,No hypertension,0
124514,36,21-39,3.6,Female,Non-Hispanic Black,29.8,Overweight (25-29.9),5.96,126,81,1,1,Hypertension,1
124516,56,40-59,5.6,Female,Mexican American,31.8,Obesity class 1 (30-34.9),6.36,118.33333333333333,81.33333333333333,0,1,Hypertension,0
124517,39,21-39,3.9,Female,Other Hispanic,31.7,Obesity class 1 (30-34.9),6.34,104.66666666666667,69.66666666666667,0,0,No hypertension,0
124519,72,60-79,7.2,Female,Non-Hispanic Asian,25.2,Overweight (25-29.9),5.04,149,74.66666666666667,1,1,Hypertension,1
124520,77,60-79,7.7,Male,Non-Hispanic White,28.2,Overweight (25-29.9),5.64,144,82,1,1,Hypertension,1
124524,31,21-39,3.1,Female,Non-Hispanic Black,15.7,Underweight (<18.5),3.1399999999999997,95,67,0,0,No hypertension,0
124526,56,40-59,5.6,Female,Non-Hispanic Black,26.8,Overweight (25-29.9),5.36,97,61,0,0,No hypertension,0
124529,30,21-39,3,Male,Non-Hispanic Black,29.7,Overweight (25-29.9),5.9399999999999995,122.33333333333333,78.33333333333333,0,0,No hypertension,0
124531,57,40-59,5.7,Male,Non-Hispanic Black,33.7,Obesity class 1 (30-34.9),6.74,113.66666666666667,73.33333333333333,1,1,Hypertension,1
124533,25,21-39,2.5,Female,Non-Hispanic White,16.1,Underweight (<18.5),3.22,98.66666666666667,59,0,0,No hypertension,0
124535,47,40-59,4.7,Female,Non-Hispanic White,31.1,Obesity class 1 (30-34.9),6.220000000000001,110.66666666666667,81.66666666666667,0,1,Hypertension,0
124539,69,60-79,6.9,Male,Non-Hispanic White,24.1,Healthy weight (18.5-24.9),4.82,129.66666666666666,81.66666666666667,0,1,Hypertension,0
124542,74,60-79,7.4,Female,Non-Hispanic Black,24.9,Healthy weight (18.5-24.9),4.9799999999999995,126.66666666666667,56.666666666666664,1,1,Hypertension,1
124544,79,60-79,7.9,Female,Non-Hispanic White,29.3,Overweight (25-29.9),5.86,140.66666666666666,79.33333333333333,1,1,Hypertension,1
124547,75,60-79,7.5,Male,Mexican American,30.7,Obesity class 1 (30-34.9),6.14,109.66666666666667,68.33333333333333,1,1,Hypertension,1
124549,24,21-39,2.4,Male,Non-Hispanic Black,51.3,Obesity class 2-3 (35+),10.26,110.33333333333333,78,0,0,No hypertension,0
124553,76,60-79,7.6,Male,Non-Hispanic Asian,28,Overweight (25-29.9),5.6,132,70,1,1,Hypertension,1
124556,54,40-59,5.4,Male,Non-Hispanic Black,27.7,Overweight (25-29.9),5.54,116.66666666666667,87.33333333333333,0,1,Hypertension,0
124557,60,60-79,6,Male,Non-Hispanic Black,19.2,Healthy weight (18.5-24.9),3.84,134.66666666666666,79.66666666666667,1,1,Hypertension,1
124558,21,21-39,2.1,Female,Non-Hispanic Black,39.1,Obesity class 2-3 (35+),7.82,107.66666666666667,71,0,0,No hypertension,0
124559,74,60-79,7.4,Male,Non-Hispanic White,29.6,Overweight (25-29.9),5.92,96,63,1,1,Hypertension,1
124561,29,21-39,2.9,Female,Non-Hispanic White,31.7,Obesity class 1 (30-34.9),6.34,113,75,0,0,No hypertension,0
124563,55,40-59,5.5,Male,Non-Hispanic Black,40.9,Obesity class 2-3 (35+),8.18,139,87.33333333333333,0,1,Hypertension,0
124565,22,21-39,2.2,Male,Non-Hispanic White,21.1,Healthy weight (18.5-24.9),4.220000000000001,112,78.33333333333333,0,0,No hypertension,0
124568,58,40-59,5.8,Female,Non-Hispanic Black,46.1,Obesity class 2-3 (35+),9.22,133.33333333333334,91,1,1,Hypertension,1
124569,24,21-39,2.4,Female,Other Hispanic,23.5,Healthy weight (18.5-24.9),4.7,92,52,0,0,No hypertension,0
124572,27,21-39,2.7,Male,Non-Hispanic Asian,35.8,Obesity class 2-3 (35+),7.159999999999999,120.66666666666667,73.33333333333333,0,0,No hypertension,0
124574,37,21-39,3.7,Female,Mexican American,32.6,Obesity class 1 (30-34.9),6.5200000000000005,111.66666666666667,69.66666666666667,0,0,No hypertension,0
124577,46,40-59,4.6,Female,Non-Hispanic White,20.4,Healthy weight (18.5-24.9),4.08,124.33333333333333,90.66666666666667,0,1,Hypertension,1
124578,66,60-79,6.6,Male,Non-Hispanic White,31,Obesity class 1 (30-34.9),6.2,163,88.33333333333333,1,1,Hypertension,1
124579,21,21-39,2.1,Female,Non-Hispanic White,19.8,Healthy weight (18.5-24.9),3.96,99.66666666666667,64.66666666666667,0,0,No hypertension,0
124581,38,21-39,3.8,Male,Other/Multiracial,29.1,Overweight (25-29.9),5.82,122.66666666666667,86,0,1,Hypertension,0
124582,26,21-39,2.6,Male,Other/Multiracial,23.5,Healthy weight (18.5-24.9),4.7,116,72,0,0,No hypertension,0
124587,30,21-39,3,Female,Non-Hispanic White,23.1,Healthy weight (18.5-24.9),4.62,96,43.666666666666664,0,0,No hypertension,0
124589,52,40-59,5.2,Female,Other Hispanic,28.4,Overweight (25-29.9),5.68,123.33333333333333,79,0,0,No hypertension,0
124590,46,40-59,4.6,Female,Non-Hispanic White,29.4,Overweight (25-29.9),5.88,119,80.33333333333333,1,1,Hypertension,1
124592,68,60-79,6.8,Male,Non-Hispanic Black,27.4,Overweight (25-29.9),5.4799999999999995,168,81.66666666666667,1,1,Hypertension,1
124593,62,60-79,6.2,Male,Non-Hispanic Black,24.1,Healthy weight (18.5-24.9),4.82,167.66666666666666,89,0,1,Hypertension,1
124596,52,40-59,5.2,Male,Non-Hispanic Black,35.1,Obesity class 2-3 (35+),7.0200000000000005,125.66666666666667,83.33333333333333,0,1,Hypertension,0
124597,37,21-39,3.7,Female,Non-Hispanic Asian,21.8,Healthy weight (18.5-24.9),4.36,84.66666666666667,58.666666666666664,0,0,No hypertension,0
124598,65,60-79,6.5,Female,Other Hispanic,44.6,Obesity class 2-3 (35+),8.92,139,85.66666666666667,0,1,Hypertension,0
124603,22,21-39,2.2,Female,Non-Hispanic Black,31.2,Obesity class 1 (30-34.9),6.24,106.33333333333333,62.333333333333336,0,0,No hypertension,0
124604,59,40-59,5.9,Female,Non-Hispanic White,25.6,Overweight (25-29.9),5.12,114.66666666666667,67.33333333333333,0,0,No hypertension,0
124605,74,60-79,7.4,Female,Non-Hispanic White,27.7,Overweight (25-29.9),5.54,143.33333333333334,77,1,1,Hypertension,1
124608,44,40-59,4.4,Male,Other Hispanic,31.7,Obesity class 1 (30-34.9),6.34,139,86.33333333333333,1,1,Hypertension,1
124609,73,60-79,7.3,Female,Other Hispanic,34.2,Obesity class 1 (30-34.9),6.840000000000001,162.33333333333334,83.66666666666667,1,1,Hypertension,1
124612,47,40-59,4.7,Male,Mexican American,29.8,Overweight (25-29.9),5.96,116,73.66666666666667,0,0,No hypertension,0
124614,53,40-59,5.3,Female,Non-Hispanic Black,33,Obesity class 1 (30-34.9),6.6,118,71.33333333333333,0,0,No hypertension,0
124615,35,21-39,3.5,Male,Non-Hispanic Black,28,Overweight (25-29.9),5.6,139.66666666666666,88,1,1,Hypertension,1
124616,28,21-39,2.8,Male,Non-Hispanic Asian,35.4,Obesity class 2-3 (35+),7.08,115.66666666666667,74.66666666666667,0,0,No hypertension,0
124618,69,60-79,6.9,Male,Non-Hispanic Black,19.9,Healthy weight (18.5-24.9),3.9799999999999995,124,78.66666666666667,0,0,No hypertension,0
124619,32,21-39,3.2,Male,Other Hispanic,25.1,Overweight (25-29.9),5.0200000000000005,112.66666666666667,66.33333333333333,0,0,No hypertension,0
124620,62,60-79,6.2,Male,Non-Hispanic Black,21,Healthy weight (18.5-24.9),4.2,156.33333333333334,66.66666666666667,1,1,Hypertension,1
124621,46,40-59,4.6,Female,Non-Hispanic Asian,23.7,Healthy weight (18.5-24.9),4.74,110.33333333333333,66.33333333333333,0,0,No hypertension,0
124624,59,40-59,5.9,Female,Non-Hispanic White,20.8,Healthy weight (18.5-24.9),4.16,140.33333333333334,74,0,1,Hypertension,1
124631,28,21-39,2.8,Female,Non-Hispanic White,33.6,Obesity class 1 (30-34.9),6.720000000000001,102.33333333333333,73,0,0,No hypertension,0
124632,26,21-39,2.6,Male,Non-Hispanic White,26.4,Overweight (25-29.9),5.279999999999999,117.66666666666667,74.66666666666667,0,0,No hypertension,0
124637,27,21-39,2.7,Male,Mexican American,27.2,Overweight (25-29.9),5.4399999999999995,125,84,0,1,Hypertension,0
124638,49,40-59,4.9,Male,Non-Hispanic White,27.4,Overweight (25-29.9),5.4799999999999995,110.33333333333333,68.33333333333333,0,0,No hypertension,0
124642,55,40-59,5.5,Male,Non-Hispanic Black,27.4,Overweight (25-29.9),5.4799999999999995,107,66,0,0,No hypertension,0
124643,54,40-59,5.4,Female,Mexican American,24.1,Healthy weight (18.5-24.9),4.82,130,79,0,1,Hypertension,0
124653,51,40-59,5.1,Female,Other Hispanic,41.7,Obesity class 2-3 (35+),8.34,146.66666666666666,101.66666666666667,0,1,Hypertension,1
124655,21,21-39,2.1,Male,Other/Multiracial,26,Overweight (25-29.9),5.2,119.33333333333333,62.666666666666664,0,0,No hypertension,0
124657,57,40-59,5.7,Female,Non-Hispanic White,24.3,Healthy weight (18.5-24.9),4.86,124.66666666666667,82,1,1,Hypertension,1
124660,52,40-59,5.2,Female,Non-Hispanic Black,41,Obesity class 2-3 (35+),8.2,137.66666666666666,92.66666666666667,0,1,Hypertension,1
124661,64,60-79,6.4,Female,Non-Hispanic Black,31.3,Obesity class 1 (30-34.9),6.26,157.33333333333334,54.666666666666664,1,1,Hypertension,1
124662,63,60-79,6.3,Female,Mexican American,34.6,Obesity class 1 (30-34.9),6.92,174.66666666666666,79.66666666666667,1,1,Hypertension,1
124663,23,21-39,2.3,Female,Non-Hispanic Asian,22.9,Healthy weight (18.5-24.9),4.58,114.66666666666667,71.66666666666667,0,0,No hypertension,0
124665,65,60-79,6.5,Male,Non-Hispanic Black,33.7,Obesity class 1 (30-34.9),6.74,143.66666666666666,82.66666666666667,0,1,Hypertension,1
124667,41,40-59,4.1,Female,Non-Hispanic Asian,20.6,Healthy weight (18.5-24.9),4.12,80.33333333333333,55,0,0,No hypertension,0
124668,76,60-79,7.6,Female,Other Hispanic,23.6,Healthy weight (18.5-24.9),4.720000000000001,132,68.66666666666667,0,1,Hypertension,0
124671,67,60-79,6.7,Female,Non-Hispanic White,40.6,Obesity class 2-3 (35+),8.120000000000001,124,68.66666666666667,0,0,No hypertension,0
124676,45,40-59,4.5,Female,Mexican American,25.7,Overweight (25-29.9),5.14,116.66666666666667,68.66666666666667,0,0,No hypertension,0
124683,62,60-79,6.2,Male,Non-Hispanic Black,21,Healthy weight (18.5-24.9),4.2,135,85.33333333333333,0,1,Hypertension,0
124684,51,40-59,5.1,Female,Non-Hispanic White,28,Overweight (25-29.9),5.6,132.66666666666666,93.33333333333333,1,1,Hypertension,1
124685,50,40-59,5,Female,Other/Multiracial,35.1,Obesity class 2-3 (35+),7.0200000000000005,117.33333333333333,81.33333333333333,0,1,Hypertension,0
124686,29,21-39,2.9,Male,Non-Hispanic Black,30.2,Obesity class 1 (30-34.9),6.04,100.33333333333333,68.33333333333333,0,0,No hypertension,0
124688,37,21-39,3.7,Male,Mexican American,29.3,Overweight (25-29.9),5.86,106,66,0,0,No hypertension,0
124689,63,60-79,6.3,Male,Non-Hispanic White,26.2,Overweight (25-29.9),5.24,130,82.33333333333333,0,1,Hypertension,0
124690,28,21-39,2.8,Female,Non-Hispanic White,33.4,Obesity class 1 (30-34.9),6.68,112.66666666666667,83.66666666666667,0,1,Hypertension,0
124691,25,21-39,2.5,Female,Non-Hispanic White,38.5,Obesity class 2-3 (35+),7.7,104.66666666666667,64,0,0,No hypertension,0
124698,51,40-59,5.1,Female,Non-Hispanic White,28.6,Overweight (25-29.9),5.720000000000001,130,87.33333333333333,0,1,Hypertension,0
124701,33,21-39,3.3,Male,Mexican American,24.9,Healthy weight (18.5-24.9),4.9799999999999995,113,77.33333333333333,0,0,No hypertension,0
124702,31,21-39,3.1,Female,Non-Hispanic Black,30.2,Obesity class 1 (30-34.9),6.04,101,68,0,0,No hypertension,0
124704,65,60-79,6.5,Female,Other Hispanic,43.6,Obesity class 2-3 (35+),8.72,121,63,1,1,Hypertension,1
124710,22,21-39,2.2,Female,Non-Hispanic White,21.7,Healthy weight (18.5-24.9),4.34,110.33333333333333,74.66666666666667,0,0,No hypertension,0
124716,52,40-59,5.2,Male,Non-Hispanic White,34.4,Obesity class 1 (30-34.9),6.88,108.33333333333333,66.33333333333333,0,0,No hypertension,0
124717,51,40-59,5.1,Female,Other Hispanic,34.6,Obesity class 1 (30-34.9),6.92,133,60.333333333333336,0,1,Hypertension,0
124718,59,40-59,5.9,Female,Non-Hispanic Asian,28,Overweight (25-29.9),5.6,201,90.33333333333333,1,1,Hypertension,1
124720,45,40-59,4.5,Male,Non-Hispanic White,31.9,Obesity class 1 (30-34.9),6.38,134.66666666666666,73.66666666666667,0,1,Hypertension,0
124722,46,40-59,4.6,Male,Non-Hispanic White,36.5,Obesity class 2-3 (35+),7.3,120,80.33333333333333,0,1,Hypertension,0
124723,27,21-39,2.7,Male,Other Hispanic,22.4,Healthy weight (18.5-24.9),4.4799999999999995,116.33333333333333,58,0,0,No hypertension,0
124724,65,60-79,6.5,Male,Non-Hispanic Asian,30.4,Obesity class 1 (30-34.9),6.08,106,53.666666666666664,0,0,No hypertension,0
124726,63,60-79,6.3,Male,Other Hispanic,48.4,Obesity class 2-3 (35+),9.68,129,73,1,1,Hypertension,1
124728,63,60-79,6.3,Male,Mexican American,27.9,Overweight (25-29.9),5.58,130,62.333333333333336,0,1,Hypertension,0
124730,74,60-79,7.4,Male,Non-Hispanic White,31.1,Obesity class 1 (30-34.9),6.220000000000001,152,76,1,1,Hypertension,1
124731,33,21-39,3.3,Female,Non-Hispanic Asian,20.6,Healthy weight (18.5-24.9),4.12,85,55.666666666666664,0,0,No hypertension,0
124732,39,21-39,3.9,Male,Non-Hispanic Black,31.5,Obesity class 1 (30-34.9),6.3,128,82.33333333333333,0,1,Hypertension,0
124734,65,60-79,6.5,Female,Other/Multiracial,30.7,Obesity class 1 (30-34.9),6.14,124,80.33333333333333,1,1,Hypertension,1
124735,63,60-79,6.3,Male,Non-Hispanic White,25.3,Overweight (25-29.9),5.0600000000000005,106.66666666666667,66.33333333333333,0,0,No hypertension,0
124737,66,60-79,6.6,Male,Non-Hispanic Black,21.1,Healthy weight (18.5-24.9),4.220000000000001,117,79.66666666666667,1,1,Hypertension,1
124741,58,40-59,5.8,Male,Other/Multiracial,48.1,Obesity class 2-3 (35+),9.620000000000001,133,84,1,1,Hypertension,1
124742,56,40-59,5.6,Male,Non-Hispanic White,24.9,Healthy weight (18.5-24.9),4.9799999999999995,127.66666666666667,79,0,0,No hypertension,0
124743,54,40-59,5.4,Male,Non-Hispanic White,33.9,Obesity class 1 (30-34.9),6.779999999999999,145.33333333333334,95,1,1,Hypertension,1
124745,24,21-39,2.4,Male,Other/Multiracial,34.3,Obesity class 1 (30-34.9),6.859999999999999,131.33333333333334,76.66666666666667,0,1,Hypertension,0
124750,75,60-79,7.5,Female,Non-Hispanic White,27.6,Overweight (25-29.9),5.5200000000000005,123.66666666666667,63.666666666666664,0,0,No hypertension,0
124752,35,21-39,3.5,Female,Other/Multiracial,35.2,Obesity class 2-3 (35+),7.040000000000001,132,95,0,1,Hypertension,1
124755,78,60-79,7.8,Female,Non-Hispanic Black,23.9,Healthy weight (18.5-24.9),4.779999999999999,132,67.33333333333333,1,1,Hypertension,1
124757,43,40-59,4.3,Male,Non-Hispanic Asian,22.2,Healthy weight (18.5-24.9),4.4399999999999995,123.33333333333333,79,0,0,No hypertension,0
124761,50,40-59,5,Female,Non-Hispanic Asian,23,Healthy weight (18.5-24.9),4.6,125,84,0,1,Hypertension,0
124762,47,40-59,4.7,Male,Non-Hispanic White,23.8,Healthy weight (18.5-24.9),4.76,101.66666666666667,65.66666666666667,0,0,No hypertension,0
124769,28,21-39,2.8,Female,Non-Hispanic Asian,24.5,Healthy weight (18.5-24.9),4.9,86.33333333333333,59.666666666666664,0,0,No hypertension,0
124770,51,40-59,5.1,Male,Non-Hispanic White,45.1,Obesity class 2-3 (35+),9.02,124.33333333333333,72.66666666666667,1,1,Hypertension,1
124771,25,21-39,2.5,Female,Non-Hispanic White,22.3,Healthy weight (18.5-24.9),4.46,108.33333333333333,67,0,0,No hypertension,0
124772,56,40-59,5.6,Female,Non-Hispanic Black,36,Obesity class 2-3 (35+),7.2,111.33333333333333,73.33333333333333,0,0,No hypertension,0
124775,54,40-59,5.4,Female,Other Hispanic,25,Overweight (25-29.9),5,107.66666666666667,75.33333333333333,0,0,No hypertension,0
124777,48,40-59,4.8,Male,Non-Hispanic Asian,29,Overweight (25-29.9),5.8,128,81.66666666666667,0,1,Hypertension,0
124779,37,21-39,3.7,Female,Non-Hispanic Asian,28.4,Overweight (25-29.9),5.68,114.33333333333333,75.33333333333333,0,0,No hypertension,0
124780,36,21-39,3.6,Female,Non-Hispanic White,28.4,Overweight (25-29.9),5.68,101,62,0,0,No hypertension,0
124783,28,21-39,2.8,Female,Non-Hispanic Black,45.8,Obesity class 2-3 (35+),9.16,145.66666666666666,96,0,1,Hypertension,1
124785,67,60-79,6.7,Female,Mexican American,31.1,Obesity class 1 (30-34.9),6.220000000000001,119.66666666666667,69.33333333333333,0,0,No hypertension,0
124788,60,60-79,6,Male,Non-Hispanic Black,33.6,Obesity class 1 (30-34.9),6.720000000000001,104.33333333333333,65,1,1,Hypertension,1
124791,39,21-39,3.9,Male,Non-Hispanic Black,19.8,Healthy weight (18.5-24.9),3.96,132,84,0,1,Hypertension,0
124792,32,21-39,3.2,Male,Other Hispanic,21.8,Healthy weight (18.5-24.9),4.36,108,67.33333333333333,0,0,No hypertension,0
124793,35,21-39,3.5,Male,Mexican American,28.7,Overweight (25-29.9),5.74,118.33333333333333,74,0,0,No hypertension,0
124794,66,60-79,6.6,Male,Non-Hispanic Black,42.8,Obesity class 2-3 (35+),8.559999999999999,125.33333333333333,79.66666666666667,0,0,No hypertension,0
124796,61,60-79,6.1,Female,Non-Hispanic Black,35.6,Obesity class 2-3 (35+),7.12,131.66666666666666,77,1,1,Hypertension,1
124798,55,40-59,5.5,Male,Other Hispanic,26,Overweight (25-29.9),5.2,123.33333333333333,78.66666666666667,0,0,No hypertension,0
124802,46,40-59,4.6,Female,Non-Hispanic Asian,22,Healthy weight (18.5-24.9),4.4,142.66666666666666,89.66666666666667,1,1,Hypertension,1
124807,44,40-59,4.4,Male,Non-Hispanic Asian,25.9,Overweight (25-29.9),5.18,127.66666666666667,75.66666666666667,0,0,No hypertension,0
124809,23,21-39,2.3,Female,Mexican American,27.1,Overweight (25-29.9),5.42,94.66666666666667,56,0,0,No hypertension,0
124810,56,40-59,5.6,Female,Non-Hispanic Black,41.7,Obesity class 2-3 (35+),8.34,130.66666666666666,85,1,1,Hypertension,1
124811,76,60-79,7.6,Male,Non-Hispanic White,20.9,Healthy weight (18.5-24.9),4.18,115.33333333333333,66.33333333333333,0,0,No hypertension,0
124812,62,60-79,6.2,Female,Other Hispanic,28.7,Overweight (25-29.9),5.74,166,91,0,1,Hypertension,1
124813,43,40-59,4.3,Female,Non-Hispanic Black,27.7,Overweight (25-29.9),5.54,126,84.66666666666667,0,1,Hypertension,0
124814,64,60-79,6.4,Male,Non-Hispanic Black,37.5,Obesity class 2-3 (35+),7.5,138.66666666666666,86.66666666666667,0,1,Hypertension,0
124815,52,40-59,5.2,Male,Non-Hispanic Black,29.5,Overweight (25-29.9),5.9,140,86.66666666666667,0,1,Hypertension,1
124817,67,60-79,6.7,Female,Mexican American,37.9,Obesity class 2-3 (35+),7.58,112,67.33333333333333,0,0,No hypertension,0
124818,40,40-59,4,Male,Non-Hispanic Black,38.2,Obesity class 2-3 (35+),7.640000000000001,103,67.33333333333333,0,0,No hypertension,0
124821,63,60-79,6.3,Male,Non-Hispanic Black,25.5,Overweight (25-29.9),5.1,124,66.66666666666667,1,1,Hypertension,1
124822,74,60-79,7.4,Male,Other Hispanic,21.3,Healthy weight (18.5-24.9),4.26,122,56.333333333333336,0,0,No hypertension,0
